species,accession,is_focal,component,annotation_call,sequence_call,call,evidence,sequence_method
L. rhamnosus,GCF_000743075.1,False,perR,1,1.0,1.0,annotation_and_sequence_agree,curated_sequence_query
L. rhamnosus,GCF_000743075.1,False,ohrR,1,0.0,1.0,resolved_OhrR_sequence_and_context,reviewed_refs_competitive_blastp_context_v2
L. rhamnosus,GCF_000743075.1,False,catalase,0,0.0,0.0,annotation_and_sequence_agree,curated_sequence_query
L. rhamnosus,GCF_000743075.1,False,fur,0,,0.0,resolved_as_PerR,reviewed_refs_competitive_blastp_context_v2
L. rhamnosus,GCF_000743075.1,False,rex,1,1.0,1.0,resolved_positive_competitive_blastp,reviewed_refs_competitive_blastp_context_v2
L. rhamnosus,GCF_000743075.1,False,spx,1,1.0,1.0,resolved_positive_competitive_blastp,reviewed_refs_competitive_blastp_context_v2
L. rhamnosus,GCF_000743075.1,False,sod,0,0.0,0.0,annotation_and_sequence_agree,curated_sequence_query
L. rhamnosus,GCF_000743075.1,False,noxE,1,1.0,1.0,annotation_and_sequence_agree,curated_sequence_query
L. rhamnosus,GCF_000743075.1,False,gshA,0,,0.0,annotation_only,no_sequence_query
L. rhamnosus,GCF_000743075.1,False,gshB,0,,0.0,annotation_only,no_sequence_query
L. rhamnosus,GCF_000743075.1,False,gshF,0,,0.0,annotation_only,no_sequence_query
L. rhamnosus,GCF_000743075.1,False,trxA,1,,1.0,annotation_only,no_sequence_query
L. rhamnosus,GCF_000743075.1,False,trxB,1,,1.0,annotation_only,no_sequence_query
L. rhamnosus,GCF_000743075.1,False,recA,1,1.0,1.0,annotation_and_sequence_agree,curated_sequence_query
L. rhamnosus,GCF_000743075.1,False,uvrA,1,1.0,1.0,annotation_and_sequence_agree,curated_sequence_query
L. rhamnosus,GCF_000743075.1,False,uvrB,1,1.0,1.0,annotation_and_sequence_agree,curated_sequence_query
L. rhamnosus,GCF_000743075.1,False,uvrC,1,1.0,1.0,annotation_and_sequence_agree,curated_sequence_query
L. rhamnosus,GCF_000743075.1,False,mntH,1,,1.0,annotation_only,no_sequence_query
L. rhamnosus,GCF_000743075.1,False,mntA,1,,1.0,annotation_only,no_sequence_query
L. rhamnosus,GCF_000743075.1,False,mntB,1,,1.0,annotation_only,no_sequence_query
L. rhamnosus,GCF_000743075.1,False,mntC,1,,1.0,annotation_only,no_sequence_query
L. rhamnosus,GCF_000743075.1,False,mutS,1,,1.0,annotation_only,no_sequence_query
L. rhamnosus,GCF_000743075.1,False,mutL,1,,1.0,annotation_only,no_sequence_query
L. rhamnosus,GCF_000743075.1,False,mutM,1,,1.0,annotation_only,no_sequence_query
L. rhamnosus,GCF_000743075.1,False,nth,1,,1.0,annotation_only,no_sequence_query
L. rhamnosus,GCF_000801045.1,False,perR,1,1.0,1.0,annotation_and_sequence_agree,curated_sequence_query
L. rhamnosus,GCF_000801045.1,False,ohrR,1,0.0,1.0,resolved_OhrR_sequence_and_context,reviewed_refs_competitive_blastp_context_v2
L. rhamnosus,GCF_000801045.1,False,catalase,0,0.0,0.0,annotation_and_sequence_agree,curated_sequence_query
L. rhamnosus,GCF_000801045.1,False,fur,0,,0.0,resolved_as_PerR,reviewed_refs_competitive_blastp_context_v2
L. rhamnosus,GCF_000801045.1,False,rex,1,1.0,1.0,resolved_positive_competitive_blastp,reviewed_refs_competitive_blastp_context_v2
L. rhamnosus,GCF_000801045.1,False,spx,1,1.0,1.0,resolved_positive_competitive_blastp,reviewed_refs_competitive_blastp_context_v2
L. rhamnosus,GCF_000801045.1,False,sod,0,0.0,0.0,annotation_and_sequence_agree,curated_sequence_query
L. rhamnosus,GCF_000801045.1,False,noxE,1,1.0,1.0,annotation_and_sequence_agree,curated_sequence_query
L. rhamnosus,GCF_000801045.1,False,gshA,0,,0.0,annotation_only,no_sequence_query
L. rhamnosus,GCF_000801045.1,False,gshB,0,,0.0,annotation_only,no_sequence_query
L. rhamnosus,GCF_000801045.1,False,gshF,0,,0.0,annotation_only,no_sequence_query
L. rhamnosus,GCF_000801045.1,False,trxA,1,,1.0,annotation_only,no_sequence_query
L. rhamnosus,GCF_000801045.1,False,trxB,1,,1.0,annotation_only,no_sequence_query
L. rhamnosus,GCF_000801045.1,False,recA,1,1.0,1.0,annotation_and_sequence_agree,curated_sequence_query
L. rhamnosus,GCF_000801045.1,False,uvrA,1,1.0,1.0,annotation_and_sequence_agree,curated_sequence_query
L. rhamnosus,GCF_000801045.1,False,uvrB,1,1.0,1.0,annotation_and_sequence_agree,curated_sequence_query
L. rhamnosus,GCF_000801045.1,False,uvrC,1,1.0,1.0,annotation_and_sequence_agree,curated_sequence_query
L. rhamnosus,GCF_000801045.1,False,mntH,1,,1.0,annotation_only,no_sequence_query
L. rhamnosus,GCF_000801045.1,False,mntA,1,,1.0,annotation_only,no_sequence_query
L. rhamnosus,GCF_000801045.1,False,mntB,1,,1.0,annotation_only,no_sequence_query
L. rhamnosus,GCF_000801045.1,False,mntC,1,,1.0,annotation_only,no_sequence_query
L. rhamnosus,GCF_000801045.1,False,mutS,1,,1.0,annotation_only,no_sequence_query
L. rhamnosus,GCF_000801045.1,False,mutL,1,,1.0,annotation_only,no_sequence_query
L. rhamnosus,GCF_000801045.1,False,mutM,1,,1.0,annotation_only,no_sequence_query
L. rhamnosus,GCF_000801045.1,False,nth,1,,1.0,annotation_only,no_sequence_query
L. rhamnosus,GCF_000814485.1,False,perR,1,1.0,1.0,annotation_and_sequence_agree,curated_sequence_query
L. rhamnosus,GCF_000814485.1,False,ohrR,1,0.0,1.0,resolved_OhrR_sequence_and_context,reviewed_refs_competitive_blastp_context_v2
L. rhamnosus,GCF_000814485.1,False,catalase,0,0.0,0.0,annotation_and_sequence_agree,curated_sequence_query
L. rhamnosus,GCF_000814485.1,False,fur,0,,0.0,resolved_as_PerR,reviewed_refs_competitive_blastp_context_v2
L. rhamnosus,GCF_000814485.1,False,rex,1,1.0,1.0,resolved_positive_competitive_blastp,reviewed_refs_competitive_blastp_context_v2
L. rhamnosus,GCF_000814485.1,False,spx,1,1.0,1.0,resolved_positive_competitive_blastp,reviewed_refs_competitive_blastp_context_v2
L. rhamnosus,GCF_000814485.1,False,sod,0,0.0,0.0,annotation_and_sequence_agree,curated_sequence_query
L. rhamnosus,GCF_000814485.1,False,noxE,1,1.0,1.0,annotation_and_sequence_agree,curated_sequence_query
L. rhamnosus,GCF_000814485.1,False,gshA,0,,0.0,annotation_only,no_sequence_query
L. rhamnosus,GCF_000814485.1,False,gshB,0,,0.0,annotation_only,no_sequence_query
L. rhamnosus,GCF_000814485.1,False,gshF,0,,0.0,annotation_only,no_sequence_query
L. rhamnosus,GCF_000814485.1,False,trxA,1,,1.0,annotation_only,no_sequence_query
L. rhamnosus,GCF_000814485.1,False,trxB,1,,1.0,annotation_only,no_sequence_query
L. rhamnosus,GCF_000814485.1,False,recA,1,1.0,1.0,annotation_and_sequence_agree,curated_sequence_query
L. rhamnosus,GCF_000814485.1,False,uvrA,1,1.0,1.0,annotation_and_sequence_agree,curated_sequence_query
L. rhamnosus,GCF_000814485.1,False,uvrB,1,1.0,1.0,annotation_and_sequence_agree,curated_sequence_query
L. rhamnosus,GCF_000814485.1,False,uvrC,1,1.0,1.0,annotation_and_sequence_agree,curated_sequence_query
L. rhamnosus,GCF_000814485.1,False,mntH,1,,1.0,annotation_only,no_sequence_query
L. rhamnosus,GCF_000814485.1,False,mntA,1,,1.0,annotation_only,no_sequence_query
L. rhamnosus,GCF_000814485.1,False,mntB,1,,1.0,annotation_only,no_sequence_query
L. rhamnosus,GCF_000814485.1,False,mntC,1,,1.0,annotation_only,no_sequence_query
L. rhamnosus,GCF_000814485.1,False,mutS,1,,1.0,annotation_only,no_sequence_query
L. rhamnosus,GCF_000814485.1,False,mutL,1,,1.0,annotation_only,no_sequence_query
L. rhamnosus,GCF_000814485.1,False,mutM,1,,1.0,annotation_only,no_sequence_query
L. rhamnosus,GCF_000814485.1,False,nth,1,,1.0,annotation_only,no_sequence_query
L. rhamnosus,GCF_000932035.1,False,perR,1,1.0,1.0,annotation_and_sequence_agree,curated_sequence_query
L. rhamnosus,GCF_000932035.1,False,ohrR,1,0.0,1.0,resolved_OhrR_sequence_and_context,reviewed_refs_competitive_blastp_context_v2
L. rhamnosus,GCF_000932035.1,False,catalase,0,0.0,0.0,annotation_and_sequence_agree,curated_sequence_query
L. rhamnosus,GCF_000932035.1,False,fur,0,,0.0,resolved_as_PerR,reviewed_refs_competitive_blastp_context_v2
L. rhamnosus,GCF_000932035.1,False,rex,1,1.0,1.0,resolved_positive_competitive_blastp,reviewed_refs_competitive_blastp_context_v2
L. rhamnosus,GCF_000932035.1,False,spx,1,1.0,1.0,resolved_positive_competitive_blastp,reviewed_refs_competitive_blastp_context_v2
L. rhamnosus,GCF_000932035.1,False,sod,0,0.0,0.0,annotation_and_sequence_agree,curated_sequence_query
L. rhamnosus,GCF_000932035.1,False,noxE,1,1.0,1.0,annotation_and_sequence_agree,curated_sequence_query
L. rhamnosus,GCF_000932035.1,False,gshA,0,,0.0,annotation_only,no_sequence_query
L. rhamnosus,GCF_000932035.1,False,gshB,0,,0.0,annotation_only,no_sequence_query
L. rhamnosus,GCF_000932035.1,False,gshF,0,,0.0,annotation_only,no_sequence_query
L. rhamnosus,GCF_000932035.1,False,trxA,1,,1.0,annotation_only,no_sequence_query
L. rhamnosus,GCF_000932035.1,False,trxB,1,,1.0,annotation_only,no_sequence_query
L. rhamnosus,GCF_000932035.1,False,recA,1,1.0,1.0,annotation_and_sequence_agree,curated_sequence_query
L. rhamnosus,GCF_000932035.1,False,uvrA,1,1.0,1.0,annotation_and_sequence_agree,curated_sequence_query
L. rhamnosus,GCF_000932035.1,False,uvrB,1,1.0,1.0,annotation_and_sequence_agree,curated_sequence_query
L. rhamnosus,GCF_000932035.1,False,uvrC,1,1.0,1.0,annotation_and_sequence_agree,curated_sequence_query
L. rhamnosus,GCF_000932035.1,False,mntH,1,,1.0,annotation_only,no_sequence_query
L. rhamnosus,GCF_000932035.1,False,mntA,1,,1.0,annotation_only,no_sequence_query
L. rhamnosus,GCF_000932035.1,False,mntB,1,,1.0,annotation_only,no_sequence_query
L. rhamnosus,GCF_000932035.1,False,mntC,1,,1.0,annotation_only,no_sequence_query
L. rhamnosus,GCF_000932035.1,False,mutS,1,,1.0,annotation_only,no_sequence_query
L. rhamnosus,GCF_000932035.1,False,mutL,1,,1.0,annotation_only,no_sequence_query
L. rhamnosus,GCF_000932035.1,False,mutM,1,,1.0,annotation_only,no_sequence_query
L. rhamnosus,GCF_000932035.1,False,nth,1,,1.0,annotation_only,no_sequence_query
L. rhamnosus,GCF_001005625.1,False,perR,1,1.0,1.0,annotation_and_sequence_agree,curated_sequence_query
L. rhamnosus,GCF_001005625.1,False,ohrR,1,0.0,1.0,resolved_OhrR_sequence_and_context,reviewed_refs_competitive_blastp_context_v2
L. rhamnosus,GCF_001005625.1,False,catalase,0,0.0,0.0,annotation_and_sequence_agree,curated_sequence_query
L. rhamnosus,GCF_001005625.1,False,fur,0,,0.0,resolved_as_PerR,reviewed_refs_competitive_blastp_context_v2
L. rhamnosus,GCF_001005625.1,False,rex,1,1.0,1.0,resolved_positive_competitive_blastp,reviewed_refs_competitive_blastp_context_v2
L. rhamnosus,GCF_001005625.1,False,spx,1,1.0,1.0,resolved_positive_competitive_blastp,reviewed_refs_competitive_blastp_context_v2
L. rhamnosus,GCF_001005625.1,False,sod,0,0.0,0.0,annotation_and_sequence_agree,curated_sequence_query
L. rhamnosus,GCF_001005625.1,False,noxE,1,1.0,1.0,annotation_and_sequence_agree,curated_sequence_query
L. rhamnosus,GCF_001005625.1,False,gshA,0,,0.0,annotation_only,no_sequence_query
L. rhamnosus,GCF_001005625.1,False,gshB,0,,0.0,annotation_only,no_sequence_query
L. rhamnosus,GCF_001005625.1,False,gshF,0,,0.0,annotation_only,no_sequence_query
L. rhamnosus,GCF_001005625.1,False,trxA,1,,1.0,annotation_only,no_sequence_query
L. rhamnosus,GCF_001005625.1,False,trxB,1,,1.0,annotation_only,no_sequence_query
L. rhamnosus,GCF_001005625.1,False,recA,1,1.0,1.0,annotation_and_sequence_agree,curated_sequence_query
L. rhamnosus,GCF_001005625.1,False,uvrA,1,1.0,1.0,annotation_and_sequence_agree,curated_sequence_query
L. rhamnosus,GCF_001005625.1,False,uvrB,1,1.0,1.0,annotation_and_sequence_agree,curated_sequence_query
L. rhamnosus,GCF_001005625.1,False,uvrC,1,1.0,1.0,annotation_and_sequence_agree,curated_sequence_query
L. rhamnosus,GCF_001005625.1,False,mntH,1,,1.0,annotation_only,no_sequence_query
L. rhamnosus,GCF_001005625.1,False,mntA,1,,1.0,annotation_only,no_sequence_query
L. rhamnosus,GCF_001005625.1,False,mntB,1,,1.0,annotation_only,no_sequence_query
L. rhamnosus,GCF_001005625.1,False,mntC,1,,1.0,annotation_only,no_sequence_query
L. rhamnosus,GCF_001005625.1,False,mutS,1,,1.0,annotation_only,no_sequence_query
L. rhamnosus,GCF_001005625.1,False,mutL,1,,1.0,annotation_only,no_sequence_query
L. rhamnosus,GCF_001005625.1,False,mutM,1,,1.0,annotation_only,no_sequence_query
L. rhamnosus,GCF_001005625.1,False,nth,1,,1.0,annotation_only,no_sequence_query
L. rhamnosus,GCF_001044025.1,False,perR,1,1.0,1.0,annotation_and_sequence_agree,curated_sequence_query
L. rhamnosus,GCF_001044025.1,False,ohrR,1,0.0,1.0,resolved_OhrR_sequence_and_context,reviewed_refs_competitive_blastp_context_v2
L. rhamnosus,GCF_001044025.1,False,catalase,0,0.0,0.0,annotation_and_sequence_agree,curated_sequence_query
L. rhamnosus,GCF_001044025.1,False,fur,0,,0.0,resolved_as_PerR,reviewed_refs_competitive_blastp_context_v2
L. rhamnosus,GCF_001044025.1,False,rex,1,1.0,1.0,resolved_positive_competitive_blastp,reviewed_refs_competitive_blastp_context_v2
L. rhamnosus,GCF_001044025.1,False,spx,1,1.0,1.0,resolved_positive_competitive_blastp,reviewed_refs_competitive_blastp_context_v2
L. rhamnosus,GCF_001044025.1,False,sod,0,0.0,0.0,annotation_and_sequence_agree,curated_sequence_query
L. rhamnosus,GCF_001044025.1,False,noxE,1,1.0,1.0,annotation_and_sequence_agree,curated_sequence_query
L. rhamnosus,GCF_001044025.1,False,gshA,0,,0.0,annotation_only,no_sequence_query
L. rhamnosus,GCF_001044025.1,False,gshB,0,,0.0,annotation_only,no_sequence_query
L. rhamnosus,GCF_001044025.1,False,gshF,0,,0.0,annotation_only,no_sequence_query
L. rhamnosus,GCF_001044025.1,False,trxA,1,,1.0,annotation_only,no_sequence_query
L. rhamnosus,GCF_001044025.1,False,trxB,1,,1.0,annotation_only,no_sequence_query
L. rhamnosus,GCF_001044025.1,False,recA,1,1.0,1.0,annotation_and_sequence_agree,curated_sequence_query
L. rhamnosus,GCF_001044025.1,False,uvrA,1,1.0,1.0,annotation_and_sequence_agree,curated_sequence_query
L. rhamnosus,GCF_001044025.1,False,uvrB,1,1.0,1.0,annotation_and_sequence_agree,curated_sequence_query
L. rhamnosus,GCF_001044025.1,False,uvrC,1,1.0,1.0,annotation_and_sequence_agree,curated_sequence_query
L. rhamnosus,GCF_001044025.1,False,mntH,1,,1.0,annotation_only,no_sequence_query
L. rhamnosus,GCF_001044025.1,False,mntA,1,,1.0,annotation_only,no_sequence_query
L. rhamnosus,GCF_001044025.1,False,mntB,1,,1.0,annotation_only,no_sequence_query
L. rhamnosus,GCF_001044025.1,False,mntC,1,,1.0,annotation_only,no_sequence_query
L. rhamnosus,GCF_001044025.1,False,mutS,1,,1.0,annotation_only,no_sequence_query
L. rhamnosus,GCF_001044025.1,False,mutL,1,,1.0,annotation_only,no_sequence_query
L. rhamnosus,GCF_001044025.1,False,mutM,1,,1.0,annotation_only,no_sequence_query
L. rhamnosus,GCF_001044025.1,False,nth,1,,1.0,annotation_only,no_sequence_query
L. rhamnosus,GCF_001044415.1,False,perR,1,1.0,1.0,annotation_and_sequence_agree,curated_sequence_query
L. rhamnosus,GCF_001044415.1,False,ohrR,1,0.0,1.0,resolved_OhrR_sequence_and_context,reviewed_refs_competitive_blastp_context_v2
L. rhamnosus,GCF_001044415.1,False,catalase,0,0.0,0.0,annotation_and_sequence_agree,curated_sequence_query
L. rhamnosus,GCF_001044415.1,False,fur,0,,0.0,resolved_as_PerR,reviewed_refs_competitive_blastp_context_v2
L. rhamnosus,GCF_001044415.1,False,rex,1,1.0,1.0,resolved_positive_competitive_blastp,reviewed_refs_competitive_blastp_context_v2
L. rhamnosus,GCF_001044415.1,False,spx,1,1.0,1.0,resolved_positive_competitive_blastp,reviewed_refs_competitive_blastp_context_v2
L. rhamnosus,GCF_001044415.1,False,sod,0,0.0,0.0,annotation_and_sequence_agree,curated_sequence_query
L. rhamnosus,GCF_001044415.1,False,noxE,1,1.0,1.0,annotation_and_sequence_agree,curated_sequence_query
L. rhamnosus,GCF_001044415.1,False,gshA,0,,0.0,annotation_only,no_sequence_query
L. rhamnosus,GCF_001044415.1,False,gshB,0,,0.0,annotation_only,no_sequence_query
L. rhamnosus,GCF_001044415.1,False,gshF,0,,0.0,annotation_only,no_sequence_query
L. rhamnosus,GCF_001044415.1,False,trxA,1,,1.0,annotation_only,no_sequence_query
L. rhamnosus,GCF_001044415.1,False,trxB,1,,1.0,annotation_only,no_sequence_query
L. rhamnosus,GCF_001044415.1,False,recA,1,1.0,1.0,annotation_and_sequence_agree,curated_sequence_query
L. rhamnosus,GCF_001044415.1,False,uvrA,1,1.0,1.0,annotation_and_sequence_agree,curated_sequence_query
L. rhamnosus,GCF_001044415.1,False,uvrB,1,1.0,1.0,annotation_and_sequence_agree,curated_sequence_query
L. rhamnosus,GCF_001044415.1,False,uvrC,1,0.0,,unresolved_annotation_sequence_discordance,curated_sequence_query
L. rhamnosus,GCF_001044415.1,False,mntH,1,,1.0,annotation_only,no_sequence_query
L. rhamnosus,GCF_001044415.1,False,mntA,1,,1.0,annotation_only,no_sequence_query
L. rhamnosus,GCF_001044415.1,False,mntB,1,,1.0,annotation_only,no_sequence_query
L. rhamnosus,GCF_001044415.1,False,mntC,1,,1.0,annotation_only,no_sequence_query
L. rhamnosus,GCF_001044415.1,False,mutS,1,,1.0,annotation_only,no_sequence_query
L. rhamnosus,GCF_001044415.1,False,mutL,1,,1.0,annotation_only,no_sequence_query
L. rhamnosus,GCF_001044415.1,False,mutM,1,,1.0,annotation_only,no_sequence_query
L. rhamnosus,GCF_001044415.1,False,nth,1,,1.0,annotation_only,no_sequence_query
L. rhamnosus,GCF_001062885.1,False,perR,1,1.0,1.0,annotation_and_sequence_agree,curated_sequence_query
L. rhamnosus,GCF_001062885.1,False,ohrR,1,0.0,1.0,resolved_OhrR_sequence_and_context,reviewed_refs_competitive_blastp_context_v2
L. rhamnosus,GCF_001062885.1,False,catalase,0,0.0,0.0,annotation_and_sequence_agree,curated_sequence_query
L. rhamnosus,GCF_001062885.1,False,fur,0,,0.0,resolved_as_PerR,reviewed_refs_competitive_blastp_context_v2
L. rhamnosus,GCF_001062885.1,False,rex,1,1.0,1.0,resolved_positive_competitive_blastp,reviewed_refs_competitive_blastp_context_v2
L. rhamnosus,GCF_001062885.1,False,spx,1,1.0,1.0,resolved_positive_competitive_blastp,reviewed_refs_competitive_blastp_context_v2
L. rhamnosus,GCF_001062885.1,False,sod,0,0.0,0.0,annotation_and_sequence_agree,curated_sequence_query
L. rhamnosus,GCF_001062885.1,False,noxE,1,1.0,1.0,annotation_and_sequence_agree,curated_sequence_query
L. rhamnosus,GCF_001062885.1,False,gshA,0,,0.0,annotation_only,no_sequence_query
L. rhamnosus,GCF_001062885.1,False,gshB,0,,0.0,annotation_only,no_sequence_query
L. rhamnosus,GCF_001062885.1,False,gshF,0,,0.0,annotation_only,no_sequence_query
L. rhamnosus,GCF_001062885.1,False,trxA,1,,1.0,annotation_only,no_sequence_query
L. rhamnosus,GCF_001062885.1,False,trxB,1,,1.0,annotation_only,no_sequence_query
L. rhamnosus,GCF_001062885.1,False,recA,1,1.0,1.0,annotation_and_sequence_agree,curated_sequence_query
L. rhamnosus,GCF_001062885.1,False,uvrA,1,1.0,1.0,annotation_and_sequence_agree,curated_sequence_query
L. rhamnosus,GCF_001062885.1,False,uvrB,1,1.0,1.0,annotation_and_sequence_agree,curated_sequence_query
L. rhamnosus,GCF_001062885.1,False,uvrC,1,1.0,1.0,annotation_and_sequence_agree,curated_sequence_query
L. rhamnosus,GCF_001062885.1,False,mntH,1,,1.0,annotation_only,no_sequence_query
L. rhamnosus,GCF_001062885.1,False,mntA,1,,1.0,annotation_only,no_sequence_query
L. rhamnosus,GCF_001062885.1,False,mntB,1,,1.0,annotation_only,no_sequence_query
L. rhamnosus,GCF_001062885.1,False,mntC,1,,1.0,annotation_only,no_sequence_query
L. rhamnosus,GCF_001062885.1,False,mutS,1,,1.0,annotation_only,no_sequence_query
L. rhamnosus,GCF_001062885.1,False,mutL,1,,1.0,annotation_only,no_sequence_query
L. rhamnosus,GCF_001062885.1,False,mutM,1,,1.0,annotation_only,no_sequence_query
L. rhamnosus,GCF_001062885.1,False,nth,1,,1.0,annotation_only,no_sequence_query
L. rhamnosus,GCF_001062955.1,False,perR,1,1.0,1.0,annotation_and_sequence_agree,curated_sequence_query
L. rhamnosus,GCF_001062955.1,False,ohrR,1,0.0,1.0,resolved_OhrR_sequence_and_context,reviewed_refs_competitive_blastp_context_v2
L. rhamnosus,GCF_001062955.1,False,catalase,0,0.0,0.0,annotation_and_sequence_agree,curated_sequence_query
L. rhamnosus,GCF_001062955.1,False,fur,0,,0.0,resolved_as_PerR,reviewed_refs_competitive_blastp_context_v2
L. rhamnosus,GCF_001062955.1,False,rex,1,1.0,1.0,resolved_positive_competitive_blastp,reviewed_refs_competitive_blastp_context_v2
L. rhamnosus,GCF_001062955.1,False,spx,1,1.0,1.0,resolved_positive_competitive_blastp,reviewed_refs_competitive_blastp_context_v2
L. rhamnosus,GCF_001062955.1,False,sod,0,0.0,0.0,annotation_and_sequence_agree,curated_sequence_query
L. rhamnosus,GCF_001062955.1,False,noxE,1,1.0,1.0,annotation_and_sequence_agree,curated_sequence_query
L. rhamnosus,GCF_001062955.1,False,gshA,0,,0.0,annotation_only,no_sequence_query
L. rhamnosus,GCF_001062955.1,False,gshB,0,,0.0,annotation_only,no_sequence_query
L. rhamnosus,GCF_001062955.1,False,gshF,0,,0.0,annotation_only,no_sequence_query
L. rhamnosus,GCF_001062955.1,False,trxA,1,,1.0,annotation_only,no_sequence_query
L. rhamnosus,GCF_001062955.1,False,trxB,1,,1.0,annotation_only,no_sequence_query
L. rhamnosus,GCF_001062955.1,False,recA,1,1.0,1.0,annotation_and_sequence_agree,curated_sequence_query
L. rhamnosus,GCF_001062955.1,False,uvrA,1,1.0,1.0,annotation_and_sequence_agree,curated_sequence_query
L. rhamnosus,GCF_001062955.1,False,uvrB,1,1.0,1.0,annotation_and_sequence_agree,curated_sequence_query
L. rhamnosus,GCF_001062955.1,False,uvrC,1,1.0,1.0,annotation_and_sequence_agree,curated_sequence_query
L. rhamnosus,GCF_001062955.1,False,mntH,1,,1.0,annotation_only,no_sequence_query
L. rhamnosus,GCF_001062955.1,False,mntA,1,,1.0,annotation_only,no_sequence_query
L. rhamnosus,GCF_001062955.1,False,mntB,1,,1.0,annotation_only,no_sequence_query
L. rhamnosus,GCF_001062955.1,False,mntC,1,,1.0,annotation_only,no_sequence_query
L. rhamnosus,GCF_001062955.1,False,mutS,1,,1.0,annotation_only,no_sequence_query
L. rhamnosus,GCF_001062955.1,False,mutL,1,,1.0,annotation_only,no_sequence_query
L. rhamnosus,GCF_001062955.1,False,mutM,1,,1.0,annotation_only,no_sequence_query
L. rhamnosus,GCF_001062955.1,False,nth,1,,1.0,annotation_only,no_sequence_query
L. rhamnosus,GCF_001063655.1,False,perR,1,1.0,1.0,annotation_and_sequence_agree,curated_sequence_query
L. rhamnosus,GCF_001063655.1,False,ohrR,1,0.0,1.0,resolved_OhrR_sequence_and_context,reviewed_refs_competitive_blastp_context_v2
L. rhamnosus,GCF_001063655.1,False,catalase,0,0.0,0.0,annotation_and_sequence_agree,curated_sequence_query
L. rhamnosus,GCF_001063655.1,False,fur,0,,0.0,resolved_as_PerR,reviewed_refs_competitive_blastp_context_v2
L. rhamnosus,GCF_001063655.1,False,rex,1,1.0,1.0,resolved_positive_competitive_blastp,reviewed_refs_competitive_blastp_context_v2
L. rhamnosus,GCF_001063655.1,False,spx,1,1.0,1.0,resolved_positive_competitive_blastp,reviewed_refs_competitive_blastp_context_v2
L. rhamnosus,GCF_001063655.1,False,sod,0,0.0,0.0,annotation_and_sequence_agree,curated_sequence_query
L. rhamnosus,GCF_001063655.1,False,noxE,1,1.0,1.0,annotation_and_sequence_agree,curated_sequence_query
L. rhamnosus,GCF_001063655.1,False,gshA,0,,0.0,annotation_only,no_sequence_query
L. rhamnosus,GCF_001063655.1,False,gshB,0,,0.0,annotation_only,no_sequence_query
L. rhamnosus,GCF_001063655.1,False,gshF,0,,0.0,annotation_only,no_sequence_query
L. rhamnosus,GCF_001063655.1,False,trxA,1,,1.0,annotation_only,no_sequence_query
L. rhamnosus,GCF_001063655.1,False,trxB,1,,1.0,annotation_only,no_sequence_query
L. rhamnosus,GCF_001063655.1,False,recA,1,1.0,1.0,annotation_and_sequence_agree,curated_sequence_query
L. rhamnosus,GCF_001063655.1,False,uvrA,1,1.0,1.0,annotation_and_sequence_agree,curated_sequence_query
L. rhamnosus,GCF_001063655.1,False,uvrB,1,1.0,1.0,annotation_and_sequence_agree,curated_sequence_query
L. rhamnosus,GCF_001063655.1,False,uvrC,1,1.0,1.0,annotation_and_sequence_agree,curated_sequence_query
L. rhamnosus,GCF_001063655.1,False,mntH,1,,1.0,annotation_only,no_sequence_query
L. rhamnosus,GCF_001063655.1,False,mntA,1,,1.0,annotation_only,no_sequence_query
L. rhamnosus,GCF_001063655.1,False,mntB,1,,1.0,annotation_only,no_sequence_query
L. rhamnosus,GCF_001063655.1,False,mntC,1,,1.0,annotation_only,no_sequence_query
L. rhamnosus,GCF_001063655.1,False,mutS,1,,1.0,annotation_only,no_sequence_query
L. rhamnosus,GCF_001063655.1,False,mutL,1,,1.0,annotation_only,no_sequence_query
L. rhamnosus,GCF_001063655.1,False,mutM,1,,1.0,annotation_only,no_sequence_query
L. rhamnosus,GCF_001063655.1,False,nth,1,,1.0,annotation_only,no_sequence_query
L. rhamnosus,GCF_001064515.1,False,perR,1,1.0,1.0,annotation_and_sequence_agree,curated_sequence_query
L. rhamnosus,GCF_001064515.1,False,ohrR,1,0.0,1.0,resolved_OhrR_sequence_and_context,reviewed_refs_competitive_blastp_context_v2
L. rhamnosus,GCF_001064515.1,False,catalase,0,0.0,0.0,annotation_and_sequence_agree,curated_sequence_query
L. rhamnosus,GCF_001064515.1,False,fur,0,,0.0,resolved_as_PerR,reviewed_refs_competitive_blastp_context_v2
L. rhamnosus,GCF_001064515.1,False,rex,1,1.0,1.0,resolved_positive_competitive_blastp,reviewed_refs_competitive_blastp_context_v2
L. rhamnosus,GCF_001064515.1,False,spx,1,1.0,1.0,resolved_positive_competitive_blastp,reviewed_refs_competitive_blastp_context_v2
L. rhamnosus,GCF_001064515.1,False,sod,0,0.0,0.0,annotation_and_sequence_agree,curated_sequence_query
L. rhamnosus,GCF_001064515.1,False,noxE,1,1.0,1.0,annotation_and_sequence_agree,curated_sequence_query
L. rhamnosus,GCF_001064515.1,False,gshA,0,,0.0,annotation_only,no_sequence_query
L. rhamnosus,GCF_001064515.1,False,gshB,0,,0.0,annotation_only,no_sequence_query
L. rhamnosus,GCF_001064515.1,False,gshF,0,,0.0,annotation_only,no_sequence_query
L. rhamnosus,GCF_001064515.1,False,trxA,1,,1.0,annotation_only,no_sequence_query
L. rhamnosus,GCF_001064515.1,False,trxB,1,,1.0,annotation_only,no_sequence_query
L. rhamnosus,GCF_001064515.1,False,recA,1,1.0,1.0,annotation_and_sequence_agree,curated_sequence_query
L. rhamnosus,GCF_001064515.1,False,uvrA,1,1.0,1.0,annotation_and_sequence_agree,curated_sequence_query
L. rhamnosus,GCF_001064515.1,False,uvrB,1,1.0,1.0,annotation_and_sequence_agree,curated_sequence_query
L. rhamnosus,GCF_001064515.1,False,uvrC,1,1.0,1.0,annotation_and_sequence_agree,curated_sequence_query
L. rhamnosus,GCF_001064515.1,False,mntH,1,,1.0,annotation_only,no_sequence_query
L. rhamnosus,GCF_001064515.1,False,mntA,1,,1.0,annotation_only,no_sequence_query
L. rhamnosus,GCF_001064515.1,False,mntB,1,,1.0,annotation_only,no_sequence_query
L. rhamnosus,GCF_001064515.1,False,mntC,1,,1.0,annotation_only,no_sequence_query
L. rhamnosus,GCF_001064515.1,False,mutS,1,,1.0,annotation_only,no_sequence_query
L. rhamnosus,GCF_001064515.1,False,mutL,1,,1.0,annotation_only,no_sequence_query
L. rhamnosus,GCF_001064515.1,False,mutM,1,,1.0,annotation_only,no_sequence_query
L. rhamnosus,GCF_001064515.1,False,nth,1,,1.0,annotation_only,no_sequence_query
L. rhamnosus,GCF_001064785.1,False,perR,1,1.0,1.0,annotation_and_sequence_agree,curated_sequence_query
L. rhamnosus,GCF_001064785.1,False,ohrR,1,0.0,1.0,resolved_OhrR_sequence_and_context,reviewed_refs_competitive_blastp_context_v2
L. rhamnosus,GCF_001064785.1,False,catalase,0,0.0,0.0,annotation_and_sequence_agree,curated_sequence_query
L. rhamnosus,GCF_001064785.1,False,fur,0,,0.0,resolved_as_PerR,reviewed_refs_competitive_blastp_context_v2
L. rhamnosus,GCF_001064785.1,False,rex,1,1.0,1.0,resolved_positive_competitive_blastp,reviewed_refs_competitive_blastp_context_v2
L. rhamnosus,GCF_001064785.1,False,spx,1,1.0,1.0,resolved_positive_competitive_blastp,reviewed_refs_competitive_blastp_context_v2
L. rhamnosus,GCF_001064785.1,False,sod,0,0.0,0.0,annotation_and_sequence_agree,curated_sequence_query
L. rhamnosus,GCF_001064785.1,False,noxE,1,1.0,1.0,annotation_and_sequence_agree,curated_sequence_query
L. rhamnosus,GCF_001064785.1,False,gshA,0,,0.0,annotation_only,no_sequence_query
L. rhamnosus,GCF_001064785.1,False,gshB,0,,0.0,annotation_only,no_sequence_query
L. rhamnosus,GCF_001064785.1,False,gshF,0,,0.0,annotation_only,no_sequence_query
L. rhamnosus,GCF_001064785.1,False,trxA,1,,1.0,annotation_only,no_sequence_query
L. rhamnosus,GCF_001064785.1,False,trxB,1,,1.0,annotation_only,no_sequence_query
L. rhamnosus,GCF_001064785.1,False,recA,1,1.0,1.0,annotation_and_sequence_agree,curated_sequence_query
L. rhamnosus,GCF_001064785.1,False,uvrA,1,1.0,1.0,annotation_and_sequence_agree,curated_sequence_query
L. rhamnosus,GCF_001064785.1,False,uvrB,1,1.0,1.0,annotation_and_sequence_agree,curated_sequence_query
L. rhamnosus,GCF_001064785.1,False,uvrC,1,0.0,,unresolved_annotation_sequence_discordance,curated_sequence_query
L. rhamnosus,GCF_001064785.1,False,mntH,1,,1.0,annotation_only,no_sequence_query
L. rhamnosus,GCF_001064785.1,False,mntA,1,,1.0,annotation_only,no_sequence_query
L. rhamnosus,GCF_001064785.1,False,mntB,1,,1.0,annotation_only,no_sequence_query
L. rhamnosus,GCF_001064785.1,False,mntC,1,,1.0,annotation_only,no_sequence_query
L. rhamnosus,GCF_001064785.1,False,mutS,1,,1.0,annotation_only,no_sequence_query
L. rhamnosus,GCF_001064785.1,False,mutL,1,,1.0,annotation_only,no_sequence_query
L. rhamnosus,GCF_001064785.1,False,mutM,1,,1.0,annotation_only,no_sequence_query
L. rhamnosus,GCF_001064785.1,False,nth,1,,1.0,annotation_only,no_sequence_query
L. rhamnosus,GCF_001065365.1,False,perR,1,1.0,1.0,annotation_and_sequence_agree,curated_sequence_query
L. rhamnosus,GCF_001065365.1,False,ohrR,1,0.0,1.0,resolved_OhrR_sequence_and_context,reviewed_refs_competitive_blastp_context_v2
L. rhamnosus,GCF_001065365.1,False,catalase,0,0.0,0.0,annotation_and_sequence_agree,curated_sequence_query
L. rhamnosus,GCF_001065365.1,False,fur,0,,0.0,resolved_as_PerR,reviewed_refs_competitive_blastp_context_v2
L. rhamnosus,GCF_001065365.1,False,rex,1,1.0,1.0,resolved_positive_competitive_blastp,reviewed_refs_competitive_blastp_context_v2
L. rhamnosus,GCF_001065365.1,False,spx,1,1.0,1.0,resolved_positive_competitive_blastp,reviewed_refs_competitive_blastp_context_v2
L. rhamnosus,GCF_001065365.1,False,sod,0,0.0,0.0,annotation_and_sequence_agree,curated_sequence_query
L. rhamnosus,GCF_001065365.1,False,noxE,1,1.0,1.0,annotation_and_sequence_agree,curated_sequence_query
L. rhamnosus,GCF_001065365.1,False,gshA,0,,0.0,annotation_only,no_sequence_query
L. rhamnosus,GCF_001065365.1,False,gshB,0,,0.0,annotation_only,no_sequence_query
L. rhamnosus,GCF_001065365.1,False,gshF,0,,0.0,annotation_only,no_sequence_query
L. rhamnosus,GCF_001065365.1,False,trxA,1,,1.0,annotation_only,no_sequence_query
L. rhamnosus,GCF_001065365.1,False,trxB,1,,1.0,annotation_only,no_sequence_query
L. rhamnosus,GCF_001065365.1,False,recA,1,1.0,1.0,annotation_and_sequence_agree,curated_sequence_query
L. rhamnosus,GCF_001065365.1,False,uvrA,1,1.0,1.0,annotation_and_sequence_agree,curated_sequence_query
L. rhamnosus,GCF_001065365.1,False,uvrB,1,1.0,1.0,annotation_and_sequence_agree,curated_sequence_query
L. rhamnosus,GCF_001065365.1,False,uvrC,1,1.0,1.0,annotation_and_sequence_agree,curated_sequence_query
L. rhamnosus,GCF_001065365.1,False,mntH,1,,1.0,annotation_only,no_sequence_query
L. rhamnosus,GCF_001065365.1,False,mntA,1,,1.0,annotation_only,no_sequence_query
L. rhamnosus,GCF_001065365.1,False,mntB,1,,1.0,annotation_only,no_sequence_query
L. rhamnosus,GCF_001065365.1,False,mntC,1,,1.0,annotation_only,no_sequence_query
L. rhamnosus,GCF_001065365.1,False,mutS,1,,1.0,annotation_only,no_sequence_query
L. rhamnosus,GCF_001065365.1,False,mutL,1,,1.0,annotation_only,no_sequence_query
L. rhamnosus,GCF_001065365.1,False,mutM,1,,1.0,annotation_only,no_sequence_query
L. rhamnosus,GCF_001065365.1,False,nth,1,,1.0,annotation_only,no_sequence_query
L. rhamnosus,GCF_001066715.1,False,perR,1,1.0,1.0,annotation_and_sequence_agree,curated_sequence_query
L. rhamnosus,GCF_001066715.1,False,ohrR,1,0.0,1.0,resolved_OhrR_sequence_and_context,reviewed_refs_competitive_blastp_context_v2
L. rhamnosus,GCF_001066715.1,False,catalase,0,0.0,0.0,annotation_and_sequence_agree,curated_sequence_query
L. rhamnosus,GCF_001066715.1,False,fur,0,,0.0,resolved_as_PerR,reviewed_refs_competitive_blastp_context_v2
L. rhamnosus,GCF_001066715.1,False,rex,1,1.0,1.0,resolved_positive_competitive_blastp,reviewed_refs_competitive_blastp_context_v2
L. rhamnosus,GCF_001066715.1,False,spx,1,1.0,1.0,resolved_positive_competitive_blastp,reviewed_refs_competitive_blastp_context_v2
L. rhamnosus,GCF_001066715.1,False,sod,0,0.0,0.0,annotation_and_sequence_agree,curated_sequence_query
L. rhamnosus,GCF_001066715.1,False,noxE,1,1.0,1.0,annotation_and_sequence_agree,curated_sequence_query
L. rhamnosus,GCF_001066715.1,False,gshA,0,,0.0,annotation_only,no_sequence_query
L. rhamnosus,GCF_001066715.1,False,gshB,0,,0.0,annotation_only,no_sequence_query
L. rhamnosus,GCF_001066715.1,False,gshF,0,,0.0,annotation_only,no_sequence_query
L. rhamnosus,GCF_001066715.1,False,trxA,1,,1.0,annotation_only,no_sequence_query
L. rhamnosus,GCF_001066715.1,False,trxB,1,,1.0,annotation_only,no_sequence_query
L. rhamnosus,GCF_001066715.1,False,recA,1,1.0,1.0,annotation_and_sequence_agree,curated_sequence_query
L. rhamnosus,GCF_001066715.1,False,uvrA,1,1.0,1.0,annotation_and_sequence_agree,curated_sequence_query
L. rhamnosus,GCF_001066715.1,False,uvrB,1,1.0,1.0,annotation_and_sequence_agree,curated_sequence_query
L. rhamnosus,GCF_001066715.1,False,uvrC,1,1.0,1.0,annotation_and_sequence_agree,curated_sequence_query
L. rhamnosus,GCF_001066715.1,False,mntH,1,,1.0,annotation_only,no_sequence_query
L. rhamnosus,GCF_001066715.1,False,mntA,1,,1.0,annotation_only,no_sequence_query
L. rhamnosus,GCF_001066715.1,False,mntB,1,,1.0,annotation_only,no_sequence_query
L. rhamnosus,GCF_001066715.1,False,mntC,1,,1.0,annotation_only,no_sequence_query
L. rhamnosus,GCF_001066715.1,False,mutS,1,,1.0,annotation_only,no_sequence_query
L. rhamnosus,GCF_001066715.1,False,mutL,1,,1.0,annotation_only,no_sequence_query
L. rhamnosus,GCF_001066715.1,False,mutM,1,,1.0,annotation_only,no_sequence_query
L. rhamnosus,GCF_001066715.1,False,nth,1,,1.0,annotation_only,no_sequence_query
L. rhamnosus,GCF_001066975.1,False,perR,1,1.0,1.0,annotation_and_sequence_agree,curated_sequence_query
L. rhamnosus,GCF_001066975.1,False,ohrR,1,0.0,1.0,resolved_OhrR_sequence_and_context,reviewed_refs_competitive_blastp_context_v2
L. rhamnosus,GCF_001066975.1,False,catalase,0,0.0,0.0,annotation_and_sequence_agree,curated_sequence_query
L. rhamnosus,GCF_001066975.1,False,fur,0,,0.0,resolved_as_PerR,reviewed_refs_competitive_blastp_context_v2
L. rhamnosus,GCF_001066975.1,False,rex,1,1.0,1.0,resolved_positive_competitive_blastp,reviewed_refs_competitive_blastp_context_v2
L. rhamnosus,GCF_001066975.1,False,spx,1,1.0,1.0,resolved_positive_competitive_blastp,reviewed_refs_competitive_blastp_context_v2
L. rhamnosus,GCF_001066975.1,False,sod,0,0.0,0.0,annotation_and_sequence_agree,curated_sequence_query
L. rhamnosus,GCF_001066975.1,False,noxE,1,1.0,1.0,annotation_and_sequence_agree,curated_sequence_query
L. rhamnosus,GCF_001066975.1,False,gshA,0,,0.0,annotation_only,no_sequence_query
L. rhamnosus,GCF_001066975.1,False,gshB,0,,0.0,annotation_only,no_sequence_query
L. rhamnosus,GCF_001066975.1,False,gshF,0,,0.0,annotation_only,no_sequence_query
L. rhamnosus,GCF_001066975.1,False,trxA,1,,1.0,annotation_only,no_sequence_query
L. rhamnosus,GCF_001066975.1,False,trxB,1,,1.0,annotation_only,no_sequence_query
L. rhamnosus,GCF_001066975.1,False,recA,1,1.0,1.0,annotation_and_sequence_agree,curated_sequence_query
L. rhamnosus,GCF_001066975.1,False,uvrA,1,1.0,1.0,annotation_and_sequence_agree,curated_sequence_query
L. rhamnosus,GCF_001066975.1,False,uvrB,1,1.0,1.0,annotation_and_sequence_agree,curated_sequence_query
L. rhamnosus,GCF_001066975.1,False,uvrC,1,1.0,1.0,annotation_and_sequence_agree,curated_sequence_query
L. rhamnosus,GCF_001066975.1,False,mntH,1,,1.0,annotation_only,no_sequence_query
L. rhamnosus,GCF_001066975.1,False,mntA,1,,1.0,annotation_only,no_sequence_query
L. rhamnosus,GCF_001066975.1,False,mntB,1,,1.0,annotation_only,no_sequence_query
L. rhamnosus,GCF_001066975.1,False,mntC,1,,1.0,annotation_only,no_sequence_query
L. rhamnosus,GCF_001066975.1,False,mutS,1,,1.0,annotation_only,no_sequence_query
L. rhamnosus,GCF_001066975.1,False,mutL,1,,1.0,annotation_only,no_sequence_query
L. rhamnosus,GCF_001066975.1,False,mutM,1,,1.0,annotation_only,no_sequence_query
L. rhamnosus,GCF_001066975.1,False,nth,1,,1.0,annotation_only,no_sequence_query
L. rhamnosus,GCF_001067025.1,False,perR,1,1.0,1.0,annotation_and_sequence_agree,curated_sequence_query
L. rhamnosus,GCF_001067025.1,False,ohrR,1,0.0,1.0,resolved_OhrR_sequence_and_context,reviewed_refs_competitive_blastp_context_v2
L. rhamnosus,GCF_001067025.1,False,catalase,0,0.0,0.0,annotation_and_sequence_agree,curated_sequence_query
L. rhamnosus,GCF_001067025.1,False,fur,0,,0.0,resolved_as_PerR,reviewed_refs_competitive_blastp_context_v2
L. rhamnosus,GCF_001067025.1,False,rex,1,1.0,1.0,resolved_positive_competitive_blastp,reviewed_refs_competitive_blastp_context_v2
L. rhamnosus,GCF_001067025.1,False,spx,1,1.0,1.0,resolved_positive_competitive_blastp,reviewed_refs_competitive_blastp_context_v2
L. rhamnosus,GCF_001067025.1,False,sod,0,0.0,0.0,annotation_and_sequence_agree,curated_sequence_query
L. rhamnosus,GCF_001067025.1,False,noxE,1,1.0,1.0,annotation_and_sequence_agree,curated_sequence_query
L. rhamnosus,GCF_001067025.1,False,gshA,0,,0.0,annotation_only,no_sequence_query
L. rhamnosus,GCF_001067025.1,False,gshB,0,,0.0,annotation_only,no_sequence_query
L. rhamnosus,GCF_001067025.1,False,gshF,0,,0.0,annotation_only,no_sequence_query
L. rhamnosus,GCF_001067025.1,False,trxA,1,,1.0,annotation_only,no_sequence_query
L. rhamnosus,GCF_001067025.1,False,trxB,1,,1.0,annotation_only,no_sequence_query
L. rhamnosus,GCF_001067025.1,False,recA,1,1.0,1.0,annotation_and_sequence_agree,curated_sequence_query
L. rhamnosus,GCF_001067025.1,False,uvrA,1,1.0,1.0,annotation_and_sequence_agree,curated_sequence_query
L. rhamnosus,GCF_001067025.1,False,uvrB,1,1.0,1.0,annotation_and_sequence_agree,curated_sequence_query
L. rhamnosus,GCF_001067025.1,False,uvrC,1,1.0,1.0,annotation_and_sequence_agree,curated_sequence_query
L. rhamnosus,GCF_001067025.1,False,mntH,1,,1.0,annotation_only,no_sequence_query
L. rhamnosus,GCF_001067025.1,False,mntA,1,,1.0,annotation_only,no_sequence_query
L. rhamnosus,GCF_001067025.1,False,mntB,1,,1.0,annotation_only,no_sequence_query
L. rhamnosus,GCF_001067025.1,False,mntC,1,,1.0,annotation_only,no_sequence_query
L. rhamnosus,GCF_001067025.1,False,mutS,1,,1.0,annotation_only,no_sequence_query
L. rhamnosus,GCF_001067025.1,False,mutL,1,,1.0,annotation_only,no_sequence_query
L. rhamnosus,GCF_001067025.1,False,mutM,1,,1.0,annotation_only,no_sequence_query
L. rhamnosus,GCF_001067025.1,False,nth,1,,1.0,annotation_only,no_sequence_query
L. rhamnosus,GCF_001067215.1,False,perR,1,1.0,1.0,annotation_and_sequence_agree,curated_sequence_query
L. rhamnosus,GCF_001067215.1,False,ohrR,1,0.0,1.0,resolved_OhrR_sequence_and_context,reviewed_refs_competitive_blastp_context_v2
L. rhamnosus,GCF_001067215.1,False,catalase,0,0.0,0.0,annotation_and_sequence_agree,curated_sequence_query
L. rhamnosus,GCF_001067215.1,False,fur,0,,0.0,resolved_as_PerR,reviewed_refs_competitive_blastp_context_v2
L. rhamnosus,GCF_001067215.1,False,rex,1,1.0,1.0,resolved_positive_competitive_blastp,reviewed_refs_competitive_blastp_context_v2
L. rhamnosus,GCF_001067215.1,False,spx,1,1.0,1.0,resolved_positive_competitive_blastp,reviewed_refs_competitive_blastp_context_v2
L. rhamnosus,GCF_001067215.1,False,sod,0,0.0,0.0,annotation_and_sequence_agree,curated_sequence_query
L. rhamnosus,GCF_001067215.1,False,noxE,1,1.0,1.0,annotation_and_sequence_agree,curated_sequence_query
L. rhamnosus,GCF_001067215.1,False,gshA,0,,0.0,annotation_only,no_sequence_query
L. rhamnosus,GCF_001067215.1,False,gshB,0,,0.0,annotation_only,no_sequence_query
L. rhamnosus,GCF_001067215.1,False,gshF,0,,0.0,annotation_only,no_sequence_query
L. rhamnosus,GCF_001067215.1,False,trxA,1,,1.0,annotation_only,no_sequence_query
L. rhamnosus,GCF_001067215.1,False,trxB,1,,1.0,annotation_only,no_sequence_query
L. rhamnosus,GCF_001067215.1,False,recA,1,1.0,1.0,annotation_and_sequence_agree,curated_sequence_query
L. rhamnosus,GCF_001067215.1,False,uvrA,1,1.0,1.0,annotation_and_sequence_agree,curated_sequence_query
L. rhamnosus,GCF_001067215.1,False,uvrB,1,1.0,1.0,annotation_and_sequence_agree,curated_sequence_query
L. rhamnosus,GCF_001067215.1,False,uvrC,1,1.0,1.0,annotation_and_sequence_agree,curated_sequence_query
L. rhamnosus,GCF_001067215.1,False,mntH,1,,1.0,annotation_only,no_sequence_query
L. rhamnosus,GCF_001067215.1,False,mntA,1,,1.0,annotation_only,no_sequence_query
L. rhamnosus,GCF_001067215.1,False,mntB,1,,1.0,annotation_only,no_sequence_query
L. rhamnosus,GCF_001067215.1,False,mntC,1,,1.0,annotation_only,no_sequence_query
L. rhamnosus,GCF_001067215.1,False,mutS,1,,1.0,annotation_only,no_sequence_query
L. rhamnosus,GCF_001067215.1,False,mutL,1,,1.0,annotation_only,no_sequence_query
L. rhamnosus,GCF_001067215.1,False,mutM,1,,1.0,annotation_only,no_sequence_query
L. rhamnosus,GCF_001067215.1,False,nth,1,,1.0,annotation_only,no_sequence_query
L. rhamnosus,GCF_001067335.1,False,perR,1,1.0,1.0,annotation_and_sequence_agree,curated_sequence_query
L. rhamnosus,GCF_001067335.1,False,ohrR,1,0.0,1.0,resolved_OhrR_sequence_and_context,reviewed_refs_competitive_blastp_context_v2
L. rhamnosus,GCF_001067335.1,False,catalase,0,0.0,0.0,annotation_and_sequence_agree,curated_sequence_query
L. rhamnosus,GCF_001067335.1,False,fur,0,,0.0,resolved_as_PerR,reviewed_refs_competitive_blastp_context_v2
L. rhamnosus,GCF_001067335.1,False,rex,1,1.0,1.0,resolved_positive_competitive_blastp,reviewed_refs_competitive_blastp_context_v2
L. rhamnosus,GCF_001067335.1,False,spx,1,1.0,1.0,resolved_positive_competitive_blastp,reviewed_refs_competitive_blastp_context_v2
L. rhamnosus,GCF_001067335.1,False,sod,0,0.0,0.0,annotation_and_sequence_agree,curated_sequence_query
L. rhamnosus,GCF_001067335.1,False,noxE,1,1.0,1.0,annotation_and_sequence_agree,curated_sequence_query
L. rhamnosus,GCF_001067335.1,False,gshA,0,,0.0,annotation_only,no_sequence_query
L. rhamnosus,GCF_001067335.1,False,gshB,0,,0.0,annotation_only,no_sequence_query
L. rhamnosus,GCF_001067335.1,False,gshF,0,,0.0,annotation_only,no_sequence_query
L. rhamnosus,GCF_001067335.1,False,trxA,1,,1.0,annotation_only,no_sequence_query
L. rhamnosus,GCF_001067335.1,False,trxB,1,,1.0,annotation_only,no_sequence_query
L. rhamnosus,GCF_001067335.1,False,recA,1,1.0,1.0,annotation_and_sequence_agree,curated_sequence_query
L. rhamnosus,GCF_001067335.1,False,uvrA,1,1.0,1.0,annotation_and_sequence_agree,curated_sequence_query
L. rhamnosus,GCF_001067335.1,False,uvrB,1,1.0,1.0,annotation_and_sequence_agree,curated_sequence_query
L. rhamnosus,GCF_001067335.1,False,uvrC,1,1.0,1.0,annotation_and_sequence_agree,curated_sequence_query
L. rhamnosus,GCF_001067335.1,False,mntH,1,,1.0,annotation_only,no_sequence_query
L. rhamnosus,GCF_001067335.1,False,mntA,1,,1.0,annotation_only,no_sequence_query
L. rhamnosus,GCF_001067335.1,False,mntB,1,,1.0,annotation_only,no_sequence_query
L. rhamnosus,GCF_001067335.1,False,mntC,1,,1.0,annotation_only,no_sequence_query
L. rhamnosus,GCF_001067335.1,False,mutS,1,,1.0,annotation_only,no_sequence_query
L. rhamnosus,GCF_001067335.1,False,mutL,1,,1.0,annotation_only,no_sequence_query
L. rhamnosus,GCF_001067335.1,False,mutM,1,,1.0,annotation_only,no_sequence_query
L. rhamnosus,GCF_001067335.1,False,nth,1,,1.0,annotation_only,no_sequence_query
L. rhamnosus,GCF_001067625.1,False,perR,1,1.0,1.0,annotation_and_sequence_agree,curated_sequence_query
L. rhamnosus,GCF_001067625.1,False,ohrR,1,0.0,1.0,resolved_OhrR_sequence_and_context,reviewed_refs_competitive_blastp_context_v2
L. rhamnosus,GCF_001067625.1,False,catalase,0,0.0,0.0,annotation_and_sequence_agree,curated_sequence_query
L. rhamnosus,GCF_001067625.1,False,fur,0,,0.0,resolved_as_PerR,reviewed_refs_competitive_blastp_context_v2
L. rhamnosus,GCF_001067625.1,False,rex,1,0.0,1.0,resolved_positive_competitive_blastp,reviewed_refs_competitive_blastp_context_v2
L. rhamnosus,GCF_001067625.1,False,spx,1,1.0,1.0,resolved_positive_competitive_blastp,reviewed_refs_competitive_blastp_context_v2
L. rhamnosus,GCF_001067625.1,False,sod,0,0.0,0.0,annotation_and_sequence_agree,curated_sequence_query
L. rhamnosus,GCF_001067625.1,False,noxE,1,1.0,1.0,annotation_and_sequence_agree,curated_sequence_query
L. rhamnosus,GCF_001067625.1,False,gshA,0,,0.0,annotation_only,no_sequence_query
L. rhamnosus,GCF_001067625.1,False,gshB,0,,0.0,annotation_only,no_sequence_query
L. rhamnosus,GCF_001067625.1,False,gshF,0,,0.0,annotation_only,no_sequence_query
L. rhamnosus,GCF_001067625.1,False,trxA,1,,1.0,annotation_only,no_sequence_query
L. rhamnosus,GCF_001067625.1,False,trxB,1,,1.0,annotation_only,no_sequence_query
L. rhamnosus,GCF_001067625.1,False,recA,1,1.0,1.0,annotation_and_sequence_agree,curated_sequence_query
L. rhamnosus,GCF_001067625.1,False,uvrA,1,1.0,1.0,annotation_and_sequence_agree,curated_sequence_query
L. rhamnosus,GCF_001067625.1,False,uvrB,1,1.0,1.0,annotation_and_sequence_agree,curated_sequence_query
L. rhamnosus,GCF_001067625.1,False,uvrC,1,1.0,1.0,annotation_and_sequence_agree,curated_sequence_query
L. rhamnosus,GCF_001067625.1,False,mntH,1,,1.0,annotation_only,no_sequence_query
L. rhamnosus,GCF_001067625.1,False,mntA,1,,1.0,annotation_only,no_sequence_query
L. rhamnosus,GCF_001067625.1,False,mntB,1,,1.0,annotation_only,no_sequence_query
L. rhamnosus,GCF_001067625.1,False,mntC,1,,1.0,annotation_only,no_sequence_query
L. rhamnosus,GCF_001067625.1,False,mutS,1,,1.0,annotation_only,no_sequence_query
L. rhamnosus,GCF_001067625.1,False,mutL,1,,1.0,annotation_only,no_sequence_query
L. rhamnosus,GCF_001067625.1,False,mutM,1,,1.0,annotation_only,no_sequence_query
L. rhamnosus,GCF_001067625.1,False,nth,1,,1.0,annotation_only,no_sequence_query
L. rhamnosus,GCF_001067885.1,False,perR,1,1.0,1.0,annotation_and_sequence_agree,curated_sequence_query
L. rhamnosus,GCF_001067885.1,False,ohrR,1,0.0,1.0,resolved_OhrR_sequence_and_context,reviewed_refs_competitive_blastp_context_v2
L. rhamnosus,GCF_001067885.1,False,catalase,0,0.0,0.0,annotation_and_sequence_agree,curated_sequence_query
L. rhamnosus,GCF_001067885.1,False,fur,0,,0.0,resolved_as_PerR,reviewed_refs_competitive_blastp_context_v2
L. rhamnosus,GCF_001067885.1,False,rex,1,1.0,1.0,resolved_positive_competitive_blastp,reviewed_refs_competitive_blastp_context_v2
L. rhamnosus,GCF_001067885.1,False,spx,1,1.0,1.0,resolved_positive_competitive_blastp,reviewed_refs_competitive_blastp_context_v2
L. rhamnosus,GCF_001067885.1,False,sod,0,0.0,0.0,annotation_and_sequence_agree,curated_sequence_query
L. rhamnosus,GCF_001067885.1,False,noxE,1,1.0,1.0,annotation_and_sequence_agree,curated_sequence_query
L. rhamnosus,GCF_001067885.1,False,gshA,0,,0.0,annotation_only,no_sequence_query
L. rhamnosus,GCF_001067885.1,False,gshB,0,,0.0,annotation_only,no_sequence_query
L. rhamnosus,GCF_001067885.1,False,gshF,0,,0.0,annotation_only,no_sequence_query
L. rhamnosus,GCF_001067885.1,False,trxA,1,,1.0,annotation_only,no_sequence_query
L. rhamnosus,GCF_001067885.1,False,trxB,1,,1.0,annotation_only,no_sequence_query
L. rhamnosus,GCF_001067885.1,False,recA,1,1.0,1.0,annotation_and_sequence_agree,curated_sequence_query
L. rhamnosus,GCF_001067885.1,False,uvrA,1,1.0,1.0,annotation_and_sequence_agree,curated_sequence_query
L. rhamnosus,GCF_001067885.1,False,uvrB,1,1.0,1.0,annotation_and_sequence_agree,curated_sequence_query
L. rhamnosus,GCF_001067885.1,False,uvrC,1,1.0,1.0,annotation_and_sequence_agree,curated_sequence_query
L. rhamnosus,GCF_001067885.1,False,mntH,1,,1.0,annotation_only,no_sequence_query
L. rhamnosus,GCF_001067885.1,False,mntA,1,,1.0,annotation_only,no_sequence_query
L. rhamnosus,GCF_001067885.1,False,mntB,1,,1.0,annotation_only,no_sequence_query
L. rhamnosus,GCF_001067885.1,False,mntC,1,,1.0,annotation_only,no_sequence_query
L. rhamnosus,GCF_001067885.1,False,mutS,1,,1.0,annotation_only,no_sequence_query
L. rhamnosus,GCF_001067885.1,False,mutL,1,,1.0,annotation_only,no_sequence_query
L. rhamnosus,GCF_001067885.1,False,mutM,1,,1.0,annotation_only,no_sequence_query
L. rhamnosus,GCF_001067885.1,False,nth,1,,1.0,annotation_only,no_sequence_query
L. rhamnosus,GCF_001068015.1,False,perR,1,1.0,1.0,annotation_and_sequence_agree,curated_sequence_query
L. rhamnosus,GCF_001068015.1,False,ohrR,1,0.0,1.0,resolved_OhrR_sequence_and_context,reviewed_refs_competitive_blastp_context_v2
L. rhamnosus,GCF_001068015.1,False,catalase,0,0.0,0.0,annotation_and_sequence_agree,curated_sequence_query
L. rhamnosus,GCF_001068015.1,False,fur,0,,0.0,resolved_as_PerR,reviewed_refs_competitive_blastp_context_v2
L. rhamnosus,GCF_001068015.1,False,rex,1,1.0,1.0,resolved_positive_competitive_blastp,reviewed_refs_competitive_blastp_context_v2
L. rhamnosus,GCF_001068015.1,False,spx,1,1.0,1.0,resolved_positive_competitive_blastp,reviewed_refs_competitive_blastp_context_v2
L. rhamnosus,GCF_001068015.1,False,sod,0,0.0,0.0,annotation_and_sequence_agree,curated_sequence_query
L. rhamnosus,GCF_001068015.1,False,noxE,1,1.0,1.0,annotation_and_sequence_agree,curated_sequence_query
L. rhamnosus,GCF_001068015.1,False,gshA,0,,0.0,annotation_only,no_sequence_query
L. rhamnosus,GCF_001068015.1,False,gshB,0,,0.0,annotation_only,no_sequence_query
L. rhamnosus,GCF_001068015.1,False,gshF,0,,0.0,annotation_only,no_sequence_query
L. rhamnosus,GCF_001068015.1,False,trxA,1,,1.0,annotation_only,no_sequence_query
L. rhamnosus,GCF_001068015.1,False,trxB,1,,1.0,annotation_only,no_sequence_query
L. rhamnosus,GCF_001068015.1,False,recA,1,1.0,1.0,annotation_and_sequence_agree,curated_sequence_query
L. rhamnosus,GCF_001068015.1,False,uvrA,1,1.0,1.0,annotation_and_sequence_agree,curated_sequence_query
L. rhamnosus,GCF_001068015.1,False,uvrB,1,1.0,1.0,annotation_and_sequence_agree,curated_sequence_query
L. rhamnosus,GCF_001068015.1,False,uvrC,1,1.0,1.0,annotation_and_sequence_agree,curated_sequence_query
L. rhamnosus,GCF_001068015.1,False,mntH,1,,1.0,annotation_only,no_sequence_query
L. rhamnosus,GCF_001068015.1,False,mntA,1,,1.0,annotation_only,no_sequence_query
L. rhamnosus,GCF_001068015.1,False,mntB,1,,1.0,annotation_only,no_sequence_query
L. rhamnosus,GCF_001068015.1,False,mntC,1,,1.0,annotation_only,no_sequence_query
L. rhamnosus,GCF_001068015.1,False,mutS,1,,1.0,annotation_only,no_sequence_query
L. rhamnosus,GCF_001068015.1,False,mutL,1,,1.0,annotation_only,no_sequence_query
L. rhamnosus,GCF_001068015.1,False,mutM,1,,1.0,annotation_only,no_sequence_query
L. rhamnosus,GCF_001068015.1,False,nth,1,,1.0,annotation_only,no_sequence_query
L. rhamnosus,GCF_001068045.1,False,perR,1,1.0,1.0,annotation_and_sequence_agree,curated_sequence_query
L. rhamnosus,GCF_001068045.1,False,ohrR,1,0.0,1.0,resolved_OhrR_sequence_and_context,reviewed_refs_competitive_blastp_context_v2
L. rhamnosus,GCF_001068045.1,False,catalase,0,0.0,0.0,annotation_and_sequence_agree,curated_sequence_query
L. rhamnosus,GCF_001068045.1,False,fur,0,,0.0,resolved_as_PerR,reviewed_refs_competitive_blastp_context_v2
L. rhamnosus,GCF_001068045.1,False,rex,1,1.0,1.0,resolved_positive_competitive_blastp,reviewed_refs_competitive_blastp_context_v2
L. rhamnosus,GCF_001068045.1,False,spx,1,1.0,1.0,resolved_positive_competitive_blastp,reviewed_refs_competitive_blastp_context_v2
L. rhamnosus,GCF_001068045.1,False,sod,0,0.0,0.0,annotation_and_sequence_agree,curated_sequence_query
L. rhamnosus,GCF_001068045.1,False,noxE,1,1.0,1.0,annotation_and_sequence_agree,curated_sequence_query
L. rhamnosus,GCF_001068045.1,False,gshA,0,,0.0,annotation_only,no_sequence_query
L. rhamnosus,GCF_001068045.1,False,gshB,0,,0.0,annotation_only,no_sequence_query
L. rhamnosus,GCF_001068045.1,False,gshF,0,,0.0,annotation_only,no_sequence_query
L. rhamnosus,GCF_001068045.1,False,trxA,1,,1.0,annotation_only,no_sequence_query
L. rhamnosus,GCF_001068045.1,False,trxB,1,,1.0,annotation_only,no_sequence_query
L. rhamnosus,GCF_001068045.1,False,recA,1,1.0,1.0,annotation_and_sequence_agree,curated_sequence_query
L. rhamnosus,GCF_001068045.1,False,uvrA,1,1.0,1.0,annotation_and_sequence_agree,curated_sequence_query
L. rhamnosus,GCF_001068045.1,False,uvrB,1,1.0,1.0,annotation_and_sequence_agree,curated_sequence_query
L. rhamnosus,GCF_001068045.1,False,uvrC,1,1.0,1.0,annotation_and_sequence_agree,curated_sequence_query
L. rhamnosus,GCF_001068045.1,False,mntH,1,,1.0,annotation_only,no_sequence_query
L. rhamnosus,GCF_001068045.1,False,mntA,1,,1.0,annotation_only,no_sequence_query
L. rhamnosus,GCF_001068045.1,False,mntB,1,,1.0,annotation_only,no_sequence_query
L. rhamnosus,GCF_001068045.1,False,mntC,1,,1.0,annotation_only,no_sequence_query
L. rhamnosus,GCF_001068045.1,False,mutS,1,,1.0,annotation_only,no_sequence_query
L. rhamnosus,GCF_001068045.1,False,mutL,1,,1.0,annotation_only,no_sequence_query
L. rhamnosus,GCF_001068045.1,False,mutM,1,,1.0,annotation_only,no_sequence_query
L. rhamnosus,GCF_001068045.1,False,nth,1,,1.0,annotation_only,no_sequence_query
L. rhamnosus,GCF_001068195.1,False,perR,1,1.0,1.0,annotation_and_sequence_agree,curated_sequence_query
L. rhamnosus,GCF_001068195.1,False,ohrR,1,0.0,1.0,resolved_OhrR_sequence_and_context,reviewed_refs_competitive_blastp_context_v2
L. rhamnosus,GCF_001068195.1,False,catalase,0,0.0,0.0,annotation_and_sequence_agree,curated_sequence_query
L. rhamnosus,GCF_001068195.1,False,fur,0,,0.0,resolved_as_PerR,reviewed_refs_competitive_blastp_context_v2
L. rhamnosus,GCF_001068195.1,False,rex,1,1.0,1.0,resolved_positive_competitive_blastp,reviewed_refs_competitive_blastp_context_v2
L. rhamnosus,GCF_001068195.1,False,spx,1,1.0,1.0,resolved_positive_competitive_blastp,reviewed_refs_competitive_blastp_context_v2
L. rhamnosus,GCF_001068195.1,False,sod,0,0.0,0.0,annotation_and_sequence_agree,curated_sequence_query
L. rhamnosus,GCF_001068195.1,False,noxE,1,1.0,1.0,annotation_and_sequence_agree,curated_sequence_query
L. rhamnosus,GCF_001068195.1,False,gshA,0,,0.0,annotation_only,no_sequence_query
L. rhamnosus,GCF_001068195.1,False,gshB,0,,0.0,annotation_only,no_sequence_query
L. rhamnosus,GCF_001068195.1,False,gshF,0,,0.0,annotation_only,no_sequence_query
L. rhamnosus,GCF_001068195.1,False,trxA,1,,1.0,annotation_only,no_sequence_query
L. rhamnosus,GCF_001068195.1,False,trxB,1,,1.0,annotation_only,no_sequence_query
L. rhamnosus,GCF_001068195.1,False,recA,1,1.0,1.0,annotation_and_sequence_agree,curated_sequence_query
L. rhamnosus,GCF_001068195.1,False,uvrA,1,1.0,1.0,annotation_and_sequence_agree,curated_sequence_query
L. rhamnosus,GCF_001068195.1,False,uvrB,1,1.0,1.0,annotation_and_sequence_agree,curated_sequence_query
L. rhamnosus,GCF_001068195.1,False,uvrC,1,1.0,1.0,annotation_and_sequence_agree,curated_sequence_query
L. rhamnosus,GCF_001068195.1,False,mntH,1,,1.0,annotation_only,no_sequence_query
L. rhamnosus,GCF_001068195.1,False,mntA,1,,1.0,annotation_only,no_sequence_query
L. rhamnosus,GCF_001068195.1,False,mntB,1,,1.0,annotation_only,no_sequence_query
L. rhamnosus,GCF_001068195.1,False,mntC,1,,1.0,annotation_only,no_sequence_query
L. rhamnosus,GCF_001068195.1,False,mutS,1,,1.0,annotation_only,no_sequence_query
L. rhamnosus,GCF_001068195.1,False,mutL,1,,1.0,annotation_only,no_sequence_query
L. rhamnosus,GCF_001068195.1,False,mutM,1,,1.0,annotation_only,no_sequence_query
L. rhamnosus,GCF_001068195.1,False,nth,1,,1.0,annotation_only,no_sequence_query
L. rhamnosus,GCF_001068215.1,False,perR,1,1.0,1.0,annotation_and_sequence_agree,curated_sequence_query
L. rhamnosus,GCF_001068215.1,False,ohrR,1,0.0,1.0,resolved_OhrR_sequence_and_context,reviewed_refs_competitive_blastp_context_v2
L. rhamnosus,GCF_001068215.1,False,catalase,0,0.0,0.0,annotation_and_sequence_agree,curated_sequence_query
L. rhamnosus,GCF_001068215.1,False,fur,0,,0.0,resolved_as_PerR,reviewed_refs_competitive_blastp_context_v2
L. rhamnosus,GCF_001068215.1,False,rex,1,1.0,1.0,resolved_positive_competitive_blastp,reviewed_refs_competitive_blastp_context_v2
L. rhamnosus,GCF_001068215.1,False,spx,1,1.0,1.0,resolved_positive_competitive_blastp,reviewed_refs_competitive_blastp_context_v2
L. rhamnosus,GCF_001068215.1,False,sod,0,0.0,0.0,annotation_and_sequence_agree,curated_sequence_query
L. rhamnosus,GCF_001068215.1,False,noxE,1,1.0,1.0,annotation_and_sequence_agree,curated_sequence_query
L. rhamnosus,GCF_001068215.1,False,gshA,0,,0.0,annotation_only,no_sequence_query
L. rhamnosus,GCF_001068215.1,False,gshB,0,,0.0,annotation_only,no_sequence_query
L. rhamnosus,GCF_001068215.1,False,gshF,0,,0.0,annotation_only,no_sequence_query
L. rhamnosus,GCF_001068215.1,False,trxA,1,,1.0,annotation_only,no_sequence_query
L. rhamnosus,GCF_001068215.1,False,trxB,1,,1.0,annotation_only,no_sequence_query
L. rhamnosus,GCF_001068215.1,False,recA,1,1.0,1.0,annotation_and_sequence_agree,curated_sequence_query
L. rhamnosus,GCF_001068215.1,False,uvrA,1,1.0,1.0,annotation_and_sequence_agree,curated_sequence_query
L. rhamnosus,GCF_001068215.1,False,uvrB,1,1.0,1.0,annotation_and_sequence_agree,curated_sequence_query
L. rhamnosus,GCF_001068215.1,False,uvrC,1,1.0,1.0,annotation_and_sequence_agree,curated_sequence_query
L. rhamnosus,GCF_001068215.1,False,mntH,1,,1.0,annotation_only,no_sequence_query
L. rhamnosus,GCF_001068215.1,False,mntA,1,,1.0,annotation_only,no_sequence_query
L. rhamnosus,GCF_001068215.1,False,mntB,1,,1.0,annotation_only,no_sequence_query
L. rhamnosus,GCF_001068215.1,False,mntC,1,,1.0,annotation_only,no_sequence_query
L. rhamnosus,GCF_001068215.1,False,mutS,1,,1.0,annotation_only,no_sequence_query
L. rhamnosus,GCF_001068215.1,False,mutL,1,,1.0,annotation_only,no_sequence_query
L. rhamnosus,GCF_001068215.1,False,mutM,1,,1.0,annotation_only,no_sequence_query
L. rhamnosus,GCF_001068215.1,False,nth,1,,1.0,annotation_only,no_sequence_query
L. rhamnosus,GCF_001368735.1,False,perR,1,1.0,1.0,annotation_and_sequence_agree,curated_sequence_query
L. rhamnosus,GCF_001368735.1,False,ohrR,1,0.0,1.0,resolved_OhrR_sequence_and_context,reviewed_refs_competitive_blastp_context_v2
L. rhamnosus,GCF_001368735.1,False,catalase,0,0.0,0.0,annotation_and_sequence_agree,curated_sequence_query
L. rhamnosus,GCF_001368735.1,False,fur,0,,0.0,resolved_as_PerR,reviewed_refs_competitive_blastp_context_v2
L. rhamnosus,GCF_001368735.1,False,rex,1,1.0,1.0,resolved_positive_competitive_blastp,reviewed_refs_competitive_blastp_context_v2
L. rhamnosus,GCF_001368735.1,False,spx,1,1.0,1.0,resolved_positive_competitive_blastp,reviewed_refs_competitive_blastp_context_v2
L. rhamnosus,GCF_001368735.1,False,sod,0,0.0,0.0,annotation_and_sequence_agree,curated_sequence_query
L. rhamnosus,GCF_001368735.1,False,noxE,1,1.0,1.0,annotation_and_sequence_agree,curated_sequence_query
L. rhamnosus,GCF_001368735.1,False,gshA,0,,0.0,annotation_only,no_sequence_query
L. rhamnosus,GCF_001368735.1,False,gshB,0,,0.0,annotation_only,no_sequence_query
L. rhamnosus,GCF_001368735.1,False,gshF,0,,0.0,annotation_only,no_sequence_query
L. rhamnosus,GCF_001368735.1,False,trxA,1,,1.0,annotation_only,no_sequence_query
L. rhamnosus,GCF_001368735.1,False,trxB,1,,1.0,annotation_only,no_sequence_query
L. rhamnosus,GCF_001368735.1,False,recA,1,1.0,1.0,annotation_and_sequence_agree,curated_sequence_query
L. rhamnosus,GCF_001368735.1,False,uvrA,1,1.0,1.0,annotation_and_sequence_agree,curated_sequence_query
L. rhamnosus,GCF_001368735.1,False,uvrB,1,1.0,1.0,annotation_and_sequence_agree,curated_sequence_query
L. rhamnosus,GCF_001368735.1,False,uvrC,1,1.0,1.0,annotation_and_sequence_agree,curated_sequence_query
L. rhamnosus,GCF_001368735.1,False,mntH,1,,1.0,annotation_only,no_sequence_query
L. rhamnosus,GCF_001368735.1,False,mntA,1,,1.0,annotation_only,no_sequence_query
L. rhamnosus,GCF_001368735.1,False,mntB,1,,1.0,annotation_only,no_sequence_query
L. rhamnosus,GCF_001368735.1,False,mntC,1,,1.0,annotation_only,no_sequence_query
L. rhamnosus,GCF_001368735.1,False,mutS,1,,1.0,annotation_only,no_sequence_query
L. rhamnosus,GCF_001368735.1,False,mutL,1,,1.0,annotation_only,no_sequence_query
L. rhamnosus,GCF_001368735.1,False,mutM,1,,1.0,annotation_only,no_sequence_query
L. rhamnosus,GCF_001368735.1,False,nth,1,,1.0,annotation_only,no_sequence_query
L. rhamnosus,GCF_001590655.1,False,perR,1,1.0,1.0,annotation_and_sequence_agree,curated_sequence_query
L. rhamnosus,GCF_001590655.1,False,ohrR,1,0.0,,unresolved_OhrR_without_context,reviewed_refs_competitive_blastp_context_v2
L. rhamnosus,GCF_001590655.1,False,catalase,0,0.0,0.0,annotation_and_sequence_agree,curated_sequence_query
L. rhamnosus,GCF_001590655.1,False,fur,0,,0.0,resolved_as_PerR,reviewed_refs_competitive_blastp_context_v2
L. rhamnosus,GCF_001590655.1,False,rex,1,1.0,1.0,resolved_positive_competitive_blastp,reviewed_refs_competitive_blastp_context_v2
L. rhamnosus,GCF_001590655.1,False,spx,1,1.0,1.0,resolved_positive_competitive_blastp,reviewed_refs_competitive_blastp_context_v2
L. rhamnosus,GCF_001590655.1,False,sod,0,0.0,0.0,annotation_and_sequence_agree,curated_sequence_query
L. rhamnosus,GCF_001590655.1,False,noxE,1,1.0,1.0,annotation_and_sequence_agree,curated_sequence_query
L. rhamnosus,GCF_001590655.1,False,gshA,0,,0.0,annotation_only,no_sequence_query
L. rhamnosus,GCF_001590655.1,False,gshB,0,,0.0,annotation_only,no_sequence_query
L. rhamnosus,GCF_001590655.1,False,gshF,0,,0.0,annotation_only,no_sequence_query
L. rhamnosus,GCF_001590655.1,False,trxA,1,,1.0,annotation_only,no_sequence_query
L. rhamnosus,GCF_001590655.1,False,trxB,1,,1.0,annotation_only,no_sequence_query
L. rhamnosus,GCF_001590655.1,False,recA,1,1.0,1.0,annotation_and_sequence_agree,curated_sequence_query
L. rhamnosus,GCF_001590655.1,False,uvrA,1,1.0,1.0,annotation_and_sequence_agree,curated_sequence_query
L. rhamnosus,GCF_001590655.1,False,uvrB,1,1.0,1.0,annotation_and_sequence_agree,curated_sequence_query
L. rhamnosus,GCF_001590655.1,False,uvrC,1,1.0,1.0,annotation_and_sequence_agree,curated_sequence_query
L. rhamnosus,GCF_001590655.1,False,mntH,1,,1.0,annotation_only,no_sequence_query
L. rhamnosus,GCF_001590655.1,False,mntA,1,,1.0,annotation_only,no_sequence_query
L. rhamnosus,GCF_001590655.1,False,mntB,1,,1.0,annotation_only,no_sequence_query
L. rhamnosus,GCF_001590655.1,False,mntC,1,,1.0,annotation_only,no_sequence_query
L. rhamnosus,GCF_001590655.1,False,mutS,1,,1.0,annotation_only,no_sequence_query
L. rhamnosus,GCF_001590655.1,False,mutL,1,,1.0,annotation_only,no_sequence_query
L. rhamnosus,GCF_001590655.1,False,mutM,1,,1.0,annotation_only,no_sequence_query
L. rhamnosus,GCF_001590655.1,False,nth,1,,1.0,annotation_only,no_sequence_query
L. rhamnosus,GCF_001645615.1,False,perR,1,1.0,1.0,annotation_and_sequence_agree,curated_sequence_query
L. rhamnosus,GCF_001645615.1,False,ohrR,1,0.0,1.0,resolved_OhrR_sequence_and_context,reviewed_refs_competitive_blastp_context_v2
L. rhamnosus,GCF_001645615.1,False,catalase,0,0.0,0.0,annotation_and_sequence_agree,curated_sequence_query
L. rhamnosus,GCF_001645615.1,False,fur,0,,0.0,resolved_as_PerR,reviewed_refs_competitive_blastp_context_v2
L. rhamnosus,GCF_001645615.1,False,rex,1,1.0,1.0,resolved_positive_competitive_blastp,reviewed_refs_competitive_blastp_context_v2
L. rhamnosus,GCF_001645615.1,False,spx,1,1.0,1.0,resolved_positive_competitive_blastp,reviewed_refs_competitive_blastp_context_v2
L. rhamnosus,GCF_001645615.1,False,sod,0,0.0,0.0,annotation_and_sequence_agree,curated_sequence_query
L. rhamnosus,GCF_001645615.1,False,noxE,1,1.0,1.0,annotation_and_sequence_agree,curated_sequence_query
L. rhamnosus,GCF_001645615.1,False,gshA,0,,0.0,annotation_only,no_sequence_query
L. rhamnosus,GCF_001645615.1,False,gshB,0,,0.0,annotation_only,no_sequence_query
L. rhamnosus,GCF_001645615.1,False,gshF,0,,0.0,annotation_only,no_sequence_query
L. rhamnosus,GCF_001645615.1,False,trxA,1,,1.0,annotation_only,no_sequence_query
L. rhamnosus,GCF_001645615.1,False,trxB,1,,1.0,annotation_only,no_sequence_query
L. rhamnosus,GCF_001645615.1,False,recA,1,1.0,1.0,annotation_and_sequence_agree,curated_sequence_query
L. rhamnosus,GCF_001645615.1,False,uvrA,1,1.0,1.0,annotation_and_sequence_agree,curated_sequence_query
L. rhamnosus,GCF_001645615.1,False,uvrB,1,1.0,1.0,annotation_and_sequence_agree,curated_sequence_query
L. rhamnosus,GCF_001645615.1,False,uvrC,1,1.0,1.0,annotation_and_sequence_agree,curated_sequence_query
L. rhamnosus,GCF_001645615.1,False,mntH,1,,1.0,annotation_only,no_sequence_query
L. rhamnosus,GCF_001645615.1,False,mntA,1,,1.0,annotation_only,no_sequence_query
L. rhamnosus,GCF_001645615.1,False,mntB,1,,1.0,annotation_only,no_sequence_query
L. rhamnosus,GCF_001645615.1,False,mntC,1,,1.0,annotation_only,no_sequence_query
L. rhamnosus,GCF_001645615.1,False,mutS,1,,1.0,annotation_only,no_sequence_query
L. rhamnosus,GCF_001645615.1,False,mutL,1,,1.0,annotation_only,no_sequence_query
L. rhamnosus,GCF_001645615.1,False,mutM,1,,1.0,annotation_only,no_sequence_query
L. rhamnosus,GCF_001645615.1,False,nth,1,,1.0,annotation_only,no_sequence_query
L. rhamnosus,GCF_001656535.1,False,perR,1,1.0,1.0,annotation_and_sequence_agree,curated_sequence_query
L. rhamnosus,GCF_001656535.1,False,ohrR,1,0.0,1.0,resolved_OhrR_sequence_and_context,reviewed_refs_competitive_blastp_context_v2
L. rhamnosus,GCF_001656535.1,False,catalase,0,0.0,0.0,annotation_and_sequence_agree,curated_sequence_query
L. rhamnosus,GCF_001656535.1,False,fur,0,,0.0,resolved_as_PerR,reviewed_refs_competitive_blastp_context_v2
L. rhamnosus,GCF_001656535.1,False,rex,1,1.0,1.0,resolved_positive_competitive_blastp,reviewed_refs_competitive_blastp_context_v2
L. rhamnosus,GCF_001656535.1,False,spx,1,1.0,1.0,resolved_positive_competitive_blastp,reviewed_refs_competitive_blastp_context_v2
L. rhamnosus,GCF_001656535.1,False,sod,0,0.0,0.0,annotation_and_sequence_agree,curated_sequence_query
L. rhamnosus,GCF_001656535.1,False,noxE,1,1.0,1.0,annotation_and_sequence_agree,curated_sequence_query
L. rhamnosus,GCF_001656535.1,False,gshA,0,,0.0,annotation_only,no_sequence_query
L. rhamnosus,GCF_001656535.1,False,gshB,0,,0.0,annotation_only,no_sequence_query
L. rhamnosus,GCF_001656535.1,False,gshF,0,,0.0,annotation_only,no_sequence_query
L. rhamnosus,GCF_001656535.1,False,trxA,1,,1.0,annotation_only,no_sequence_query
L. rhamnosus,GCF_001656535.1,False,trxB,1,,1.0,annotation_only,no_sequence_query
L. rhamnosus,GCF_001656535.1,False,recA,1,1.0,1.0,annotation_and_sequence_agree,curated_sequence_query
L. rhamnosus,GCF_001656535.1,False,uvrA,1,1.0,1.0,annotation_and_sequence_agree,curated_sequence_query
L. rhamnosus,GCF_001656535.1,False,uvrB,1,1.0,1.0,annotation_and_sequence_agree,curated_sequence_query
L. rhamnosus,GCF_001656535.1,False,uvrC,1,1.0,1.0,annotation_and_sequence_agree,curated_sequence_query
L. rhamnosus,GCF_001656535.1,False,mntH,1,,1.0,annotation_only,no_sequence_query
L. rhamnosus,GCF_001656535.1,False,mntA,1,,1.0,annotation_only,no_sequence_query
L. rhamnosus,GCF_001656535.1,False,mntB,1,,1.0,annotation_only,no_sequence_query
L. rhamnosus,GCF_001656535.1,False,mntC,1,,1.0,annotation_only,no_sequence_query
L. rhamnosus,GCF_001656535.1,False,mutS,1,,1.0,annotation_only,no_sequence_query
L. rhamnosus,GCF_001656535.1,False,mutL,1,,1.0,annotation_only,no_sequence_query
L. rhamnosus,GCF_001656535.1,False,mutM,1,,1.0,annotation_only,no_sequence_query
L. rhamnosus,GCF_001656535.1,False,nth,1,,1.0,annotation_only,no_sequence_query
L. rhamnosus,GCF_001656545.1,False,perR,1,1.0,1.0,annotation_and_sequence_agree,curated_sequence_query
L. rhamnosus,GCF_001656545.1,False,ohrR,1,0.0,1.0,resolved_OhrR_sequence_and_context,reviewed_refs_competitive_blastp_context_v2
L. rhamnosus,GCF_001656545.1,False,catalase,0,0.0,0.0,annotation_and_sequence_agree,curated_sequence_query
L. rhamnosus,GCF_001656545.1,False,fur,0,,0.0,resolved_as_PerR,reviewed_refs_competitive_blastp_context_v2
L. rhamnosus,GCF_001656545.1,False,rex,1,1.0,1.0,resolved_positive_competitive_blastp,reviewed_refs_competitive_blastp_context_v2
L. rhamnosus,GCF_001656545.1,False,spx,1,1.0,1.0,resolved_positive_competitive_blastp,reviewed_refs_competitive_blastp_context_v2
L. rhamnosus,GCF_001656545.1,False,sod,0,0.0,0.0,annotation_and_sequence_agree,curated_sequence_query
L. rhamnosus,GCF_001656545.1,False,noxE,1,1.0,1.0,annotation_and_sequence_agree,curated_sequence_query
L. rhamnosus,GCF_001656545.1,False,gshA,0,,0.0,annotation_only,no_sequence_query
L. rhamnosus,GCF_001656545.1,False,gshB,0,,0.0,annotation_only,no_sequence_query
L. rhamnosus,GCF_001656545.1,False,gshF,0,,0.0,annotation_only,no_sequence_query
L. rhamnosus,GCF_001656545.1,False,trxA,1,,1.0,annotation_only,no_sequence_query
L. rhamnosus,GCF_001656545.1,False,trxB,1,,1.0,annotation_only,no_sequence_query
L. rhamnosus,GCF_001656545.1,False,recA,1,1.0,1.0,annotation_and_sequence_agree,curated_sequence_query
L. rhamnosus,GCF_001656545.1,False,uvrA,1,1.0,1.0,annotation_and_sequence_agree,curated_sequence_query
L. rhamnosus,GCF_001656545.1,False,uvrB,1,1.0,1.0,annotation_and_sequence_agree,curated_sequence_query
L. rhamnosus,GCF_001656545.1,False,uvrC,1,1.0,1.0,annotation_and_sequence_agree,curated_sequence_query
L. rhamnosus,GCF_001656545.1,False,mntH,1,,1.0,annotation_only,no_sequence_query
L. rhamnosus,GCF_001656545.1,False,mntA,1,,1.0,annotation_only,no_sequence_query
L. rhamnosus,GCF_001656545.1,False,mntB,1,,1.0,annotation_only,no_sequence_query
L. rhamnosus,GCF_001656545.1,False,mntC,1,,1.0,annotation_only,no_sequence_query
L. rhamnosus,GCF_001656545.1,False,mutS,1,,1.0,annotation_only,no_sequence_query
L. rhamnosus,GCF_001656545.1,False,mutL,1,,1.0,annotation_only,no_sequence_query
L. rhamnosus,GCF_001656545.1,False,mutM,1,,1.0,annotation_only,no_sequence_query
L. rhamnosus,GCF_001656545.1,False,nth,1,,1.0,annotation_only,no_sequence_query
L. rhamnosus,GCF_900636965.1,False,perR,1,1.0,1.0,annotation_and_sequence_agree,curated_sequence_query
L. rhamnosus,GCF_900636965.1,False,ohrR,1,0.0,,unresolved_OhrR_without_context,reviewed_refs_competitive_blastp_context_v2
L. rhamnosus,GCF_900636965.1,False,catalase,0,0.0,0.0,annotation_and_sequence_agree,curated_sequence_query
L. rhamnosus,GCF_900636965.1,False,fur,0,,0.0,resolved_as_PerR,reviewed_refs_competitive_blastp_context_v2
L. rhamnosus,GCF_900636965.1,False,rex,1,1.0,1.0,resolved_positive_competitive_blastp,reviewed_refs_competitive_blastp_context_v2
L. rhamnosus,GCF_900636965.1,False,spx,1,1.0,1.0,resolved_positive_competitive_blastp,reviewed_refs_competitive_blastp_context_v2
L. rhamnosus,GCF_900636965.1,False,sod,0,0.0,0.0,annotation_and_sequence_agree,curated_sequence_query
L. rhamnosus,GCF_900636965.1,False,noxE,1,1.0,1.0,annotation_and_sequence_agree,curated_sequence_query
L. rhamnosus,GCF_900636965.1,False,gshA,0,,0.0,annotation_only,no_sequence_query
L. rhamnosus,GCF_900636965.1,False,gshB,0,,0.0,annotation_only,no_sequence_query
L. rhamnosus,GCF_900636965.1,False,gshF,0,,0.0,annotation_only,no_sequence_query
L. rhamnosus,GCF_900636965.1,False,trxA,1,,1.0,annotation_only,no_sequence_query
L. rhamnosus,GCF_900636965.1,False,trxB,1,,1.0,annotation_only,no_sequence_query
L. rhamnosus,GCF_900636965.1,False,recA,1,1.0,1.0,annotation_and_sequence_agree,curated_sequence_query
L. rhamnosus,GCF_900636965.1,False,uvrA,1,1.0,1.0,annotation_and_sequence_agree,curated_sequence_query
L. rhamnosus,GCF_900636965.1,False,uvrB,1,1.0,1.0,annotation_and_sequence_agree,curated_sequence_query
L. rhamnosus,GCF_900636965.1,False,uvrC,1,1.0,1.0,annotation_and_sequence_agree,curated_sequence_query
L. rhamnosus,GCF_900636965.1,False,mntH,1,,1.0,annotation_only,no_sequence_query
L. rhamnosus,GCF_900636965.1,False,mntA,1,,1.0,annotation_only,no_sequence_query
L. rhamnosus,GCF_900636965.1,False,mntB,1,,1.0,annotation_only,no_sequence_query
L. rhamnosus,GCF_900636965.1,False,mntC,1,,1.0,annotation_only,no_sequence_query
L. rhamnosus,GCF_900636965.1,False,mutS,1,,1.0,annotation_only,no_sequence_query
L. rhamnosus,GCF_900636965.1,False,mutL,1,,1.0,annotation_only,no_sequence_query
L. rhamnosus,GCF_900636965.1,False,mutM,1,,1.0,annotation_only,no_sequence_query
L. rhamnosus,GCF_900636965.1,False,nth,1,,1.0,annotation_only,no_sequence_query
L. rhamnosus,Vahe,True,perR,1,1.0,1.0,annotation_and_sequence_agree,curated_sequence_query
L. rhamnosus,Vahe,True,ohrR,1,0.0,1.0,resolved_OhrR_sequence_and_context,reviewed_refs_competitive_blastp_context_v2
L. rhamnosus,Vahe,True,catalase,0,0.0,0.0,annotation_and_sequence_agree,curated_sequence_query
L. rhamnosus,Vahe,True,fur,0,,0.0,resolved_as_PerR,reviewed_refs_competitive_blastp_context_v2
L. rhamnosus,Vahe,True,rex,1,1.0,1.0,resolved_positive_competitive_blastp,reviewed_refs_competitive_blastp_context_v2
L. rhamnosus,Vahe,True,spx,1,1.0,1.0,resolved_positive_competitive_blastp,reviewed_refs_competitive_blastp_context_v2
L. rhamnosus,Vahe,True,sod,0,0.0,0.0,annotation_and_sequence_agree,curated_sequence_query
L. rhamnosus,Vahe,True,noxE,1,1.0,1.0,annotation_and_sequence_agree,curated_sequence_query
L. rhamnosus,Vahe,True,gshA,0,,0.0,annotation_only,no_sequence_query
L. rhamnosus,Vahe,True,gshB,0,,0.0,annotation_only,no_sequence_query
L. rhamnosus,Vahe,True,gshF,0,,0.0,annotation_only,no_sequence_query
L. rhamnosus,Vahe,True,trxA,1,,1.0,annotation_only,no_sequence_query
L. rhamnosus,Vahe,True,trxB,1,,1.0,annotation_only,no_sequence_query
L. rhamnosus,Vahe,True,recA,1,1.0,1.0,annotation_and_sequence_agree,curated_sequence_query
L. rhamnosus,Vahe,True,uvrA,1,1.0,1.0,annotation_and_sequence_agree,curated_sequence_query
L. rhamnosus,Vahe,True,uvrB,1,1.0,1.0,annotation_and_sequence_agree,curated_sequence_query
L. rhamnosus,Vahe,True,uvrC,1,1.0,1.0,annotation_and_sequence_agree,curated_sequence_query
L. rhamnosus,Vahe,True,mntH,1,,1.0,annotation_only,no_sequence_query
L. rhamnosus,Vahe,True,mntA,1,,1.0,annotation_only,no_sequence_query
L. rhamnosus,Vahe,True,mntB,1,,1.0,annotation_only,no_sequence_query
L. rhamnosus,Vahe,True,mntC,1,,1.0,annotation_only,no_sequence_query
L. rhamnosus,Vahe,True,mutS,1,,1.0,annotation_only,no_sequence_query
L. rhamnosus,Vahe,True,mutL,1,,1.0,annotation_only,no_sequence_query
L. rhamnosus,Vahe,True,mutM,1,,1.0,annotation_only,no_sequence_query
L. rhamnosus,Vahe,True,nth,1,,1.0,annotation_only,no_sequence_query
L. delbrueckii,GCF_000056065.1,False,perR,0,0.0,0.0,annotation_and_sequence_agree,curated_sequence_query
L. delbrueckii,GCF_000056065.1,False,ohrR,0,0.0,0.0,not_detected,reviewed_refs_competitive_blastp_context_v2
L. delbrueckii,GCF_000056065.1,False,catalase,0,0.0,0.0,annotation_and_sequence_agree,curated_sequence_query
L. delbrueckii,GCF_000056065.1,False,fur,0,,0.0,not_detected,reviewed_refs_competitive_blastp_context_v2
L. delbrueckii,GCF_000056065.1,False,rex,1,1.0,1.0,resolved_positive_competitive_blastp,reviewed_refs_competitive_blastp_context_v2
L. delbrueckii,GCF_000056065.1,False,spx,1,0.0,1.0,resolved_positive_competitive_blastp,reviewed_refs_competitive_blastp_context_v2
L. delbrueckii,GCF_000056065.1,False,sod,0,0.0,0.0,annotation_and_sequence_agree,curated_sequence_query
L. delbrueckii,GCF_000056065.1,False,noxE,0,0.0,0.0,annotation_and_sequence_agree,curated_sequence_query
L. delbrueckii,GCF_000056065.1,False,gshA,0,,0.0,annotation_only,no_sequence_query
L. delbrueckii,GCF_000056065.1,False,gshB,0,,0.0,annotation_only,no_sequence_query
L. delbrueckii,GCF_000056065.1,False,gshF,0,,0.0,annotation_only,no_sequence_query
L. delbrueckii,GCF_000056065.1,False,trxA,1,,1.0,annotation_only,no_sequence_query
L. delbrueckii,GCF_000056065.1,False,trxB,1,,1.0,annotation_only,no_sequence_query
L. delbrueckii,GCF_000056065.1,False,recA,1,1.0,1.0,annotation_and_sequence_agree,curated_sequence_query
L. delbrueckii,GCF_000056065.1,False,uvrA,1,1.0,1.0,annotation_and_sequence_agree,curated_sequence_query
L. delbrueckii,GCF_000056065.1,False,uvrB,1,1.0,1.0,annotation_and_sequence_agree,curated_sequence_query
L. delbrueckii,GCF_000056065.1,False,uvrC,1,1.0,1.0,annotation_and_sequence_agree,curated_sequence_query
L. delbrueckii,GCF_000056065.1,False,mntH,0,,0.0,annotation_only,no_sequence_query
L. delbrueckii,GCF_000056065.1,False,mntA,0,,0.0,annotation_only,no_sequence_query
L. delbrueckii,GCF_000056065.1,False,mntB,1,,1.0,annotation_only,no_sequence_query
L. delbrueckii,GCF_000056065.1,False,mntC,0,,0.0,annotation_only,no_sequence_query
L. delbrueckii,GCF_000056065.1,False,mutS,1,,1.0,annotation_only,no_sequence_query
L. delbrueckii,GCF_000056065.1,False,mutL,1,,1.0,annotation_only,no_sequence_query
L. delbrueckii,GCF_000056065.1,False,mutM,1,,1.0,annotation_only,no_sequence_query
L. delbrueckii,GCF_000056065.1,False,nth,0,,0.0,annotation_only,no_sequence_query
L. delbrueckii,GCF_002847905.1,False,perR,0,0.0,0.0,annotation_and_sequence_agree,curated_sequence_query
L. delbrueckii,GCF_002847905.1,False,ohrR,0,0.0,0.0,not_detected,reviewed_refs_competitive_blastp_context_v2
L. delbrueckii,GCF_002847905.1,False,catalase,0,0.0,0.0,annotation_and_sequence_agree,curated_sequence_query
L. delbrueckii,GCF_002847905.1,False,fur,0,,0.0,not_detected,reviewed_refs_competitive_blastp_context_v2
L. delbrueckii,GCF_002847905.1,False,rex,1,1.0,1.0,resolved_positive_competitive_blastp,reviewed_refs_competitive_blastp_context_v2
L. delbrueckii,GCF_002847905.1,False,spx,1,0.0,1.0,resolved_positive_competitive_blastp,reviewed_refs_competitive_blastp_context_v2
L. delbrueckii,GCF_002847905.1,False,sod,0,0.0,0.0,annotation_and_sequence_agree,curated_sequence_query
L. delbrueckii,GCF_002847905.1,False,noxE,0,0.0,0.0,annotation_and_sequence_agree,curated_sequence_query
L. delbrueckii,GCF_002847905.1,False,gshA,0,,0.0,annotation_only,no_sequence_query
L. delbrueckii,GCF_002847905.1,False,gshB,0,,0.0,annotation_only,no_sequence_query
L. delbrueckii,GCF_002847905.1,False,gshF,0,,0.0,annotation_only,no_sequence_query
L. delbrueckii,GCF_002847905.1,False,trxA,1,,1.0,annotation_only,no_sequence_query
L. delbrueckii,GCF_002847905.1,False,trxB,1,,1.0,annotation_only,no_sequence_query
L. delbrueckii,GCF_002847905.1,False,recA,1,1.0,1.0,annotation_and_sequence_agree,curated_sequence_query
L. delbrueckii,GCF_002847905.1,False,uvrA,1,1.0,1.0,annotation_and_sequence_agree,curated_sequence_query
L. delbrueckii,GCF_002847905.1,False,uvrB,1,1.0,1.0,annotation_and_sequence_agree,curated_sequence_query
L. delbrueckii,GCF_002847905.1,False,uvrC,1,1.0,1.0,annotation_and_sequence_agree,curated_sequence_query
L. delbrueckii,GCF_002847905.1,False,mntH,0,,0.0,annotation_only,no_sequence_query
L. delbrueckii,GCF_002847905.1,False,mntA,0,,0.0,annotation_only,no_sequence_query
L. delbrueckii,GCF_002847905.1,False,mntB,0,,0.0,annotation_only,no_sequence_query
L. delbrueckii,GCF_002847905.1,False,mntC,0,,0.0,annotation_only,no_sequence_query
L. delbrueckii,GCF_002847905.1,False,mutS,1,,1.0,annotation_only,no_sequence_query
L. delbrueckii,GCF_002847905.1,False,mutL,1,,1.0,annotation_only,no_sequence_query
L. delbrueckii,GCF_002847905.1,False,mutM,1,,1.0,annotation_only,no_sequence_query
L. delbrueckii,GCF_002847905.1,False,nth,0,,0.0,annotation_only,no_sequence_query
L. delbrueckii,GCF_003545935.1,False,perR,0,0.0,0.0,annotation_and_sequence_agree,curated_sequence_query
L. delbrueckii,GCF_003545935.1,False,ohrR,0,0.0,0.0,not_detected,reviewed_refs_competitive_blastp_context_v2
L. delbrueckii,GCF_003545935.1,False,catalase,0,0.0,0.0,annotation_and_sequence_agree,curated_sequence_query
L. delbrueckii,GCF_003545935.1,False,fur,0,,0.0,not_detected,reviewed_refs_competitive_blastp_context_v2
L. delbrueckii,GCF_003545935.1,False,rex,1,1.0,1.0,resolved_positive_competitive_blastp,reviewed_refs_competitive_blastp_context_v2
L. delbrueckii,GCF_003545935.1,False,spx,1,0.0,1.0,resolved_positive_competitive_blastp,reviewed_refs_competitive_blastp_context_v2
L. delbrueckii,GCF_003545935.1,False,sod,0,0.0,0.0,annotation_and_sequence_agree,curated_sequence_query
L. delbrueckii,GCF_003545935.1,False,noxE,0,0.0,0.0,annotation_and_sequence_agree,curated_sequence_query
L. delbrueckii,GCF_003545935.1,False,gshA,0,,0.0,annotation_only,no_sequence_query
L. delbrueckii,GCF_003545935.1,False,gshB,0,,0.0,annotation_only,no_sequence_query
L. delbrueckii,GCF_003545935.1,False,gshF,0,,0.0,annotation_only,no_sequence_query
L. delbrueckii,GCF_003545935.1,False,trxA,1,,1.0,annotation_only,no_sequence_query
L. delbrueckii,GCF_003545935.1,False,trxB,1,,1.0,annotation_only,no_sequence_query
L. delbrueckii,GCF_003545935.1,False,recA,1,1.0,1.0,annotation_and_sequence_agree,curated_sequence_query
L. delbrueckii,GCF_003545935.1,False,uvrA,1,1.0,1.0,annotation_and_sequence_agree,curated_sequence_query
L. delbrueckii,GCF_003545935.1,False,uvrB,1,1.0,1.0,annotation_and_sequence_agree,curated_sequence_query
L. delbrueckii,GCF_003545935.1,False,uvrC,1,1.0,1.0,annotation_and_sequence_agree,curated_sequence_query
L. delbrueckii,GCF_003545935.1,False,mntH,0,,0.0,annotation_only,no_sequence_query
L. delbrueckii,GCF_003545935.1,False,mntA,0,,0.0,annotation_only,no_sequence_query
L. delbrueckii,GCF_003545935.1,False,mntB,1,,1.0,annotation_only,no_sequence_query
L. delbrueckii,GCF_003545935.1,False,mntC,0,,0.0,annotation_only,no_sequence_query
L. delbrueckii,GCF_003545935.1,False,mutS,1,,1.0,annotation_only,no_sequence_query
L. delbrueckii,GCF_003545935.1,False,mutL,1,,1.0,annotation_only,no_sequence_query
L. delbrueckii,GCF_003545935.1,False,mutM,1,,1.0,annotation_only,no_sequence_query
L. delbrueckii,GCF_003545935.1,False,nth,0,,0.0,annotation_only,no_sequence_query
L. delbrueckii,GCF_004211505.1,False,perR,0,0.0,0.0,annotation_and_sequence_agree,curated_sequence_query
L. delbrueckii,GCF_004211505.1,False,ohrR,0,0.0,0.0,not_detected,reviewed_refs_competitive_blastp_context_v2
L. delbrueckii,GCF_004211505.1,False,catalase,0,0.0,0.0,annotation_and_sequence_agree,curated_sequence_query
L. delbrueckii,GCF_004211505.1,False,fur,0,,0.0,not_detected,reviewed_refs_competitive_blastp_context_v2
L. delbrueckii,GCF_004211505.1,False,rex,1,1.0,1.0,resolved_positive_competitive_blastp,reviewed_refs_competitive_blastp_context_v2
L. delbrueckii,GCF_004211505.1,False,spx,1,0.0,1.0,resolved_positive_competitive_blastp,reviewed_refs_competitive_blastp_context_v2
L. delbrueckii,GCF_004211505.1,False,sod,0,0.0,0.0,annotation_and_sequence_agree,curated_sequence_query
L. delbrueckii,GCF_004211505.1,False,noxE,0,0.0,0.0,annotation_and_sequence_agree,curated_sequence_query
L. delbrueckii,GCF_004211505.1,False,gshA,0,,0.0,annotation_only,no_sequence_query
L. delbrueckii,GCF_004211505.1,False,gshB,0,,0.0,annotation_only,no_sequence_query
L. delbrueckii,GCF_004211505.1,False,gshF,0,,0.0,annotation_only,no_sequence_query
L. delbrueckii,GCF_004211505.1,False,trxA,1,,1.0,annotation_only,no_sequence_query
L. delbrueckii,GCF_004211505.1,False,trxB,1,,1.0,annotation_only,no_sequence_query
L. delbrueckii,GCF_004211505.1,False,recA,1,1.0,1.0,annotation_and_sequence_agree,curated_sequence_query
L. delbrueckii,GCF_004211505.1,False,uvrA,1,1.0,1.0,annotation_and_sequence_agree,curated_sequence_query
L. delbrueckii,GCF_004211505.1,False,uvrB,1,1.0,1.0,annotation_and_sequence_agree,curated_sequence_query
L. delbrueckii,GCF_004211505.1,False,uvrC,1,1.0,1.0,annotation_and_sequence_agree,curated_sequence_query
L. delbrueckii,GCF_004211505.1,False,mntH,0,,0.0,annotation_only,no_sequence_query
L. delbrueckii,GCF_004211505.1,False,mntA,0,,0.0,annotation_only,no_sequence_query
L. delbrueckii,GCF_004211505.1,False,mntB,1,,1.0,annotation_only,no_sequence_query
L. delbrueckii,GCF_004211505.1,False,mntC,0,,0.0,annotation_only,no_sequence_query
L. delbrueckii,GCF_004211505.1,False,mutS,1,,1.0,annotation_only,no_sequence_query
L. delbrueckii,GCF_004211505.1,False,mutL,1,,1.0,annotation_only,no_sequence_query
L. delbrueckii,GCF_004211505.1,False,mutM,1,,1.0,annotation_only,no_sequence_query
L. delbrueckii,GCF_004211505.1,False,nth,0,,0.0,annotation_only,no_sequence_query
L. delbrueckii,GCF_004211735.1,False,perR,0,0.0,0.0,annotation_and_sequence_agree,curated_sequence_query
L. delbrueckii,GCF_004211735.1,False,ohrR,0,0.0,0.0,not_detected,reviewed_refs_competitive_blastp_context_v2
L. delbrueckii,GCF_004211735.1,False,catalase,0,0.0,0.0,annotation_and_sequence_agree,curated_sequence_query
L. delbrueckii,GCF_004211735.1,False,fur,0,,0.0,not_detected,reviewed_refs_competitive_blastp_context_v2
L. delbrueckii,GCF_004211735.1,False,rex,1,1.0,1.0,resolved_positive_competitive_blastp,reviewed_refs_competitive_blastp_context_v2
L. delbrueckii,GCF_004211735.1,False,spx,1,0.0,1.0,resolved_positive_competitive_blastp,reviewed_refs_competitive_blastp_context_v2
L. delbrueckii,GCF_004211735.1,False,sod,0,0.0,0.0,annotation_and_sequence_agree,curated_sequence_query
L. delbrueckii,GCF_004211735.1,False,noxE,0,0.0,0.0,annotation_and_sequence_agree,curated_sequence_query
L. delbrueckii,GCF_004211735.1,False,gshA,0,,0.0,annotation_only,no_sequence_query
L. delbrueckii,GCF_004211735.1,False,gshB,0,,0.0,annotation_only,no_sequence_query
L. delbrueckii,GCF_004211735.1,False,gshF,0,,0.0,annotation_only,no_sequence_query
L. delbrueckii,GCF_004211735.1,False,trxA,1,,1.0,annotation_only,no_sequence_query
L. delbrueckii,GCF_004211735.1,False,trxB,1,,1.0,annotation_only,no_sequence_query
L. delbrueckii,GCF_004211735.1,False,recA,1,1.0,1.0,annotation_and_sequence_agree,curated_sequence_query
L. delbrueckii,GCF_004211735.1,False,uvrA,1,1.0,1.0,annotation_and_sequence_agree,curated_sequence_query
L. delbrueckii,GCF_004211735.1,False,uvrB,1,1.0,1.0,annotation_and_sequence_agree,curated_sequence_query
L. delbrueckii,GCF_004211735.1,False,uvrC,1,1.0,1.0,annotation_and_sequence_agree,curated_sequence_query
L. delbrueckii,GCF_004211735.1,False,mntH,0,,0.0,annotation_only,no_sequence_query
L. delbrueckii,GCF_004211735.1,False,mntA,0,,0.0,annotation_only,no_sequence_query
L. delbrueckii,GCF_004211735.1,False,mntB,0,,0.0,annotation_only,no_sequence_query
L. delbrueckii,GCF_004211735.1,False,mntC,0,,0.0,annotation_only,no_sequence_query
L. delbrueckii,GCF_004211735.1,False,mutS,1,,1.0,annotation_only,no_sequence_query
L. delbrueckii,GCF_004211735.1,False,mutL,1,,1.0,annotation_only,no_sequence_query
L. delbrueckii,GCF_004211735.1,False,mutM,1,,1.0,annotation_only,no_sequence_query
L. delbrueckii,GCF_004211735.1,False,nth,0,,0.0,annotation_only,no_sequence_query
L. delbrueckii,GCF_009362855.1,False,perR,0,0.0,0.0,annotation_and_sequence_agree,curated_sequence_query
L. delbrueckii,GCF_009362855.1,False,ohrR,0,0.0,0.0,not_detected,reviewed_refs_competitive_blastp_context_v2
L. delbrueckii,GCF_009362855.1,False,catalase,0,0.0,0.0,annotation_and_sequence_agree,curated_sequence_query
L. delbrueckii,GCF_009362855.1,False,fur,0,,0.0,not_detected,reviewed_refs_competitive_blastp_context_v2
L. delbrueckii,GCF_009362855.1,False,rex,1,1.0,1.0,resolved_positive_competitive_blastp,reviewed_refs_competitive_blastp_context_v2
L. delbrueckii,GCF_009362855.1,False,spx,1,0.0,1.0,resolved_positive_competitive_blastp,reviewed_refs_competitive_blastp_context_v2
L. delbrueckii,GCF_009362855.1,False,sod,0,0.0,0.0,annotation_and_sequence_agree,curated_sequence_query
L. delbrueckii,GCF_009362855.1,False,noxE,0,0.0,0.0,annotation_and_sequence_agree,curated_sequence_query
L. delbrueckii,GCF_009362855.1,False,gshA,0,,0.0,annotation_only,no_sequence_query
L. delbrueckii,GCF_009362855.1,False,gshB,0,,0.0,annotation_only,no_sequence_query
L. delbrueckii,GCF_009362855.1,False,gshF,0,,0.0,annotation_only,no_sequence_query
L. delbrueckii,GCF_009362855.1,False,trxA,1,,1.0,annotation_only,no_sequence_query
L. delbrueckii,GCF_009362855.1,False,trxB,1,,1.0,annotation_only,no_sequence_query
L. delbrueckii,GCF_009362855.1,False,recA,1,1.0,1.0,annotation_and_sequence_agree,curated_sequence_query
L. delbrueckii,GCF_009362855.1,False,uvrA,1,1.0,1.0,annotation_and_sequence_agree,curated_sequence_query
L. delbrueckii,GCF_009362855.1,False,uvrB,1,1.0,1.0,annotation_and_sequence_agree,curated_sequence_query
L. delbrueckii,GCF_009362855.1,False,uvrC,1,1.0,1.0,annotation_and_sequence_agree,curated_sequence_query
L. delbrueckii,GCF_009362855.1,False,mntH,0,,0.0,annotation_only,no_sequence_query
L. delbrueckii,GCF_009362855.1,False,mntA,0,,0.0,annotation_only,no_sequence_query
L. delbrueckii,GCF_009362855.1,False,mntB,1,,1.0,annotation_only,no_sequence_query
L. delbrueckii,GCF_009362855.1,False,mntC,0,,0.0,annotation_only,no_sequence_query
L. delbrueckii,GCF_009362855.1,False,mutS,1,,1.0,annotation_only,no_sequence_query
L. delbrueckii,GCF_009362855.1,False,mutL,1,,1.0,annotation_only,no_sequence_query
L. delbrueckii,GCF_009362855.1,False,mutM,1,,1.0,annotation_only,no_sequence_query
L. delbrueckii,GCF_009362855.1,False,nth,0,,0.0,annotation_only,no_sequence_query
L. delbrueckii,GCF_009734125.1,False,perR,0,0.0,0.0,annotation_and_sequence_agree,curated_sequence_query
L. delbrueckii,GCF_009734125.1,False,ohrR,0,0.0,0.0,not_detected,reviewed_refs_competitive_blastp_context_v2
L. delbrueckii,GCF_009734125.1,False,catalase,0,0.0,0.0,annotation_and_sequence_agree,curated_sequence_query
L. delbrueckii,GCF_009734125.1,False,fur,0,,0.0,not_detected,reviewed_refs_competitive_blastp_context_v2
L. delbrueckii,GCF_009734125.1,False,rex,1,1.0,1.0,resolved_positive_competitive_blastp,reviewed_refs_competitive_blastp_context_v2
L. delbrueckii,GCF_009734125.1,False,spx,1,0.0,1.0,resolved_positive_competitive_blastp,reviewed_refs_competitive_blastp_context_v2
L. delbrueckii,GCF_009734125.1,False,sod,0,0.0,0.0,annotation_and_sequence_agree,curated_sequence_query
L. delbrueckii,GCF_009734125.1,False,noxE,0,0.0,0.0,annotation_and_sequence_agree,curated_sequence_query
L. delbrueckii,GCF_009734125.1,False,gshA,0,,0.0,annotation_only,no_sequence_query
L. delbrueckii,GCF_009734125.1,False,gshB,0,,0.0,annotation_only,no_sequence_query
L. delbrueckii,GCF_009734125.1,False,gshF,0,,0.0,annotation_only,no_sequence_query
L. delbrueckii,GCF_009734125.1,False,trxA,1,,1.0,annotation_only,no_sequence_query
L. delbrueckii,GCF_009734125.1,False,trxB,1,,1.0,annotation_only,no_sequence_query
L. delbrueckii,GCF_009734125.1,False,recA,1,1.0,1.0,annotation_and_sequence_agree,curated_sequence_query
L. delbrueckii,GCF_009734125.1,False,uvrA,1,1.0,1.0,annotation_and_sequence_agree,curated_sequence_query
L. delbrueckii,GCF_009734125.1,False,uvrB,1,1.0,1.0,annotation_and_sequence_agree,curated_sequence_query
L. delbrueckii,GCF_009734125.1,False,uvrC,1,1.0,1.0,annotation_and_sequence_agree,curated_sequence_query
L. delbrueckii,GCF_009734125.1,False,mntH,0,,0.0,annotation_only,no_sequence_query
L. delbrueckii,GCF_009734125.1,False,mntA,0,,0.0,annotation_only,no_sequence_query
L. delbrueckii,GCF_009734125.1,False,mntB,1,,1.0,annotation_only,no_sequence_query
L. delbrueckii,GCF_009734125.1,False,mntC,0,,0.0,annotation_only,no_sequence_query
L. delbrueckii,GCF_009734125.1,False,mutS,1,,1.0,annotation_only,no_sequence_query
L. delbrueckii,GCF_009734125.1,False,mutL,1,,1.0,annotation_only,no_sequence_query
L. delbrueckii,GCF_009734125.1,False,mutM,1,,1.0,annotation_only,no_sequence_query
L. delbrueckii,GCF_009734125.1,False,nth,0,,0.0,annotation_only,no_sequence_query
L. delbrueckii,GCF_014830125.1,False,perR,0,0.0,0.0,annotation_and_sequence_agree,curated_sequence_query
L. delbrueckii,GCF_014830125.1,False,ohrR,0,0.0,0.0,not_detected,reviewed_refs_competitive_blastp_context_v2
L. delbrueckii,GCF_014830125.1,False,catalase,0,0.0,0.0,annotation_and_sequence_agree,curated_sequence_query
L. delbrueckii,GCF_014830125.1,False,fur,0,,0.0,not_detected,reviewed_refs_competitive_blastp_context_v2
L. delbrueckii,GCF_014830125.1,False,rex,1,1.0,1.0,resolved_positive_competitive_blastp,reviewed_refs_competitive_blastp_context_v2
L. delbrueckii,GCF_014830125.1,False,spx,1,0.0,1.0,resolved_positive_competitive_blastp,reviewed_refs_competitive_blastp_context_v2
L. delbrueckii,GCF_014830125.1,False,sod,0,0.0,0.0,annotation_and_sequence_agree,curated_sequence_query
L. delbrueckii,GCF_014830125.1,False,noxE,0,0.0,0.0,annotation_and_sequence_agree,curated_sequence_query
L. delbrueckii,GCF_014830125.1,False,gshA,0,,0.0,annotation_only,no_sequence_query
L. delbrueckii,GCF_014830125.1,False,gshB,0,,0.0,annotation_only,no_sequence_query
L. delbrueckii,GCF_014830125.1,False,gshF,0,,0.0,annotation_only,no_sequence_query
L. delbrueckii,GCF_014830125.1,False,trxA,1,,1.0,annotation_only,no_sequence_query
L. delbrueckii,GCF_014830125.1,False,trxB,1,,1.0,annotation_only,no_sequence_query
L. delbrueckii,GCF_014830125.1,False,recA,1,1.0,1.0,annotation_and_sequence_agree,curated_sequence_query
L. delbrueckii,GCF_014830125.1,False,uvrA,1,1.0,1.0,annotation_and_sequence_agree,curated_sequence_query
L. delbrueckii,GCF_014830125.1,False,uvrB,1,1.0,1.0,annotation_and_sequence_agree,curated_sequence_query
L. delbrueckii,GCF_014830125.1,False,uvrC,1,1.0,1.0,annotation_and_sequence_agree,curated_sequence_query
L. delbrueckii,GCF_014830125.1,False,mntH,0,,0.0,annotation_only,no_sequence_query
L. delbrueckii,GCF_014830125.1,False,mntA,0,,0.0,annotation_only,no_sequence_query
L. delbrueckii,GCF_014830125.1,False,mntB,1,,1.0,annotation_only,no_sequence_query
L. delbrueckii,GCF_014830125.1,False,mntC,0,,0.0,annotation_only,no_sequence_query
L. delbrueckii,GCF_014830125.1,False,mutS,1,,1.0,annotation_only,no_sequence_query
L. delbrueckii,GCF_014830125.1,False,mutL,1,,1.0,annotation_only,no_sequence_query
L. delbrueckii,GCF_014830125.1,False,mutM,1,,1.0,annotation_only,no_sequence_query
L. delbrueckii,GCF_014830125.1,False,nth,0,,0.0,annotation_only,no_sequence_query
L. delbrueckii,GCF_015377785.1,False,perR,0,0.0,0.0,annotation_and_sequence_agree,curated_sequence_query
L. delbrueckii,GCF_015377785.1,False,ohrR,0,0.0,0.0,not_detected,reviewed_refs_competitive_blastp_context_v2
L. delbrueckii,GCF_015377785.1,False,catalase,0,0.0,0.0,annotation_and_sequence_agree,curated_sequence_query
L. delbrueckii,GCF_015377785.1,False,fur,0,,0.0,not_detected,reviewed_refs_competitive_blastp_context_v2
L. delbrueckii,GCF_015377785.1,False,rex,1,1.0,1.0,resolved_positive_competitive_blastp,reviewed_refs_competitive_blastp_context_v2
L. delbrueckii,GCF_015377785.1,False,spx,1,0.0,1.0,resolved_positive_competitive_blastp,reviewed_refs_competitive_blastp_context_v2
L. delbrueckii,GCF_015377785.1,False,sod,0,0.0,0.0,annotation_and_sequence_agree,curated_sequence_query
L. delbrueckii,GCF_015377785.1,False,noxE,0,0.0,0.0,annotation_and_sequence_agree,curated_sequence_query
L. delbrueckii,GCF_015377785.1,False,gshA,0,,0.0,annotation_only,no_sequence_query
L. delbrueckii,GCF_015377785.1,False,gshB,0,,0.0,annotation_only,no_sequence_query
L. delbrueckii,GCF_015377785.1,False,gshF,0,,0.0,annotation_only,no_sequence_query
L. delbrueckii,GCF_015377785.1,False,trxA,1,,1.0,annotation_only,no_sequence_query
L. delbrueckii,GCF_015377785.1,False,trxB,1,,1.0,annotation_only,no_sequence_query
L. delbrueckii,GCF_015377785.1,False,recA,1,1.0,1.0,annotation_and_sequence_agree,curated_sequence_query
L. delbrueckii,GCF_015377785.1,False,uvrA,1,1.0,1.0,annotation_and_sequence_agree,curated_sequence_query
L. delbrueckii,GCF_015377785.1,False,uvrB,1,1.0,1.0,annotation_and_sequence_agree,curated_sequence_query
L. delbrueckii,GCF_015377785.1,False,uvrC,1,1.0,1.0,annotation_and_sequence_agree,curated_sequence_query
L. delbrueckii,GCF_015377785.1,False,mntH,0,,0.0,annotation_only,no_sequence_query
L. delbrueckii,GCF_015377785.1,False,mntA,0,,0.0,annotation_only,no_sequence_query
L. delbrueckii,GCF_015377785.1,False,mntB,1,,1.0,annotation_only,no_sequence_query
L. delbrueckii,GCF_015377785.1,False,mntC,0,,0.0,annotation_only,no_sequence_query
L. delbrueckii,GCF_015377785.1,False,mutS,1,,1.0,annotation_only,no_sequence_query
L. delbrueckii,GCF_015377785.1,False,mutL,1,,1.0,annotation_only,no_sequence_query
L. delbrueckii,GCF_015377785.1,False,mutM,1,,1.0,annotation_only,no_sequence_query
L. delbrueckii,GCF_015377785.1,False,nth,0,,0.0,annotation_only,no_sequence_query
L. delbrueckii,GCF_019583415.1,False,perR,0,0.0,0.0,annotation_and_sequence_agree,curated_sequence_query
L. delbrueckii,GCF_019583415.1,False,ohrR,0,0.0,0.0,not_detected,reviewed_refs_competitive_blastp_context_v2
L. delbrueckii,GCF_019583415.1,False,catalase,0,0.0,0.0,annotation_and_sequence_agree,curated_sequence_query
L. delbrueckii,GCF_019583415.1,False,fur,0,,0.0,not_detected,reviewed_refs_competitive_blastp_context_v2
L. delbrueckii,GCF_019583415.1,False,rex,1,1.0,1.0,resolved_positive_competitive_blastp,reviewed_refs_competitive_blastp_context_v2
L. delbrueckii,GCF_019583415.1,False,spx,1,0.0,1.0,resolved_positive_competitive_blastp,reviewed_refs_competitive_blastp_context_v2
L. delbrueckii,GCF_019583415.1,False,sod,0,0.0,0.0,annotation_and_sequence_agree,curated_sequence_query
L. delbrueckii,GCF_019583415.1,False,noxE,0,0.0,0.0,annotation_and_sequence_agree,curated_sequence_query
L. delbrueckii,GCF_019583415.1,False,gshA,0,,0.0,annotation_only,no_sequence_query
L. delbrueckii,GCF_019583415.1,False,gshB,0,,0.0,annotation_only,no_sequence_query
L. delbrueckii,GCF_019583415.1,False,gshF,0,,0.0,annotation_only,no_sequence_query
L. delbrueckii,GCF_019583415.1,False,trxA,1,,1.0,annotation_only,no_sequence_query
L. delbrueckii,GCF_019583415.1,False,trxB,1,,1.0,annotation_only,no_sequence_query
L. delbrueckii,GCF_019583415.1,False,recA,1,1.0,1.0,annotation_and_sequence_agree,curated_sequence_query
L. delbrueckii,GCF_019583415.1,False,uvrA,1,1.0,1.0,annotation_and_sequence_agree,curated_sequence_query
L. delbrueckii,GCF_019583415.1,False,uvrB,1,1.0,1.0,annotation_and_sequence_agree,curated_sequence_query
L. delbrueckii,GCF_019583415.1,False,uvrC,1,1.0,1.0,annotation_and_sequence_agree,curated_sequence_query
L. delbrueckii,GCF_019583415.1,False,mntH,0,,0.0,annotation_only,no_sequence_query
L. delbrueckii,GCF_019583415.1,False,mntA,0,,0.0,annotation_only,no_sequence_query
L. delbrueckii,GCF_019583415.1,False,mntB,1,,1.0,annotation_only,no_sequence_query
L. delbrueckii,GCF_019583415.1,False,mntC,0,,0.0,annotation_only,no_sequence_query
L. delbrueckii,GCF_019583415.1,False,mutS,1,,1.0,annotation_only,no_sequence_query
L. delbrueckii,GCF_019583415.1,False,mutL,1,,1.0,annotation_only,no_sequence_query
L. delbrueckii,GCF_019583415.1,False,mutM,1,,1.0,annotation_only,no_sequence_query
L. delbrueckii,GCF_019583415.1,False,nth,0,,0.0,annotation_only,no_sequence_query
L. delbrueckii,GCF_021600185.1,False,perR,0,0.0,0.0,annotation_and_sequence_agree,curated_sequence_query
L. delbrueckii,GCF_021600185.1,False,ohrR,0,0.0,0.0,not_detected,reviewed_refs_competitive_blastp_context_v2
L. delbrueckii,GCF_021600185.1,False,catalase,0,0.0,0.0,annotation_and_sequence_agree,curated_sequence_query
L. delbrueckii,GCF_021600185.1,False,fur,0,,0.0,not_detected,reviewed_refs_competitive_blastp_context_v2
L. delbrueckii,GCF_021600185.1,False,rex,1,1.0,1.0,resolved_positive_competitive_blastp,reviewed_refs_competitive_blastp_context_v2
L. delbrueckii,GCF_021600185.1,False,spx,1,0.0,1.0,resolved_positive_competitive_blastp,reviewed_refs_competitive_blastp_context_v2
L. delbrueckii,GCF_021600185.1,False,sod,0,0.0,0.0,annotation_and_sequence_agree,curated_sequence_query
L. delbrueckii,GCF_021600185.1,False,noxE,0,0.0,0.0,annotation_and_sequence_agree,curated_sequence_query
L. delbrueckii,GCF_021600185.1,False,gshA,0,,0.0,annotation_only,no_sequence_query
L. delbrueckii,GCF_021600185.1,False,gshB,0,,0.0,annotation_only,no_sequence_query
L. delbrueckii,GCF_021600185.1,False,gshF,0,,0.0,annotation_only,no_sequence_query
L. delbrueckii,GCF_021600185.1,False,trxA,1,,1.0,annotation_only,no_sequence_query
L. delbrueckii,GCF_021600185.1,False,trxB,1,,1.0,annotation_only,no_sequence_query
L. delbrueckii,GCF_021600185.1,False,recA,1,1.0,1.0,annotation_and_sequence_agree,curated_sequence_query
L. delbrueckii,GCF_021600185.1,False,uvrA,1,1.0,1.0,annotation_and_sequence_agree,curated_sequence_query
L. delbrueckii,GCF_021600185.1,False,uvrB,1,1.0,1.0,annotation_and_sequence_agree,curated_sequence_query
L. delbrueckii,GCF_021600185.1,False,uvrC,1,1.0,1.0,annotation_and_sequence_agree,curated_sequence_query
L. delbrueckii,GCF_021600185.1,False,mntH,0,,0.0,annotation_only,no_sequence_query
L. delbrueckii,GCF_021600185.1,False,mntA,0,,0.0,annotation_only,no_sequence_query
L. delbrueckii,GCF_021600185.1,False,mntB,0,,0.0,annotation_only,no_sequence_query
L. delbrueckii,GCF_021600185.1,False,mntC,0,,0.0,annotation_only,no_sequence_query
L. delbrueckii,GCF_021600185.1,False,mutS,1,,1.0,annotation_only,no_sequence_query
L. delbrueckii,GCF_021600185.1,False,mutL,1,,1.0,annotation_only,no_sequence_query
L. delbrueckii,GCF_021600185.1,False,mutM,1,,1.0,annotation_only,no_sequence_query
L. delbrueckii,GCF_021600185.1,False,nth,0,,0.0,annotation_only,no_sequence_query
L. delbrueckii,GCF_021600205.1,False,perR,0,0.0,0.0,annotation_and_sequence_agree,curated_sequence_query
L. delbrueckii,GCF_021600205.1,False,ohrR,0,0.0,0.0,not_detected,reviewed_refs_competitive_blastp_context_v2
L. delbrueckii,GCF_021600205.1,False,catalase,0,0.0,0.0,annotation_and_sequence_agree,curated_sequence_query
L. delbrueckii,GCF_021600205.1,False,fur,0,,0.0,not_detected,reviewed_refs_competitive_blastp_context_v2
L. delbrueckii,GCF_021600205.1,False,rex,1,1.0,1.0,resolved_positive_competitive_blastp,reviewed_refs_competitive_blastp_context_v2
L. delbrueckii,GCF_021600205.1,False,spx,1,0.0,1.0,resolved_positive_competitive_blastp,reviewed_refs_competitive_blastp_context_v2
L. delbrueckii,GCF_021600205.1,False,sod,0,0.0,0.0,annotation_and_sequence_agree,curated_sequence_query
L. delbrueckii,GCF_021600205.1,False,noxE,0,0.0,0.0,annotation_and_sequence_agree,curated_sequence_query
L. delbrueckii,GCF_021600205.1,False,gshA,0,,0.0,annotation_only,no_sequence_query
L. delbrueckii,GCF_021600205.1,False,gshB,0,,0.0,annotation_only,no_sequence_query
L. delbrueckii,GCF_021600205.1,False,gshF,0,,0.0,annotation_only,no_sequence_query
L. delbrueckii,GCF_021600205.1,False,trxA,1,,1.0,annotation_only,no_sequence_query
L. delbrueckii,GCF_021600205.1,False,trxB,1,,1.0,annotation_only,no_sequence_query
L. delbrueckii,GCF_021600205.1,False,recA,1,1.0,1.0,annotation_and_sequence_agree,curated_sequence_query
L. delbrueckii,GCF_021600205.1,False,uvrA,1,1.0,1.0,annotation_and_sequence_agree,curated_sequence_query
L. delbrueckii,GCF_021600205.1,False,uvrB,1,1.0,1.0,annotation_and_sequence_agree,curated_sequence_query
L. delbrueckii,GCF_021600205.1,False,uvrC,1,1.0,1.0,annotation_and_sequence_agree,curated_sequence_query
L. delbrueckii,GCF_021600205.1,False,mntH,0,,0.0,annotation_only,no_sequence_query
L. delbrueckii,GCF_021600205.1,False,mntA,0,,0.0,annotation_only,no_sequence_query
L. delbrueckii,GCF_021600205.1,False,mntB,1,,1.0,annotation_only,no_sequence_query
L. delbrueckii,GCF_021600205.1,False,mntC,0,,0.0,annotation_only,no_sequence_query
L. delbrueckii,GCF_021600205.1,False,mutS,1,,1.0,annotation_only,no_sequence_query
L. delbrueckii,GCF_021600205.1,False,mutL,1,,1.0,annotation_only,no_sequence_query
L. delbrueckii,GCF_021600205.1,False,mutM,1,,1.0,annotation_only,no_sequence_query
L. delbrueckii,GCF_021600205.1,False,nth,0,,0.0,annotation_only,no_sequence_query
L. delbrueckii,GCF_021600245.1,False,perR,0,0.0,0.0,annotation_and_sequence_agree,curated_sequence_query
L. delbrueckii,GCF_021600245.1,False,ohrR,0,0.0,0.0,not_detected,reviewed_refs_competitive_blastp_context_v2
L. delbrueckii,GCF_021600245.1,False,catalase,0,0.0,0.0,annotation_and_sequence_agree,curated_sequence_query
L. delbrueckii,GCF_021600245.1,False,fur,0,,0.0,not_detected,reviewed_refs_competitive_blastp_context_v2
L. delbrueckii,GCF_021600245.1,False,rex,1,1.0,1.0,resolved_positive_competitive_blastp,reviewed_refs_competitive_blastp_context_v2
L. delbrueckii,GCF_021600245.1,False,spx,1,0.0,0.0,resolved_as_MgsR,reviewed_refs_competitive_blastp_context_v2
L. delbrueckii,GCF_021600245.1,False,sod,0,0.0,0.0,annotation_and_sequence_agree,curated_sequence_query
L. delbrueckii,GCF_021600245.1,False,noxE,0,0.0,0.0,annotation_and_sequence_agree,curated_sequence_query
L. delbrueckii,GCF_021600245.1,False,gshA,0,,0.0,annotation_only,no_sequence_query
L. delbrueckii,GCF_021600245.1,False,gshB,0,,0.0,annotation_only,no_sequence_query
L. delbrueckii,GCF_021600245.1,False,gshF,0,,0.0,annotation_only,no_sequence_query
L. delbrueckii,GCF_021600245.1,False,trxA,1,,1.0,annotation_only,no_sequence_query
L. delbrueckii,GCF_021600245.1,False,trxB,1,,1.0,annotation_only,no_sequence_query
L. delbrueckii,GCF_021600245.1,False,recA,1,1.0,1.0,annotation_and_sequence_agree,curated_sequence_query
L. delbrueckii,GCF_021600245.1,False,uvrA,1,1.0,1.0,annotation_and_sequence_agree,curated_sequence_query
L. delbrueckii,GCF_021600245.1,False,uvrB,1,1.0,1.0,annotation_and_sequence_agree,curated_sequence_query
L. delbrueckii,GCF_021600245.1,False,uvrC,1,1.0,1.0,annotation_and_sequence_agree,curated_sequence_query
L. delbrueckii,GCF_021600245.1,False,mntH,0,,0.0,annotation_only,no_sequence_query
L. delbrueckii,GCF_021600245.1,False,mntA,0,,0.0,annotation_only,no_sequence_query
L. delbrueckii,GCF_021600245.1,False,mntB,1,,1.0,annotation_only,no_sequence_query
L. delbrueckii,GCF_021600245.1,False,mntC,0,,0.0,annotation_only,no_sequence_query
L. delbrueckii,GCF_021600245.1,False,mutS,1,,1.0,annotation_only,no_sequence_query
L. delbrueckii,GCF_021600245.1,False,mutL,1,,1.0,annotation_only,no_sequence_query
L. delbrueckii,GCF_021600245.1,False,mutM,1,,1.0,annotation_only,no_sequence_query
L. delbrueckii,GCF_021600245.1,False,nth,0,,0.0,annotation_only,no_sequence_query
L. delbrueckii,GCF_021600265.1,False,perR,0,0.0,0.0,annotation_and_sequence_agree,curated_sequence_query
L. delbrueckii,GCF_021600265.1,False,ohrR,0,0.0,0.0,not_detected,reviewed_refs_competitive_blastp_context_v2
L. delbrueckii,GCF_021600265.1,False,catalase,0,0.0,0.0,annotation_and_sequence_agree,curated_sequence_query
L. delbrueckii,GCF_021600265.1,False,fur,0,,0.0,not_detected,reviewed_refs_competitive_blastp_context_v2
L. delbrueckii,GCF_021600265.1,False,rex,1,1.0,1.0,resolved_positive_competitive_blastp,reviewed_refs_competitive_blastp_context_v2
L. delbrueckii,GCF_021600265.1,False,spx,1,0.0,1.0,resolved_positive_competitive_blastp,reviewed_refs_competitive_blastp_context_v2
L. delbrueckii,GCF_021600265.1,False,sod,0,0.0,0.0,annotation_and_sequence_agree,curated_sequence_query
L. delbrueckii,GCF_021600265.1,False,noxE,0,0.0,0.0,annotation_and_sequence_agree,curated_sequence_query
L. delbrueckii,GCF_021600265.1,False,gshA,0,,0.0,annotation_only,no_sequence_query
L. delbrueckii,GCF_021600265.1,False,gshB,0,,0.0,annotation_only,no_sequence_query
L. delbrueckii,GCF_021600265.1,False,gshF,0,,0.0,annotation_only,no_sequence_query
L. delbrueckii,GCF_021600265.1,False,trxA,1,,1.0,annotation_only,no_sequence_query
L. delbrueckii,GCF_021600265.1,False,trxB,1,,1.0,annotation_only,no_sequence_query
L. delbrueckii,GCF_021600265.1,False,recA,1,1.0,1.0,annotation_and_sequence_agree,curated_sequence_query
L. delbrueckii,GCF_021600265.1,False,uvrA,1,1.0,1.0,annotation_and_sequence_agree,curated_sequence_query
L. delbrueckii,GCF_021600265.1,False,uvrB,1,1.0,1.0,annotation_and_sequence_agree,curated_sequence_query
L. delbrueckii,GCF_021600265.1,False,uvrC,1,1.0,1.0,annotation_and_sequence_agree,curated_sequence_query
L. delbrueckii,GCF_021600265.1,False,mntH,0,,0.0,annotation_only,no_sequence_query
L. delbrueckii,GCF_021600265.1,False,mntA,0,,0.0,annotation_only,no_sequence_query
L. delbrueckii,GCF_021600265.1,False,mntB,1,,1.0,annotation_only,no_sequence_query
L. delbrueckii,GCF_021600265.1,False,mntC,0,,0.0,annotation_only,no_sequence_query
L. delbrueckii,GCF_021600265.1,False,mutS,1,,1.0,annotation_only,no_sequence_query
L. delbrueckii,GCF_021600265.1,False,mutL,1,,1.0,annotation_only,no_sequence_query
L. delbrueckii,GCF_021600265.1,False,mutM,1,,1.0,annotation_only,no_sequence_query
L. delbrueckii,GCF_021600265.1,False,nth,0,,0.0,annotation_only,no_sequence_query
L. delbrueckii,GCF_021600345.1,False,perR,0,0.0,0.0,annotation_and_sequence_agree,curated_sequence_query
L. delbrueckii,GCF_021600345.1,False,ohrR,0,0.0,0.0,not_detected,reviewed_refs_competitive_blastp_context_v2
L. delbrueckii,GCF_021600345.1,False,catalase,0,0.0,0.0,annotation_and_sequence_agree,curated_sequence_query
L. delbrueckii,GCF_021600345.1,False,fur,0,,0.0,not_detected,reviewed_refs_competitive_blastp_context_v2
L. delbrueckii,GCF_021600345.1,False,rex,1,1.0,1.0,resolved_positive_competitive_blastp,reviewed_refs_competitive_blastp_context_v2
L. delbrueckii,GCF_021600345.1,False,spx,1,0.0,1.0,resolved_positive_competitive_blastp,reviewed_refs_competitive_blastp_context_v2
L. delbrueckii,GCF_021600345.1,False,sod,0,0.0,0.0,annotation_and_sequence_agree,curated_sequence_query
L. delbrueckii,GCF_021600345.1,False,noxE,0,0.0,0.0,annotation_and_sequence_agree,curated_sequence_query
L. delbrueckii,GCF_021600345.1,False,gshA,0,,0.0,annotation_only,no_sequence_query
L. delbrueckii,GCF_021600345.1,False,gshB,0,,0.0,annotation_only,no_sequence_query
L. delbrueckii,GCF_021600345.1,False,gshF,0,,0.0,annotation_only,no_sequence_query
L. delbrueckii,GCF_021600345.1,False,trxA,1,,1.0,annotation_only,no_sequence_query
L. delbrueckii,GCF_021600345.1,False,trxB,1,,1.0,annotation_only,no_sequence_query
L. delbrueckii,GCF_021600345.1,False,recA,1,1.0,1.0,annotation_and_sequence_agree,curated_sequence_query
L. delbrueckii,GCF_021600345.1,False,uvrA,1,1.0,1.0,annotation_and_sequence_agree,curated_sequence_query
L. delbrueckii,GCF_021600345.1,False,uvrB,1,1.0,1.0,annotation_and_sequence_agree,curated_sequence_query
L. delbrueckii,GCF_021600345.1,False,uvrC,1,1.0,1.0,annotation_and_sequence_agree,curated_sequence_query
L. delbrueckii,GCF_021600345.1,False,mntH,0,,0.0,annotation_only,no_sequence_query
L. delbrueckii,GCF_021600345.1,False,mntA,0,,0.0,annotation_only,no_sequence_query
L. delbrueckii,GCF_021600345.1,False,mntB,1,,1.0,annotation_only,no_sequence_query
L. delbrueckii,GCF_021600345.1,False,mntC,0,,0.0,annotation_only,no_sequence_query
L. delbrueckii,GCF_021600345.1,False,mutS,1,,1.0,annotation_only,no_sequence_query
L. delbrueckii,GCF_021600345.1,False,mutL,1,,1.0,annotation_only,no_sequence_query
L. delbrueckii,GCF_021600345.1,False,mutM,1,,1.0,annotation_only,no_sequence_query
L. delbrueckii,GCF_021600345.1,False,nth,0,,0.0,annotation_only,no_sequence_query
L. delbrueckii,GCF_021600365.1,False,perR,0,0.0,0.0,annotation_and_sequence_agree,curated_sequence_query
L. delbrueckii,GCF_021600365.1,False,ohrR,0,0.0,0.0,not_detected,reviewed_refs_competitive_blastp_context_v2
L. delbrueckii,GCF_021600365.1,False,catalase,0,0.0,0.0,annotation_and_sequence_agree,curated_sequence_query
L. delbrueckii,GCF_021600365.1,False,fur,0,,0.0,not_detected,reviewed_refs_competitive_blastp_context_v2
L. delbrueckii,GCF_021600365.1,False,rex,1,1.0,1.0,resolved_positive_competitive_blastp,reviewed_refs_competitive_blastp_context_v2
L. delbrueckii,GCF_021600365.1,False,spx,1,0.0,1.0,resolved_positive_competitive_blastp,reviewed_refs_competitive_blastp_context_v2
L. delbrueckii,GCF_021600365.1,False,sod,0,0.0,0.0,annotation_and_sequence_agree,curated_sequence_query
L. delbrueckii,GCF_021600365.1,False,noxE,0,0.0,0.0,annotation_and_sequence_agree,curated_sequence_query
L. delbrueckii,GCF_021600365.1,False,gshA,0,,0.0,annotation_only,no_sequence_query
L. delbrueckii,GCF_021600365.1,False,gshB,0,,0.0,annotation_only,no_sequence_query
L. delbrueckii,GCF_021600365.1,False,gshF,0,,0.0,annotation_only,no_sequence_query
L. delbrueckii,GCF_021600365.1,False,trxA,1,,1.0,annotation_only,no_sequence_query
L. delbrueckii,GCF_021600365.1,False,trxB,1,,1.0,annotation_only,no_sequence_query
L. delbrueckii,GCF_021600365.1,False,recA,1,1.0,1.0,annotation_and_sequence_agree,curated_sequence_query
L. delbrueckii,GCF_021600365.1,False,uvrA,1,1.0,1.0,annotation_and_sequence_agree,curated_sequence_query
L. delbrueckii,GCF_021600365.1,False,uvrB,1,1.0,1.0,annotation_and_sequence_agree,curated_sequence_query
L. delbrueckii,GCF_021600365.1,False,uvrC,1,1.0,1.0,annotation_and_sequence_agree,curated_sequence_query
L. delbrueckii,GCF_021600365.1,False,mntH,0,,0.0,annotation_only,no_sequence_query
L. delbrueckii,GCF_021600365.1,False,mntA,0,,0.0,annotation_only,no_sequence_query
L. delbrueckii,GCF_021600365.1,False,mntB,1,,1.0,annotation_only,no_sequence_query
L. delbrueckii,GCF_021600365.1,False,mntC,0,,0.0,annotation_only,no_sequence_query
L. delbrueckii,GCF_021600365.1,False,mutS,1,,1.0,annotation_only,no_sequence_query
L. delbrueckii,GCF_021600365.1,False,mutL,1,,1.0,annotation_only,no_sequence_query
L. delbrueckii,GCF_021600365.1,False,mutM,1,,1.0,annotation_only,no_sequence_query
L. delbrueckii,GCF_021600365.1,False,nth,0,,0.0,annotation_only,no_sequence_query
L. delbrueckii,GCF_021600385.1,False,perR,0,0.0,0.0,annotation_and_sequence_agree,curated_sequence_query
L. delbrueckii,GCF_021600385.1,False,ohrR,0,0.0,0.0,not_detected,reviewed_refs_competitive_blastp_context_v2
L. delbrueckii,GCF_021600385.1,False,catalase,0,0.0,0.0,annotation_and_sequence_agree,curated_sequence_query
L. delbrueckii,GCF_021600385.1,False,fur,0,,0.0,not_detected,reviewed_refs_competitive_blastp_context_v2
L. delbrueckii,GCF_021600385.1,False,rex,1,1.0,1.0,resolved_positive_competitive_blastp,reviewed_refs_competitive_blastp_context_v2
L. delbrueckii,GCF_021600385.1,False,spx,1,0.0,1.0,resolved_positive_competitive_blastp,reviewed_refs_competitive_blastp_context_v2
L. delbrueckii,GCF_021600385.1,False,sod,0,0.0,0.0,annotation_and_sequence_agree,curated_sequence_query
L. delbrueckii,GCF_021600385.1,False,noxE,0,0.0,0.0,annotation_and_sequence_agree,curated_sequence_query
L. delbrueckii,GCF_021600385.1,False,gshA,0,,0.0,annotation_only,no_sequence_query
L. delbrueckii,GCF_021600385.1,False,gshB,0,,0.0,annotation_only,no_sequence_query
L. delbrueckii,GCF_021600385.1,False,gshF,0,,0.0,annotation_only,no_sequence_query
L. delbrueckii,GCF_021600385.1,False,trxA,1,,1.0,annotation_only,no_sequence_query
L. delbrueckii,GCF_021600385.1,False,trxB,1,,1.0,annotation_only,no_sequence_query
L. delbrueckii,GCF_021600385.1,False,recA,1,1.0,1.0,annotation_and_sequence_agree,curated_sequence_query
L. delbrueckii,GCF_021600385.1,False,uvrA,1,1.0,1.0,annotation_and_sequence_agree,curated_sequence_query
L. delbrueckii,GCF_021600385.1,False,uvrB,1,1.0,1.0,annotation_and_sequence_agree,curated_sequence_query
L. delbrueckii,GCF_021600385.1,False,uvrC,1,1.0,1.0,annotation_and_sequence_agree,curated_sequence_query
L. delbrueckii,GCF_021600385.1,False,mntH,0,,0.0,annotation_only,no_sequence_query
L. delbrueckii,GCF_021600385.1,False,mntA,0,,0.0,annotation_only,no_sequence_query
L. delbrueckii,GCF_021600385.1,False,mntB,0,,0.0,annotation_only,no_sequence_query
L. delbrueckii,GCF_021600385.1,False,mntC,0,,0.0,annotation_only,no_sequence_query
L. delbrueckii,GCF_021600385.1,False,mutS,1,,1.0,annotation_only,no_sequence_query
L. delbrueckii,GCF_021600385.1,False,mutL,1,,1.0,annotation_only,no_sequence_query
L. delbrueckii,GCF_021600385.1,False,mutM,1,,1.0,annotation_only,no_sequence_query
L. delbrueckii,GCF_021600385.1,False,nth,0,,0.0,annotation_only,no_sequence_query
L. delbrueckii,GCF_021600405.1,False,perR,0,0.0,0.0,annotation_and_sequence_agree,curated_sequence_query
L. delbrueckii,GCF_021600405.1,False,ohrR,0,0.0,0.0,not_detected,reviewed_refs_competitive_blastp_context_v2
L. delbrueckii,GCF_021600405.1,False,catalase,0,0.0,0.0,annotation_and_sequence_agree,curated_sequence_query
L. delbrueckii,GCF_021600405.1,False,fur,0,,0.0,not_detected,reviewed_refs_competitive_blastp_context_v2
L. delbrueckii,GCF_021600405.1,False,rex,1,1.0,1.0,resolved_positive_competitive_blastp,reviewed_refs_competitive_blastp_context_v2
L. delbrueckii,GCF_021600405.1,False,spx,1,0.0,1.0,resolved_positive_competitive_blastp,reviewed_refs_competitive_blastp_context_v2
L. delbrueckii,GCF_021600405.1,False,sod,0,0.0,0.0,annotation_and_sequence_agree,curated_sequence_query
L. delbrueckii,GCF_021600405.1,False,noxE,0,0.0,0.0,annotation_and_sequence_agree,curated_sequence_query
L. delbrueckii,GCF_021600405.1,False,gshA,0,,0.0,annotation_only,no_sequence_query
L. delbrueckii,GCF_021600405.1,False,gshB,0,,0.0,annotation_only,no_sequence_query
L. delbrueckii,GCF_021600405.1,False,gshF,0,,0.0,annotation_only,no_sequence_query
L. delbrueckii,GCF_021600405.1,False,trxA,1,,1.0,annotation_only,no_sequence_query
L. delbrueckii,GCF_021600405.1,False,trxB,1,,1.0,annotation_only,no_sequence_query
L. delbrueckii,GCF_021600405.1,False,recA,1,1.0,1.0,annotation_and_sequence_agree,curated_sequence_query
L. delbrueckii,GCF_021600405.1,False,uvrA,1,1.0,1.0,annotation_and_sequence_agree,curated_sequence_query
L. delbrueckii,GCF_021600405.1,False,uvrB,1,1.0,1.0,annotation_and_sequence_agree,curated_sequence_query
L. delbrueckii,GCF_021600405.1,False,uvrC,1,1.0,1.0,annotation_and_sequence_agree,curated_sequence_query
L. delbrueckii,GCF_021600405.1,False,mntH,0,,0.0,annotation_only,no_sequence_query
L. delbrueckii,GCF_021600405.1,False,mntA,0,,0.0,annotation_only,no_sequence_query
L. delbrueckii,GCF_021600405.1,False,mntB,1,,1.0,annotation_only,no_sequence_query
L. delbrueckii,GCF_021600405.1,False,mntC,0,,0.0,annotation_only,no_sequence_query
L. delbrueckii,GCF_021600405.1,False,mutS,1,,1.0,annotation_only,no_sequence_query
L. delbrueckii,GCF_021600405.1,False,mutL,1,,1.0,annotation_only,no_sequence_query
L. delbrueckii,GCF_021600405.1,False,mutM,1,,1.0,annotation_only,no_sequence_query
L. delbrueckii,GCF_021600405.1,False,nth,0,,0.0,annotation_only,no_sequence_query
L. delbrueckii,GCF_021600425.1,False,perR,0,0.0,0.0,annotation_and_sequence_agree,curated_sequence_query
L. delbrueckii,GCF_021600425.1,False,ohrR,0,0.0,0.0,not_detected,reviewed_refs_competitive_blastp_context_v2
L. delbrueckii,GCF_021600425.1,False,catalase,0,0.0,0.0,annotation_and_sequence_agree,curated_sequence_query
L. delbrueckii,GCF_021600425.1,False,fur,0,,0.0,not_detected,reviewed_refs_competitive_blastp_context_v2
L. delbrueckii,GCF_021600425.1,False,rex,1,1.0,1.0,resolved_positive_competitive_blastp,reviewed_refs_competitive_blastp_context_v2
L. delbrueckii,GCF_021600425.1,False,spx,1,0.0,1.0,resolved_positive_competitive_blastp,reviewed_refs_competitive_blastp_context_v2
L. delbrueckii,GCF_021600425.1,False,sod,0,0.0,0.0,annotation_and_sequence_agree,curated_sequence_query
L. delbrueckii,GCF_021600425.1,False,noxE,0,0.0,0.0,annotation_and_sequence_agree,curated_sequence_query
L. delbrueckii,GCF_021600425.1,False,gshA,0,,0.0,annotation_only,no_sequence_query
L. delbrueckii,GCF_021600425.1,False,gshB,0,,0.0,annotation_only,no_sequence_query
L. delbrueckii,GCF_021600425.1,False,gshF,0,,0.0,annotation_only,no_sequence_query
L. delbrueckii,GCF_021600425.1,False,trxA,1,,1.0,annotation_only,no_sequence_query
L. delbrueckii,GCF_021600425.1,False,trxB,1,,1.0,annotation_only,no_sequence_query
L. delbrueckii,GCF_021600425.1,False,recA,1,1.0,1.0,annotation_and_sequence_agree,curated_sequence_query
L. delbrueckii,GCF_021600425.1,False,uvrA,1,1.0,1.0,annotation_and_sequence_agree,curated_sequence_query
L. delbrueckii,GCF_021600425.1,False,uvrB,1,1.0,1.0,annotation_and_sequence_agree,curated_sequence_query
L. delbrueckii,GCF_021600425.1,False,uvrC,1,1.0,1.0,annotation_and_sequence_agree,curated_sequence_query
L. delbrueckii,GCF_021600425.1,False,mntH,0,,0.0,annotation_only,no_sequence_query
L. delbrueckii,GCF_021600425.1,False,mntA,0,,0.0,annotation_only,no_sequence_query
L. delbrueckii,GCF_021600425.1,False,mntB,1,,1.0,annotation_only,no_sequence_query
L. delbrueckii,GCF_021600425.1,False,mntC,0,,0.0,annotation_only,no_sequence_query
L. delbrueckii,GCF_021600425.1,False,mutS,1,,1.0,annotation_only,no_sequence_query
L. delbrueckii,GCF_021600425.1,False,mutL,1,,1.0,annotation_only,no_sequence_query
L. delbrueckii,GCF_021600425.1,False,mutM,1,,1.0,annotation_only,no_sequence_query
L. delbrueckii,GCF_021600425.1,False,nth,0,,0.0,annotation_only,no_sequence_query
L. delbrueckii,GCF_021600445.1,False,perR,0,0.0,0.0,annotation_and_sequence_agree,curated_sequence_query
L. delbrueckii,GCF_021600445.1,False,ohrR,0,0.0,0.0,not_detected,reviewed_refs_competitive_blastp_context_v2
L. delbrueckii,GCF_021600445.1,False,catalase,0,0.0,0.0,annotation_and_sequence_agree,curated_sequence_query
L. delbrueckii,GCF_021600445.1,False,fur,0,,0.0,not_detected,reviewed_refs_competitive_blastp_context_v2
L. delbrueckii,GCF_021600445.1,False,rex,1,1.0,1.0,resolved_positive_competitive_blastp,reviewed_refs_competitive_blastp_context_v2
L. delbrueckii,GCF_021600445.1,False,spx,1,0.0,1.0,resolved_positive_competitive_blastp,reviewed_refs_competitive_blastp_context_v2
L. delbrueckii,GCF_021600445.1,False,sod,0,0.0,0.0,annotation_and_sequence_agree,curated_sequence_query
L. delbrueckii,GCF_021600445.1,False,noxE,0,0.0,0.0,annotation_and_sequence_agree,curated_sequence_query
L. delbrueckii,GCF_021600445.1,False,gshA,0,,0.0,annotation_only,no_sequence_query
L. delbrueckii,GCF_021600445.1,False,gshB,0,,0.0,annotation_only,no_sequence_query
L. delbrueckii,GCF_021600445.1,False,gshF,0,,0.0,annotation_only,no_sequence_query
L. delbrueckii,GCF_021600445.1,False,trxA,1,,1.0,annotation_only,no_sequence_query
L. delbrueckii,GCF_021600445.1,False,trxB,1,,1.0,annotation_only,no_sequence_query
L. delbrueckii,GCF_021600445.1,False,recA,1,1.0,1.0,annotation_and_sequence_agree,curated_sequence_query
L. delbrueckii,GCF_021600445.1,False,uvrA,1,1.0,1.0,annotation_and_sequence_agree,curated_sequence_query
L. delbrueckii,GCF_021600445.1,False,uvrB,1,1.0,1.0,annotation_and_sequence_agree,curated_sequence_query
L. delbrueckii,GCF_021600445.1,False,uvrC,1,1.0,1.0,annotation_and_sequence_agree,curated_sequence_query
L. delbrueckii,GCF_021600445.1,False,mntH,0,,0.0,annotation_only,no_sequence_query
L. delbrueckii,GCF_021600445.1,False,mntA,0,,0.0,annotation_only,no_sequence_query
L. delbrueckii,GCF_021600445.1,False,mntB,1,,1.0,annotation_only,no_sequence_query
L. delbrueckii,GCF_021600445.1,False,mntC,0,,0.0,annotation_only,no_sequence_query
L. delbrueckii,GCF_021600445.1,False,mutS,1,,1.0,annotation_only,no_sequence_query
L. delbrueckii,GCF_021600445.1,False,mutL,1,,1.0,annotation_only,no_sequence_query
L. delbrueckii,GCF_021600445.1,False,mutM,1,,1.0,annotation_only,no_sequence_query
L. delbrueckii,GCF_021600445.1,False,nth,0,,0.0,annotation_only,no_sequence_query
L. delbrueckii,GCF_021600465.1,False,perR,0,0.0,0.0,annotation_and_sequence_agree,curated_sequence_query
L. delbrueckii,GCF_021600465.1,False,ohrR,0,0.0,0.0,not_detected,reviewed_refs_competitive_blastp_context_v2
L. delbrueckii,GCF_021600465.1,False,catalase,0,0.0,0.0,annotation_and_sequence_agree,curated_sequence_query
L. delbrueckii,GCF_021600465.1,False,fur,0,,0.0,not_detected,reviewed_refs_competitive_blastp_context_v2
L. delbrueckii,GCF_021600465.1,False,rex,1,1.0,1.0,resolved_positive_competitive_blastp,reviewed_refs_competitive_blastp_context_v2
L. delbrueckii,GCF_021600465.1,False,spx,1,0.0,1.0,resolved_positive_competitive_blastp,reviewed_refs_competitive_blastp_context_v2
L. delbrueckii,GCF_021600465.1,False,sod,0,0.0,0.0,annotation_and_sequence_agree,curated_sequence_query
L. delbrueckii,GCF_021600465.1,False,noxE,0,0.0,0.0,annotation_and_sequence_agree,curated_sequence_query
L. delbrueckii,GCF_021600465.1,False,gshA,0,,0.0,annotation_only,no_sequence_query
L. delbrueckii,GCF_021600465.1,False,gshB,0,,0.0,annotation_only,no_sequence_query
L. delbrueckii,GCF_021600465.1,False,gshF,0,,0.0,annotation_only,no_sequence_query
L. delbrueckii,GCF_021600465.1,False,trxA,1,,1.0,annotation_only,no_sequence_query
L. delbrueckii,GCF_021600465.1,False,trxB,1,,1.0,annotation_only,no_sequence_query
L. delbrueckii,GCF_021600465.1,False,recA,1,1.0,1.0,annotation_and_sequence_agree,curated_sequence_query
L. delbrueckii,GCF_021600465.1,False,uvrA,1,1.0,1.0,annotation_and_sequence_agree,curated_sequence_query
L. delbrueckii,GCF_021600465.1,False,uvrB,1,1.0,1.0,annotation_and_sequence_agree,curated_sequence_query
L. delbrueckii,GCF_021600465.1,False,uvrC,1,1.0,1.0,annotation_and_sequence_agree,curated_sequence_query
L. delbrueckii,GCF_021600465.1,False,mntH,0,,0.0,annotation_only,no_sequence_query
L. delbrueckii,GCF_021600465.1,False,mntA,0,,0.0,annotation_only,no_sequence_query
L. delbrueckii,GCF_021600465.1,False,mntB,0,,0.0,annotation_only,no_sequence_query
L. delbrueckii,GCF_021600465.1,False,mntC,0,,0.0,annotation_only,no_sequence_query
L. delbrueckii,GCF_021600465.1,False,mutS,1,,1.0,annotation_only,no_sequence_query
L. delbrueckii,GCF_021600465.1,False,mutL,1,,1.0,annotation_only,no_sequence_query
L. delbrueckii,GCF_021600465.1,False,mutM,1,,1.0,annotation_only,no_sequence_query
L. delbrueckii,GCF_021600465.1,False,nth,0,,0.0,annotation_only,no_sequence_query
L. delbrueckii,GCF_021600485.1,False,perR,0,0.0,0.0,annotation_and_sequence_agree,curated_sequence_query
L. delbrueckii,GCF_021600485.1,False,ohrR,0,0.0,0.0,not_detected,reviewed_refs_competitive_blastp_context_v2
L. delbrueckii,GCF_021600485.1,False,catalase,0,0.0,0.0,annotation_and_sequence_agree,curated_sequence_query
L. delbrueckii,GCF_021600485.1,False,fur,0,,0.0,not_detected,reviewed_refs_competitive_blastp_context_v2
L. delbrueckii,GCF_021600485.1,False,rex,1,1.0,1.0,resolved_positive_competitive_blastp,reviewed_refs_competitive_blastp_context_v2
L. delbrueckii,GCF_021600485.1,False,spx,1,0.0,1.0,resolved_positive_competitive_blastp,reviewed_refs_competitive_blastp_context_v2
L. delbrueckii,GCF_021600485.1,False,sod,0,0.0,0.0,annotation_and_sequence_agree,curated_sequence_query
L. delbrueckii,GCF_021600485.1,False,noxE,0,0.0,0.0,annotation_and_sequence_agree,curated_sequence_query
L. delbrueckii,GCF_021600485.1,False,gshA,0,,0.0,annotation_only,no_sequence_query
L. delbrueckii,GCF_021600485.1,False,gshB,0,,0.0,annotation_only,no_sequence_query
L. delbrueckii,GCF_021600485.1,False,gshF,0,,0.0,annotation_only,no_sequence_query
L. delbrueckii,GCF_021600485.1,False,trxA,1,,1.0,annotation_only,no_sequence_query
L. delbrueckii,GCF_021600485.1,False,trxB,1,,1.0,annotation_only,no_sequence_query
L. delbrueckii,GCF_021600485.1,False,recA,1,1.0,1.0,annotation_and_sequence_agree,curated_sequence_query
L. delbrueckii,GCF_021600485.1,False,uvrA,1,1.0,1.0,annotation_and_sequence_agree,curated_sequence_query
L. delbrueckii,GCF_021600485.1,False,uvrB,1,1.0,1.0,annotation_and_sequence_agree,curated_sequence_query
L. delbrueckii,GCF_021600485.1,False,uvrC,1,1.0,1.0,annotation_and_sequence_agree,curated_sequence_query
L. delbrueckii,GCF_021600485.1,False,mntH,0,,0.0,annotation_only,no_sequence_query
L. delbrueckii,GCF_021600485.1,False,mntA,0,,0.0,annotation_only,no_sequence_query
L. delbrueckii,GCF_021600485.1,False,mntB,0,,0.0,annotation_only,no_sequence_query
L. delbrueckii,GCF_021600485.1,False,mntC,0,,0.0,annotation_only,no_sequence_query
L. delbrueckii,GCF_021600485.1,False,mutS,1,,1.0,annotation_only,no_sequence_query
L. delbrueckii,GCF_021600485.1,False,mutL,1,,1.0,annotation_only,no_sequence_query
L. delbrueckii,GCF_021600485.1,False,mutM,1,,1.0,annotation_only,no_sequence_query
L. delbrueckii,GCF_021600485.1,False,nth,0,,0.0,annotation_only,no_sequence_query
L. delbrueckii,GCF_021600505.1,False,perR,0,0.0,0.0,annotation_and_sequence_agree,curated_sequence_query
L. delbrueckii,GCF_021600505.1,False,ohrR,0,0.0,0.0,not_detected,reviewed_refs_competitive_blastp_context_v2
L. delbrueckii,GCF_021600505.1,False,catalase,0,0.0,0.0,annotation_and_sequence_agree,curated_sequence_query
L. delbrueckii,GCF_021600505.1,False,fur,0,,0.0,not_detected,reviewed_refs_competitive_blastp_context_v2
L. delbrueckii,GCF_021600505.1,False,rex,1,1.0,1.0,resolved_positive_competitive_blastp,reviewed_refs_competitive_blastp_context_v2
L. delbrueckii,GCF_021600505.1,False,spx,1,0.0,1.0,resolved_positive_competitive_blastp,reviewed_refs_competitive_blastp_context_v2
L. delbrueckii,GCF_021600505.1,False,sod,0,0.0,0.0,annotation_and_sequence_agree,curated_sequence_query
L. delbrueckii,GCF_021600505.1,False,noxE,0,0.0,0.0,annotation_and_sequence_agree,curated_sequence_query
L. delbrueckii,GCF_021600505.1,False,gshA,0,,0.0,annotation_only,no_sequence_query
L. delbrueckii,GCF_021600505.1,False,gshB,0,,0.0,annotation_only,no_sequence_query
L. delbrueckii,GCF_021600505.1,False,gshF,0,,0.0,annotation_only,no_sequence_query
L. delbrueckii,GCF_021600505.1,False,trxA,1,,1.0,annotation_only,no_sequence_query
L. delbrueckii,GCF_021600505.1,False,trxB,1,,1.0,annotation_only,no_sequence_query
L. delbrueckii,GCF_021600505.1,False,recA,1,1.0,1.0,annotation_and_sequence_agree,curated_sequence_query
L. delbrueckii,GCF_021600505.1,False,uvrA,1,1.0,1.0,annotation_and_sequence_agree,curated_sequence_query
L. delbrueckii,GCF_021600505.1,False,uvrB,1,1.0,1.0,annotation_and_sequence_agree,curated_sequence_query
L. delbrueckii,GCF_021600505.1,False,uvrC,1,1.0,1.0,annotation_and_sequence_agree,curated_sequence_query
L. delbrueckii,GCF_021600505.1,False,mntH,0,,0.0,annotation_only,no_sequence_query
L. delbrueckii,GCF_021600505.1,False,mntA,0,,0.0,annotation_only,no_sequence_query
L. delbrueckii,GCF_021600505.1,False,mntB,1,,1.0,annotation_only,no_sequence_query
L. delbrueckii,GCF_021600505.1,False,mntC,0,,0.0,annotation_only,no_sequence_query
L. delbrueckii,GCF_021600505.1,False,mutS,1,,1.0,annotation_only,no_sequence_query
L. delbrueckii,GCF_021600505.1,False,mutL,1,,1.0,annotation_only,no_sequence_query
L. delbrueckii,GCF_021600505.1,False,mutM,1,,1.0,annotation_only,no_sequence_query
L. delbrueckii,GCF_021600505.1,False,nth,1,,1.0,annotation_only,no_sequence_query
L. delbrueckii,GCF_021600525.1,False,perR,0,0.0,0.0,annotation_and_sequence_agree,curated_sequence_query
L. delbrueckii,GCF_021600525.1,False,ohrR,0,0.0,0.0,not_detected,reviewed_refs_competitive_blastp_context_v2
L. delbrueckii,GCF_021600525.1,False,catalase,0,0.0,0.0,annotation_and_sequence_agree,curated_sequence_query
L. delbrueckii,GCF_021600525.1,False,fur,0,,0.0,not_detected,reviewed_refs_competitive_blastp_context_v2
L. delbrueckii,GCF_021600525.1,False,rex,1,1.0,1.0,resolved_positive_competitive_blastp,reviewed_refs_competitive_blastp_context_v2
L. delbrueckii,GCF_021600525.1,False,spx,1,0.0,1.0,resolved_positive_competitive_blastp,reviewed_refs_competitive_blastp_context_v2
L. delbrueckii,GCF_021600525.1,False,sod,0,0.0,0.0,annotation_and_sequence_agree,curated_sequence_query
L. delbrueckii,GCF_021600525.1,False,noxE,0,0.0,0.0,annotation_and_sequence_agree,curated_sequence_query
L. delbrueckii,GCF_021600525.1,False,gshA,0,,0.0,annotation_only,no_sequence_query
L. delbrueckii,GCF_021600525.1,False,gshB,0,,0.0,annotation_only,no_sequence_query
L. delbrueckii,GCF_021600525.1,False,gshF,0,,0.0,annotation_only,no_sequence_query
L. delbrueckii,GCF_021600525.1,False,trxA,1,,1.0,annotation_only,no_sequence_query
L. delbrueckii,GCF_021600525.1,False,trxB,1,,1.0,annotation_only,no_sequence_query
L. delbrueckii,GCF_021600525.1,False,recA,1,1.0,1.0,annotation_and_sequence_agree,curated_sequence_query
L. delbrueckii,GCF_021600525.1,False,uvrA,1,1.0,1.0,annotation_and_sequence_agree,curated_sequence_query
L. delbrueckii,GCF_021600525.1,False,uvrB,1,1.0,1.0,annotation_and_sequence_agree,curated_sequence_query
L. delbrueckii,GCF_021600525.1,False,uvrC,1,1.0,1.0,annotation_and_sequence_agree,curated_sequence_query
L. delbrueckii,GCF_021600525.1,False,mntH,0,,0.0,annotation_only,no_sequence_query
L. delbrueckii,GCF_021600525.1,False,mntA,0,,0.0,annotation_only,no_sequence_query
L. delbrueckii,GCF_021600525.1,False,mntB,1,,1.0,annotation_only,no_sequence_query
L. delbrueckii,GCF_021600525.1,False,mntC,0,,0.0,annotation_only,no_sequence_query
L. delbrueckii,GCF_021600525.1,False,mutS,1,,1.0,annotation_only,no_sequence_query
L. delbrueckii,GCF_021600525.1,False,mutL,1,,1.0,annotation_only,no_sequence_query
L. delbrueckii,GCF_021600525.1,False,mutM,1,,1.0,annotation_only,no_sequence_query
L. delbrueckii,GCF_021600525.1,False,nth,0,,0.0,annotation_only,no_sequence_query
L. delbrueckii,GCF_021600545.1,False,perR,0,0.0,0.0,annotation_and_sequence_agree,curated_sequence_query
L. delbrueckii,GCF_021600545.1,False,ohrR,0,0.0,0.0,not_detected,reviewed_refs_competitive_blastp_context_v2
L. delbrueckii,GCF_021600545.1,False,catalase,0,0.0,0.0,annotation_and_sequence_agree,curated_sequence_query
L. delbrueckii,GCF_021600545.1,False,fur,0,,0.0,not_detected,reviewed_refs_competitive_blastp_context_v2
L. delbrueckii,GCF_021600545.1,False,rex,1,1.0,1.0,resolved_positive_competitive_blastp,reviewed_refs_competitive_blastp_context_v2
L. delbrueckii,GCF_021600545.1,False,spx,1,0.0,1.0,resolved_positive_competitive_blastp,reviewed_refs_competitive_blastp_context_v2
L. delbrueckii,GCF_021600545.1,False,sod,0,0.0,0.0,annotation_and_sequence_agree,curated_sequence_query
L. delbrueckii,GCF_021600545.1,False,noxE,0,0.0,0.0,annotation_and_sequence_agree,curated_sequence_query
L. delbrueckii,GCF_021600545.1,False,gshA,0,,0.0,annotation_only,no_sequence_query
L. delbrueckii,GCF_021600545.1,False,gshB,0,,0.0,annotation_only,no_sequence_query
L. delbrueckii,GCF_021600545.1,False,gshF,0,,0.0,annotation_only,no_sequence_query
L. delbrueckii,GCF_021600545.1,False,trxA,1,,1.0,annotation_only,no_sequence_query
L. delbrueckii,GCF_021600545.1,False,trxB,1,,1.0,annotation_only,no_sequence_query
L. delbrueckii,GCF_021600545.1,False,recA,1,1.0,1.0,annotation_and_sequence_agree,curated_sequence_query
L. delbrueckii,GCF_021600545.1,False,uvrA,1,1.0,1.0,annotation_and_sequence_agree,curated_sequence_query
L. delbrueckii,GCF_021600545.1,False,uvrB,1,1.0,1.0,annotation_and_sequence_agree,curated_sequence_query
L. delbrueckii,GCF_021600545.1,False,uvrC,1,1.0,1.0,annotation_and_sequence_agree,curated_sequence_query
L. delbrueckii,GCF_021600545.1,False,mntH,0,,0.0,annotation_only,no_sequence_query
L. delbrueckii,GCF_021600545.1,False,mntA,0,,0.0,annotation_only,no_sequence_query
L. delbrueckii,GCF_021600545.1,False,mntB,0,,0.0,annotation_only,no_sequence_query
L. delbrueckii,GCF_021600545.1,False,mntC,0,,0.0,annotation_only,no_sequence_query
L. delbrueckii,GCF_021600545.1,False,mutS,1,,1.0,annotation_only,no_sequence_query
L. delbrueckii,GCF_021600545.1,False,mutL,1,,1.0,annotation_only,no_sequence_query
L. delbrueckii,GCF_021600545.1,False,mutM,1,,1.0,annotation_only,no_sequence_query
L. delbrueckii,GCF_021600545.1,False,nth,0,,0.0,annotation_only,no_sequence_query
L. delbrueckii,GCF_021600565.1,False,perR,0,0.0,0.0,annotation_and_sequence_agree,curated_sequence_query
L. delbrueckii,GCF_021600565.1,False,ohrR,0,0.0,0.0,not_detected,reviewed_refs_competitive_blastp_context_v2
L. delbrueckii,GCF_021600565.1,False,catalase,0,0.0,0.0,annotation_and_sequence_agree,curated_sequence_query
L. delbrueckii,GCF_021600565.1,False,fur,0,,0.0,not_detected,reviewed_refs_competitive_blastp_context_v2
L. delbrueckii,GCF_021600565.1,False,rex,1,1.0,1.0,resolved_positive_competitive_blastp,reviewed_refs_competitive_blastp_context_v2
L. delbrueckii,GCF_021600565.1,False,spx,1,0.0,1.0,resolved_positive_competitive_blastp,reviewed_refs_competitive_blastp_context_v2
L. delbrueckii,GCF_021600565.1,False,sod,0,0.0,0.0,annotation_and_sequence_agree,curated_sequence_query
L. delbrueckii,GCF_021600565.1,False,noxE,0,0.0,0.0,annotation_and_sequence_agree,curated_sequence_query
L. delbrueckii,GCF_021600565.1,False,gshA,0,,0.0,annotation_only,no_sequence_query
L. delbrueckii,GCF_021600565.1,False,gshB,0,,0.0,annotation_only,no_sequence_query
L. delbrueckii,GCF_021600565.1,False,gshF,0,,0.0,annotation_only,no_sequence_query
L. delbrueckii,GCF_021600565.1,False,trxA,1,,1.0,annotation_only,no_sequence_query
L. delbrueckii,GCF_021600565.1,False,trxB,1,,1.0,annotation_only,no_sequence_query
L. delbrueckii,GCF_021600565.1,False,recA,1,1.0,1.0,annotation_and_sequence_agree,curated_sequence_query
L. delbrueckii,GCF_021600565.1,False,uvrA,1,1.0,1.0,annotation_and_sequence_agree,curated_sequence_query
L. delbrueckii,GCF_021600565.1,False,uvrB,1,1.0,1.0,annotation_and_sequence_agree,curated_sequence_query
L. delbrueckii,GCF_021600565.1,False,uvrC,1,1.0,1.0,annotation_and_sequence_agree,curated_sequence_query
L. delbrueckii,GCF_021600565.1,False,mntH,0,,0.0,annotation_only,no_sequence_query
L. delbrueckii,GCF_021600565.1,False,mntA,0,,0.0,annotation_only,no_sequence_query
L. delbrueckii,GCF_021600565.1,False,mntB,1,,1.0,annotation_only,no_sequence_query
L. delbrueckii,GCF_021600565.1,False,mntC,0,,0.0,annotation_only,no_sequence_query
L. delbrueckii,GCF_021600565.1,False,mutS,1,,1.0,annotation_only,no_sequence_query
L. delbrueckii,GCF_021600565.1,False,mutL,1,,1.0,annotation_only,no_sequence_query
L. delbrueckii,GCF_021600565.1,False,mutM,1,,1.0,annotation_only,no_sequence_query
L. delbrueckii,GCF_021600565.1,False,nth,0,,0.0,annotation_only,no_sequence_query
L. delbrueckii,GCF_021600585.1,False,perR,0,0.0,0.0,annotation_and_sequence_agree,curated_sequence_query
L. delbrueckii,GCF_021600585.1,False,ohrR,0,0.0,0.0,not_detected,reviewed_refs_competitive_blastp_context_v2
L. delbrueckii,GCF_021600585.1,False,catalase,0,0.0,0.0,annotation_and_sequence_agree,curated_sequence_query
L. delbrueckii,GCF_021600585.1,False,fur,0,,0.0,not_detected,reviewed_refs_competitive_blastp_context_v2
L. delbrueckii,GCF_021600585.1,False,rex,1,1.0,1.0,resolved_positive_competitive_blastp,reviewed_refs_competitive_blastp_context_v2
L. delbrueckii,GCF_021600585.1,False,spx,1,0.0,1.0,resolved_positive_competitive_blastp,reviewed_refs_competitive_blastp_context_v2
L. delbrueckii,GCF_021600585.1,False,sod,0,0.0,0.0,annotation_and_sequence_agree,curated_sequence_query
L. delbrueckii,GCF_021600585.1,False,noxE,0,0.0,0.0,annotation_and_sequence_agree,curated_sequence_query
L. delbrueckii,GCF_021600585.1,False,gshA,0,,0.0,annotation_only,no_sequence_query
L. delbrueckii,GCF_021600585.1,False,gshB,0,,0.0,annotation_only,no_sequence_query
L. delbrueckii,GCF_021600585.1,False,gshF,0,,0.0,annotation_only,no_sequence_query
L. delbrueckii,GCF_021600585.1,False,trxA,1,,1.0,annotation_only,no_sequence_query
L. delbrueckii,GCF_021600585.1,False,trxB,1,,1.0,annotation_only,no_sequence_query
L. delbrueckii,GCF_021600585.1,False,recA,1,1.0,1.0,annotation_and_sequence_agree,curated_sequence_query
L. delbrueckii,GCF_021600585.1,False,uvrA,1,1.0,1.0,annotation_and_sequence_agree,curated_sequence_query
L. delbrueckii,GCF_021600585.1,False,uvrB,1,1.0,1.0,annotation_and_sequence_agree,curated_sequence_query
L. delbrueckii,GCF_021600585.1,False,uvrC,1,0.0,,unresolved_annotation_sequence_discordance,curated_sequence_query
L. delbrueckii,GCF_021600585.1,False,mntH,0,,0.0,annotation_only,no_sequence_query
L. delbrueckii,GCF_021600585.1,False,mntA,0,,0.0,annotation_only,no_sequence_query
L. delbrueckii,GCF_021600585.1,False,mntB,1,,1.0,annotation_only,no_sequence_query
L. delbrueckii,GCF_021600585.1,False,mntC,0,,0.0,annotation_only,no_sequence_query
L. delbrueckii,GCF_021600585.1,False,mutS,1,,1.0,annotation_only,no_sequence_query
L. delbrueckii,GCF_021600585.1,False,mutL,1,,1.0,annotation_only,no_sequence_query
L. delbrueckii,GCF_021600585.1,False,mutM,1,,1.0,annotation_only,no_sequence_query
L. delbrueckii,GCF_021600585.1,False,nth,0,,0.0,annotation_only,no_sequence_query
L. delbrueckii,GCF_021600605.1,False,perR,0,0.0,0.0,annotation_and_sequence_agree,curated_sequence_query
L. delbrueckii,GCF_021600605.1,False,ohrR,0,0.0,0.0,not_detected,reviewed_refs_competitive_blastp_context_v2
L. delbrueckii,GCF_021600605.1,False,catalase,0,0.0,0.0,annotation_and_sequence_agree,curated_sequence_query
L. delbrueckii,GCF_021600605.1,False,fur,0,,0.0,not_detected,reviewed_refs_competitive_blastp_context_v2
L. delbrueckii,GCF_021600605.1,False,rex,1,1.0,1.0,resolved_positive_competitive_blastp,reviewed_refs_competitive_blastp_context_v2
L. delbrueckii,GCF_021600605.1,False,spx,1,0.0,1.0,resolved_positive_competitive_blastp,reviewed_refs_competitive_blastp_context_v2
L. delbrueckii,GCF_021600605.1,False,sod,0,0.0,0.0,annotation_and_sequence_agree,curated_sequence_query
L. delbrueckii,GCF_021600605.1,False,noxE,0,0.0,0.0,annotation_and_sequence_agree,curated_sequence_query
L. delbrueckii,GCF_021600605.1,False,gshA,0,,0.0,annotation_only,no_sequence_query
L. delbrueckii,GCF_021600605.1,False,gshB,0,,0.0,annotation_only,no_sequence_query
L. delbrueckii,GCF_021600605.1,False,gshF,0,,0.0,annotation_only,no_sequence_query
L. delbrueckii,GCF_021600605.1,False,trxA,1,,1.0,annotation_only,no_sequence_query
L. delbrueckii,GCF_021600605.1,False,trxB,1,,1.0,annotation_only,no_sequence_query
L. delbrueckii,GCF_021600605.1,False,recA,1,1.0,1.0,annotation_and_sequence_agree,curated_sequence_query
L. delbrueckii,GCF_021600605.1,False,uvrA,1,1.0,1.0,annotation_and_sequence_agree,curated_sequence_query
L. delbrueckii,GCF_021600605.1,False,uvrB,1,1.0,1.0,annotation_and_sequence_agree,curated_sequence_query
L. delbrueckii,GCF_021600605.1,False,uvrC,1,1.0,1.0,annotation_and_sequence_agree,curated_sequence_query
L. delbrueckii,GCF_021600605.1,False,mntH,0,,0.0,annotation_only,no_sequence_query
L. delbrueckii,GCF_021600605.1,False,mntA,0,,0.0,annotation_only,no_sequence_query
L. delbrueckii,GCF_021600605.1,False,mntB,1,,1.0,annotation_only,no_sequence_query
L. delbrueckii,GCF_021600605.1,False,mntC,0,,0.0,annotation_only,no_sequence_query
L. delbrueckii,GCF_021600605.1,False,mutS,1,,1.0,annotation_only,no_sequence_query
L. delbrueckii,GCF_021600605.1,False,mutL,1,,1.0,annotation_only,no_sequence_query
L. delbrueckii,GCF_021600605.1,False,mutM,1,,1.0,annotation_only,no_sequence_query
L. delbrueckii,GCF_021600605.1,False,nth,0,,0.0,annotation_only,no_sequence_query
L. delbrueckii,GCF_021600625.1,False,perR,0,0.0,0.0,annotation_and_sequence_agree,curated_sequence_query
L. delbrueckii,GCF_021600625.1,False,ohrR,0,0.0,0.0,not_detected,reviewed_refs_competitive_blastp_context_v2
L. delbrueckii,GCF_021600625.1,False,catalase,0,0.0,0.0,annotation_and_sequence_agree,curated_sequence_query
L. delbrueckii,GCF_021600625.1,False,fur,0,,0.0,not_detected,reviewed_refs_competitive_blastp_context_v2
L. delbrueckii,GCF_021600625.1,False,rex,1,1.0,1.0,resolved_positive_competitive_blastp,reviewed_refs_competitive_blastp_context_v2
L. delbrueckii,GCF_021600625.1,False,spx,1,0.0,1.0,resolved_positive_competitive_blastp,reviewed_refs_competitive_blastp_context_v2
L. delbrueckii,GCF_021600625.1,False,sod,0,0.0,0.0,annotation_and_sequence_agree,curated_sequence_query
L. delbrueckii,GCF_021600625.1,False,noxE,0,0.0,0.0,annotation_and_sequence_agree,curated_sequence_query
L. delbrueckii,GCF_021600625.1,False,gshA,0,,0.0,annotation_only,no_sequence_query
L. delbrueckii,GCF_021600625.1,False,gshB,0,,0.0,annotation_only,no_sequence_query
L. delbrueckii,GCF_021600625.1,False,gshF,0,,0.0,annotation_only,no_sequence_query
L. delbrueckii,GCF_021600625.1,False,trxA,1,,1.0,annotation_only,no_sequence_query
L. delbrueckii,GCF_021600625.1,False,trxB,1,,1.0,annotation_only,no_sequence_query
L. delbrueckii,GCF_021600625.1,False,recA,1,1.0,1.0,annotation_and_sequence_agree,curated_sequence_query
L. delbrueckii,GCF_021600625.1,False,uvrA,1,1.0,1.0,annotation_and_sequence_agree,curated_sequence_query
L. delbrueckii,GCF_021600625.1,False,uvrB,1,1.0,1.0,annotation_and_sequence_agree,curated_sequence_query
L. delbrueckii,GCF_021600625.1,False,uvrC,1,1.0,1.0,annotation_and_sequence_agree,curated_sequence_query
L. delbrueckii,GCF_021600625.1,False,mntH,0,,0.0,annotation_only,no_sequence_query
L. delbrueckii,GCF_021600625.1,False,mntA,0,,0.0,annotation_only,no_sequence_query
L. delbrueckii,GCF_021600625.1,False,mntB,1,,1.0,annotation_only,no_sequence_query
L. delbrueckii,GCF_021600625.1,False,mntC,0,,0.0,annotation_only,no_sequence_query
L. delbrueckii,GCF_021600625.1,False,mutS,1,,1.0,annotation_only,no_sequence_query
L. delbrueckii,GCF_021600625.1,False,mutL,1,,1.0,annotation_only,no_sequence_query
L. delbrueckii,GCF_021600625.1,False,mutM,1,,1.0,annotation_only,no_sequence_query
L. delbrueckii,GCF_021600625.1,False,nth,0,,0.0,annotation_only,no_sequence_query
L. delbrueckii,GCF_021600645.1,False,perR,0,0.0,0.0,annotation_and_sequence_agree,curated_sequence_query
L. delbrueckii,GCF_021600645.1,False,ohrR,0,0.0,0.0,not_detected,reviewed_refs_competitive_blastp_context_v2
L. delbrueckii,GCF_021600645.1,False,catalase,0,0.0,0.0,annotation_and_sequence_agree,curated_sequence_query
L. delbrueckii,GCF_021600645.1,False,fur,0,,0.0,not_detected,reviewed_refs_competitive_blastp_context_v2
L. delbrueckii,GCF_021600645.1,False,rex,1,1.0,1.0,resolved_positive_competitive_blastp,reviewed_refs_competitive_blastp_context_v2
L. delbrueckii,GCF_021600645.1,False,spx,1,0.0,1.0,resolved_positive_competitive_blastp,reviewed_refs_competitive_blastp_context_v2
L. delbrueckii,GCF_021600645.1,False,sod,0,0.0,0.0,annotation_and_sequence_agree,curated_sequence_query
L. delbrueckii,GCF_021600645.1,False,noxE,0,0.0,0.0,annotation_and_sequence_agree,curated_sequence_query
L. delbrueckii,GCF_021600645.1,False,gshA,0,,0.0,annotation_only,no_sequence_query
L. delbrueckii,GCF_021600645.1,False,gshB,0,,0.0,annotation_only,no_sequence_query
L. delbrueckii,GCF_021600645.1,False,gshF,0,,0.0,annotation_only,no_sequence_query
L. delbrueckii,GCF_021600645.1,False,trxA,1,,1.0,annotation_only,no_sequence_query
L. delbrueckii,GCF_021600645.1,False,trxB,1,,1.0,annotation_only,no_sequence_query
L. delbrueckii,GCF_021600645.1,False,recA,1,1.0,1.0,annotation_and_sequence_agree,curated_sequence_query
L. delbrueckii,GCF_021600645.1,False,uvrA,1,1.0,1.0,annotation_and_sequence_agree,curated_sequence_query
L. delbrueckii,GCF_021600645.1,False,uvrB,1,1.0,1.0,annotation_and_sequence_agree,curated_sequence_query
L. delbrueckii,GCF_021600645.1,False,uvrC,1,1.0,1.0,annotation_and_sequence_agree,curated_sequence_query
L. delbrueckii,GCF_021600645.1,False,mntH,0,,0.0,annotation_only,no_sequence_query
L. delbrueckii,GCF_021600645.1,False,mntA,0,,0.0,annotation_only,no_sequence_query
L. delbrueckii,GCF_021600645.1,False,mntB,1,,1.0,annotation_only,no_sequence_query
L. delbrueckii,GCF_021600645.1,False,mntC,0,,0.0,annotation_only,no_sequence_query
L. delbrueckii,GCF_021600645.1,False,mutS,1,,1.0,annotation_only,no_sequence_query
L. delbrueckii,GCF_021600645.1,False,mutL,1,,1.0,annotation_only,no_sequence_query
L. delbrueckii,GCF_021600645.1,False,mutM,1,,1.0,annotation_only,no_sequence_query
L. delbrueckii,GCF_021600645.1,False,nth,0,,0.0,annotation_only,no_sequence_query
L. delbrueckii,IAHAHI,True,perR,0,0.0,0.0,annotation_and_sequence_agree,curated_sequence_query
L. delbrueckii,IAHAHI,True,ohrR,0,0.0,0.0,not_detected,reviewed_refs_competitive_blastp_context_v2
L. delbrueckii,IAHAHI,True,catalase,0,0.0,0.0,annotation_and_sequence_agree,curated_sequence_query
L. delbrueckii,IAHAHI,True,fur,0,,0.0,not_detected,reviewed_refs_competitive_blastp_context_v2
L. delbrueckii,IAHAHI,True,rex,1,0.0,,unresolved_exact_annotation_without_confident_orthology,reviewed_refs_competitive_blastp_context_v2
L. delbrueckii,IAHAHI,True,spx,1,0.0,1.0,resolved_positive_competitive_blastp,reviewed_refs_competitive_blastp_context_v2
L. delbrueckii,IAHAHI,True,sod,0,0.0,0.0,annotation_and_sequence_agree,curated_sequence_query
L. delbrueckii,IAHAHI,True,noxE,0,0.0,0.0,annotation_and_sequence_agree,curated_sequence_query
L. delbrueckii,IAHAHI,True,gshA,0,,0.0,annotation_only,no_sequence_query
L. delbrueckii,IAHAHI,True,gshB,0,,0.0,annotation_only,no_sequence_query
L. delbrueckii,IAHAHI,True,gshF,0,,0.0,annotation_only,no_sequence_query
L. delbrueckii,IAHAHI,True,trxA,1,,1.0,annotation_only,no_sequence_query
L. delbrueckii,IAHAHI,True,trxB,1,,1.0,annotation_only,no_sequence_query
L. delbrueckii,IAHAHI,True,recA,1,1.0,1.0,annotation_and_sequence_agree,curated_sequence_query
L. delbrueckii,IAHAHI,True,uvrA,1,1.0,1.0,annotation_and_sequence_agree,curated_sequence_query
L. delbrueckii,IAHAHI,True,uvrB,1,1.0,1.0,annotation_and_sequence_agree,curated_sequence_query
L. delbrueckii,IAHAHI,True,uvrC,1,1.0,1.0,annotation_and_sequence_agree,curated_sequence_query
L. delbrueckii,IAHAHI,True,mntH,0,,0.0,annotation_only,no_sequence_query
L. delbrueckii,IAHAHI,True,mntA,0,,0.0,annotation_only,no_sequence_query
L. delbrueckii,IAHAHI,True,mntB,1,,1.0,annotation_only,no_sequence_query
L. delbrueckii,IAHAHI,True,mntC,0,,0.0,annotation_only,no_sequence_query
L. delbrueckii,IAHAHI,True,mutS,1,,1.0,annotation_only,no_sequence_query
L. delbrueckii,IAHAHI,True,mutL,1,,1.0,annotation_only,no_sequence_query
L. delbrueckii,IAHAHI,True,mutM,1,,1.0,annotation_only,no_sequence_query
L. delbrueckii,IAHAHI,True,nth,0,,0.0,annotation_only,no_sequence_query
L. plantarum,GCF_000687495.1,False,perR,1,1.0,1.0,annotation_and_sequence_agree,curated_sequence_query
L. plantarum,GCF_000687495.1,False,ohrR,1,1.0,1.0,resolved_OhrR_sequence_and_context,reviewed_refs_competitive_blastp_context_v2
L. plantarum,GCF_000687495.1,False,catalase,1,1.0,1.0,annotation_and_sequence_agree,curated_sequence_query
L. plantarum,GCF_000687495.1,False,fur,0,,0.0,resolved_as_PerR,reviewed_refs_competitive_blastp_context_v2
L. plantarum,GCF_000687495.1,False,rex,1,1.0,1.0,resolved_positive_competitive_blastp,reviewed_refs_competitive_blastp_context_v2
L. plantarum,GCF_000687495.1,False,spx,1,1.0,1.0,resolved_positive_competitive_blastp,reviewed_refs_competitive_blastp_context_v2
L. plantarum,GCF_000687495.1,False,sod,0,0.0,0.0,annotation_and_sequence_agree,curated_sequence_query
L. plantarum,GCF_000687495.1,False,noxE,1,1.0,1.0,annotation_and_sequence_agree,curated_sequence_query
L. plantarum,GCF_000687495.1,False,gshA,0,,0.0,annotation_only,no_sequence_query
L. plantarum,GCF_000687495.1,False,gshB,0,,0.0,annotation_only,no_sequence_query
L. plantarum,GCF_000687495.1,False,gshF,0,,0.0,annotation_only,no_sequence_query
L. plantarum,GCF_000687495.1,False,trxA,1,,1.0,annotation_only,no_sequence_query
L. plantarum,GCF_000687495.1,False,trxB,1,,1.0,annotation_only,no_sequence_query
L. plantarum,GCF_000687495.1,False,recA,1,1.0,1.0,annotation_and_sequence_agree,curated_sequence_query
L. plantarum,GCF_000687495.1,False,uvrA,1,1.0,1.0,annotation_and_sequence_agree,curated_sequence_query
L. plantarum,GCF_000687495.1,False,uvrB,1,1.0,1.0,annotation_and_sequence_agree,curated_sequence_query
L. plantarum,GCF_000687495.1,False,uvrC,1,1.0,1.0,annotation_and_sequence_agree,curated_sequence_query
L. plantarum,GCF_000687495.1,False,mntH,1,,1.0,annotation_only,no_sequence_query
L. plantarum,GCF_000687495.1,False,mntA,0,,0.0,annotation_only,no_sequence_query
L. plantarum,GCF_000687495.1,False,mntB,1,,1.0,annotation_only,no_sequence_query
L. plantarum,GCF_000687495.1,False,mntC,1,,1.0,annotation_only,no_sequence_query
L. plantarum,GCF_000687495.1,False,mutS,1,,1.0,annotation_only,no_sequence_query
L. plantarum,GCF_000687495.1,False,mutL,1,,1.0,annotation_only,no_sequence_query
L. plantarum,GCF_000687495.1,False,mutM,1,,1.0,annotation_only,no_sequence_query
L. plantarum,GCF_000687495.1,False,nth,1,,1.0,annotation_only,no_sequence_query
L. plantarum,GCF_000731855.1,False,perR,1,1.0,1.0,annotation_and_sequence_agree,curated_sequence_query
L. plantarum,GCF_000731855.1,False,ohrR,1,1.0,1.0,resolved_OhrR_sequence_and_context,reviewed_refs_competitive_blastp_context_v2
L. plantarum,GCF_000731855.1,False,catalase,1,1.0,1.0,annotation_and_sequence_agree,curated_sequence_query
L. plantarum,GCF_000731855.1,False,fur,0,,0.0,resolved_as_PerR,reviewed_refs_competitive_blastp_context_v2
L. plantarum,GCF_000731855.1,False,rex,1,1.0,1.0,resolved_positive_competitive_blastp,reviewed_refs_competitive_blastp_context_v2
L. plantarum,GCF_000731855.1,False,spx,1,1.0,1.0,resolved_positive_competitive_blastp,reviewed_refs_competitive_blastp_context_v2
L. plantarum,GCF_000731855.1,False,sod,0,0.0,0.0,annotation_and_sequence_agree,curated_sequence_query
L. plantarum,GCF_000731855.1,False,noxE,1,1.0,1.0,annotation_and_sequence_agree,curated_sequence_query
L. plantarum,GCF_000731855.1,False,gshA,0,,0.0,annotation_only,no_sequence_query
L. plantarum,GCF_000731855.1,False,gshB,0,,0.0,annotation_only,no_sequence_query
L. plantarum,GCF_000731855.1,False,gshF,0,,0.0,annotation_only,no_sequence_query
L. plantarum,GCF_000731855.1,False,trxA,1,,1.0,annotation_only,no_sequence_query
L. plantarum,GCF_000731855.1,False,trxB,1,,1.0,annotation_only,no_sequence_query
L. plantarum,GCF_000731855.1,False,recA,1,1.0,1.0,annotation_and_sequence_agree,curated_sequence_query
L. plantarum,GCF_000731855.1,False,uvrA,1,1.0,1.0,annotation_and_sequence_agree,curated_sequence_query
L. plantarum,GCF_000731855.1,False,uvrB,1,1.0,1.0,annotation_and_sequence_agree,curated_sequence_query
L. plantarum,GCF_000731855.1,False,uvrC,1,1.0,1.0,annotation_and_sequence_agree,curated_sequence_query
L. plantarum,GCF_000731855.1,False,mntH,1,,1.0,annotation_only,no_sequence_query
L. plantarum,GCF_000731855.1,False,mntA,0,,0.0,annotation_only,no_sequence_query
L. plantarum,GCF_000731855.1,False,mntB,1,,1.0,annotation_only,no_sequence_query
L. plantarum,GCF_000731855.1,False,mntC,1,,1.0,annotation_only,no_sequence_query
L. plantarum,GCF_000731855.1,False,mutS,1,,1.0,annotation_only,no_sequence_query
L. plantarum,GCF_000731855.1,False,mutL,1,,1.0,annotation_only,no_sequence_query
L. plantarum,GCF_000731855.1,False,mutM,1,,1.0,annotation_only,no_sequence_query
L. plantarum,GCF_000731855.1,False,nth,1,,1.0,annotation_only,no_sequence_query
L. plantarum,GCF_000743895.1,False,perR,1,1.0,1.0,annotation_and_sequence_agree,curated_sequence_query
L. plantarum,GCF_000743895.1,False,ohrR,1,1.0,1.0,resolved_OhrR_sequence_and_context,reviewed_refs_competitive_blastp_context_v2
L. plantarum,GCF_000743895.1,False,catalase,1,1.0,1.0,annotation_and_sequence_agree,curated_sequence_query
L. plantarum,GCF_000743895.1,False,fur,0,,0.0,resolved_as_PerR,reviewed_refs_competitive_blastp_context_v2
L. plantarum,GCF_000743895.1,False,rex,1,1.0,1.0,resolved_positive_competitive_blastp,reviewed_refs_competitive_blastp_context_v2
L. plantarum,GCF_000743895.1,False,spx,1,1.0,1.0,resolved_positive_competitive_blastp,reviewed_refs_competitive_blastp_context_v2
L. plantarum,GCF_000743895.1,False,sod,0,0.0,0.0,annotation_and_sequence_agree,curated_sequence_query
L. plantarum,GCF_000743895.1,False,noxE,1,1.0,1.0,annotation_and_sequence_agree,curated_sequence_query
L. plantarum,GCF_000743895.1,False,gshA,0,,0.0,annotation_only,no_sequence_query
L. plantarum,GCF_000743895.1,False,gshB,0,,0.0,annotation_only,no_sequence_query
L. plantarum,GCF_000743895.1,False,gshF,0,,0.0,annotation_only,no_sequence_query
L. plantarum,GCF_000743895.1,False,trxA,1,,1.0,annotation_only,no_sequence_query
L. plantarum,GCF_000743895.1,False,trxB,1,,1.0,annotation_only,no_sequence_query
L. plantarum,GCF_000743895.1,False,recA,1,1.0,1.0,annotation_and_sequence_agree,curated_sequence_query
L. plantarum,GCF_000743895.1,False,uvrA,1,1.0,1.0,annotation_and_sequence_agree,curated_sequence_query
L. plantarum,GCF_000743895.1,False,uvrB,1,1.0,1.0,annotation_and_sequence_agree,curated_sequence_query
L. plantarum,GCF_000743895.1,False,uvrC,1,1.0,1.0,annotation_and_sequence_agree,curated_sequence_query
L. plantarum,GCF_000743895.1,False,mntH,1,,1.0,annotation_only,no_sequence_query
L. plantarum,GCF_000743895.1,False,mntA,0,,0.0,annotation_only,no_sequence_query
L. plantarum,GCF_000743895.1,False,mntB,1,,1.0,annotation_only,no_sequence_query
L. plantarum,GCF_000743895.1,False,mntC,1,,1.0,annotation_only,no_sequence_query
L. plantarum,GCF_000743895.1,False,mutS,1,,1.0,annotation_only,no_sequence_query
L. plantarum,GCF_000743895.1,False,mutL,1,,1.0,annotation_only,no_sequence_query
L. plantarum,GCF_000743895.1,False,mutM,1,,1.0,annotation_only,no_sequence_query
L. plantarum,GCF_000743895.1,False,nth,1,,1.0,annotation_only,no_sequence_query
L. plantarum,GCF_000764285.1,False,perR,1,1.0,1.0,annotation_and_sequence_agree,curated_sequence_query
L. plantarum,GCF_000764285.1,False,ohrR,1,1.0,1.0,resolved_OhrR_sequence_and_context,reviewed_refs_competitive_blastp_context_v2
L. plantarum,GCF_000764285.1,False,catalase,1,1.0,1.0,annotation_and_sequence_agree,curated_sequence_query
L. plantarum,GCF_000764285.1,False,fur,0,,0.0,resolved_as_PerR,reviewed_refs_competitive_blastp_context_v2
L. plantarum,GCF_000764285.1,False,rex,1,1.0,1.0,resolved_positive_competitive_blastp,reviewed_refs_competitive_blastp_context_v2
L. plantarum,GCF_000764285.1,False,spx,1,1.0,1.0,resolved_positive_competitive_blastp,reviewed_refs_competitive_blastp_context_v2
L. plantarum,GCF_000764285.1,False,sod,0,0.0,0.0,annotation_and_sequence_agree,curated_sequence_query
L. plantarum,GCF_000764285.1,False,noxE,1,1.0,1.0,annotation_and_sequence_agree,curated_sequence_query
L. plantarum,GCF_000764285.1,False,gshA,0,,0.0,annotation_only,no_sequence_query
L. plantarum,GCF_000764285.1,False,gshB,0,,0.0,annotation_only,no_sequence_query
L. plantarum,GCF_000764285.1,False,gshF,0,,0.0,annotation_only,no_sequence_query
L. plantarum,GCF_000764285.1,False,trxA,1,,1.0,annotation_only,no_sequence_query
L. plantarum,GCF_000764285.1,False,trxB,1,,1.0,annotation_only,no_sequence_query
L. plantarum,GCF_000764285.1,False,recA,1,1.0,1.0,annotation_and_sequence_agree,curated_sequence_query
L. plantarum,GCF_000764285.1,False,uvrA,1,1.0,1.0,annotation_and_sequence_agree,curated_sequence_query
L. plantarum,GCF_000764285.1,False,uvrB,1,1.0,1.0,annotation_and_sequence_agree,curated_sequence_query
L. plantarum,GCF_000764285.1,False,uvrC,1,1.0,1.0,annotation_and_sequence_agree,curated_sequence_query
L. plantarum,GCF_000764285.1,False,mntH,1,,1.0,annotation_only,no_sequence_query
L. plantarum,GCF_000764285.1,False,mntA,0,,0.0,annotation_only,no_sequence_query
L. plantarum,GCF_000764285.1,False,mntB,1,,1.0,annotation_only,no_sequence_query
L. plantarum,GCF_000764285.1,False,mntC,1,,1.0,annotation_only,no_sequence_query
L. plantarum,GCF_000764285.1,False,mutS,1,,1.0,annotation_only,no_sequence_query
L. plantarum,GCF_000764285.1,False,mutL,1,,1.0,annotation_only,no_sequence_query
L. plantarum,GCF_000764285.1,False,mutM,1,,1.0,annotation_only,no_sequence_query
L. plantarum,GCF_000764285.1,False,nth,1,,1.0,annotation_only,no_sequence_query
L. plantarum,GCF_000931425.2,False,perR,1,1.0,1.0,annotation_and_sequence_agree,curated_sequence_query
L. plantarum,GCF_000931425.2,False,ohrR,1,1.0,1.0,resolved_OhrR_sequence_and_context,reviewed_refs_competitive_blastp_context_v2
L. plantarum,GCF_000931425.2,False,catalase,1,1.0,1.0,annotation_and_sequence_agree,curated_sequence_query
L. plantarum,GCF_000931425.2,False,fur,0,,0.0,resolved_as_PerR,reviewed_refs_competitive_blastp_context_v2
L. plantarum,GCF_000931425.2,False,rex,1,1.0,1.0,resolved_positive_competitive_blastp,reviewed_refs_competitive_blastp_context_v2
L. plantarum,GCF_000931425.2,False,spx,1,1.0,1.0,resolved_positive_competitive_blastp,reviewed_refs_competitive_blastp_context_v2
L. plantarum,GCF_000931425.2,False,sod,0,0.0,0.0,annotation_and_sequence_agree,curated_sequence_query
L. plantarum,GCF_000931425.2,False,noxE,1,1.0,1.0,annotation_and_sequence_agree,curated_sequence_query
L. plantarum,GCF_000931425.2,False,gshA,0,,0.0,annotation_only,no_sequence_query
L. plantarum,GCF_000931425.2,False,gshB,0,,0.0,annotation_only,no_sequence_query
L. plantarum,GCF_000931425.2,False,gshF,0,,0.0,annotation_only,no_sequence_query
L. plantarum,GCF_000931425.2,False,trxA,1,,1.0,annotation_only,no_sequence_query
L. plantarum,GCF_000931425.2,False,trxB,1,,1.0,annotation_only,no_sequence_query
L. plantarum,GCF_000931425.2,False,recA,1,1.0,1.0,annotation_and_sequence_agree,curated_sequence_query
L. plantarum,GCF_000931425.2,False,uvrA,1,1.0,1.0,annotation_and_sequence_agree,curated_sequence_query
L. plantarum,GCF_000931425.2,False,uvrB,1,1.0,1.0,annotation_and_sequence_agree,curated_sequence_query
L. plantarum,GCF_000931425.2,False,uvrC,1,1.0,1.0,annotation_and_sequence_agree,curated_sequence_query
L. plantarum,GCF_000931425.2,False,mntH,1,,1.0,annotation_only,no_sequence_query
L. plantarum,GCF_000931425.2,False,mntA,0,,0.0,annotation_only,no_sequence_query
L. plantarum,GCF_000931425.2,False,mntB,1,,1.0,annotation_only,no_sequence_query
L. plantarum,GCF_000931425.2,False,mntC,1,,1.0,annotation_only,no_sequence_query
L. plantarum,GCF_000931425.2,False,mutS,1,,1.0,annotation_only,no_sequence_query
L. plantarum,GCF_000931425.2,False,mutL,1,,1.0,annotation_only,no_sequence_query
L. plantarum,GCF_000931425.2,False,mutM,1,,1.0,annotation_only,no_sequence_query
L. plantarum,GCF_000931425.2,False,nth,1,,1.0,annotation_only,no_sequence_query
L. plantarum,GCF_000956195.1,False,perR,1,1.0,1.0,annotation_and_sequence_agree,curated_sequence_query
L. plantarum,GCF_000956195.1,False,ohrR,1,1.0,1.0,resolved_OhrR_sequence_and_context,reviewed_refs_competitive_blastp_context_v2
L. plantarum,GCF_000956195.1,False,catalase,1,1.0,1.0,annotation_and_sequence_agree,curated_sequence_query
L. plantarum,GCF_000956195.1,False,fur,0,,0.0,resolved_as_PerR,reviewed_refs_competitive_blastp_context_v2
L. plantarum,GCF_000956195.1,False,rex,1,1.0,1.0,resolved_positive_competitive_blastp,reviewed_refs_competitive_blastp_context_v2
L. plantarum,GCF_000956195.1,False,spx,1,1.0,1.0,resolved_positive_competitive_blastp,reviewed_refs_competitive_blastp_context_v2
L. plantarum,GCF_000956195.1,False,sod,0,0.0,0.0,annotation_and_sequence_agree,curated_sequence_query
L. plantarum,GCF_000956195.1,False,noxE,1,1.0,1.0,annotation_and_sequence_agree,curated_sequence_query
L. plantarum,GCF_000956195.1,False,gshA,0,,0.0,annotation_only,no_sequence_query
L. plantarum,GCF_000956195.1,False,gshB,0,,0.0,annotation_only,no_sequence_query
L. plantarum,GCF_000956195.1,False,gshF,0,,0.0,annotation_only,no_sequence_query
L. plantarum,GCF_000956195.1,False,trxA,1,,1.0,annotation_only,no_sequence_query
L. plantarum,GCF_000956195.1,False,trxB,1,,1.0,annotation_only,no_sequence_query
L. plantarum,GCF_000956195.1,False,recA,1,1.0,1.0,annotation_and_sequence_agree,curated_sequence_query
L. plantarum,GCF_000956195.1,False,uvrA,1,1.0,1.0,annotation_and_sequence_agree,curated_sequence_query
L. plantarum,GCF_000956195.1,False,uvrB,1,1.0,1.0,annotation_and_sequence_agree,curated_sequence_query
L. plantarum,GCF_000956195.1,False,uvrC,1,1.0,1.0,annotation_and_sequence_agree,curated_sequence_query
L. plantarum,GCF_000956195.1,False,mntH,1,,1.0,annotation_only,no_sequence_query
L. plantarum,GCF_000956195.1,False,mntA,0,,0.0,annotation_only,no_sequence_query
L. plantarum,GCF_000956195.1,False,mntB,1,,1.0,annotation_only,no_sequence_query
L. plantarum,GCF_000956195.1,False,mntC,1,,1.0,annotation_only,no_sequence_query
L. plantarum,GCF_000956195.1,False,mutS,1,,1.0,annotation_only,no_sequence_query
L. plantarum,GCF_000956195.1,False,mutL,1,,1.0,annotation_only,no_sequence_query
L. plantarum,GCF_000956195.1,False,mutM,1,,1.0,annotation_only,no_sequence_query
L. plantarum,GCF_000956195.1,False,nth,1,,1.0,annotation_only,no_sequence_query
L. plantarum,GCF_000966475.1,False,perR,1,1.0,1.0,annotation_and_sequence_agree,curated_sequence_query
L. plantarum,GCF_000966475.1,False,ohrR,1,1.0,1.0,resolved_OhrR_sequence_and_context,reviewed_refs_competitive_blastp_context_v2
L. plantarum,GCF_000966475.1,False,catalase,1,1.0,1.0,annotation_and_sequence_agree,curated_sequence_query
L. plantarum,GCF_000966475.1,False,fur,0,,0.0,resolved_as_PerR,reviewed_refs_competitive_blastp_context_v2
L. plantarum,GCF_000966475.1,False,rex,1,1.0,1.0,resolved_positive_competitive_blastp,reviewed_refs_competitive_blastp_context_v2
L. plantarum,GCF_000966475.1,False,spx,1,1.0,1.0,resolved_positive_competitive_blastp,reviewed_refs_competitive_blastp_context_v2
L. plantarum,GCF_000966475.1,False,sod,0,0.0,0.0,annotation_and_sequence_agree,curated_sequence_query
L. plantarum,GCF_000966475.1,False,noxE,1,1.0,1.0,annotation_and_sequence_agree,curated_sequence_query
L. plantarum,GCF_000966475.1,False,gshA,0,,0.0,annotation_only,no_sequence_query
L. plantarum,GCF_000966475.1,False,gshB,0,,0.0,annotation_only,no_sequence_query
L. plantarum,GCF_000966475.1,False,gshF,0,,0.0,annotation_only,no_sequence_query
L. plantarum,GCF_000966475.1,False,trxA,1,,1.0,annotation_only,no_sequence_query
L. plantarum,GCF_000966475.1,False,trxB,1,,1.0,annotation_only,no_sequence_query
L. plantarum,GCF_000966475.1,False,recA,1,1.0,1.0,annotation_and_sequence_agree,curated_sequence_query
L. plantarum,GCF_000966475.1,False,uvrA,1,1.0,1.0,annotation_and_sequence_agree,curated_sequence_query
L. plantarum,GCF_000966475.1,False,uvrB,1,1.0,1.0,annotation_and_sequence_agree,curated_sequence_query
L. plantarum,GCF_000966475.1,False,uvrC,1,1.0,1.0,annotation_and_sequence_agree,curated_sequence_query
L. plantarum,GCF_000966475.1,False,mntH,1,,1.0,annotation_only,no_sequence_query
L. plantarum,GCF_000966475.1,False,mntA,0,,0.0,annotation_only,no_sequence_query
L. plantarum,GCF_000966475.1,False,mntB,1,,1.0,annotation_only,no_sequence_query
L. plantarum,GCF_000966475.1,False,mntC,1,,1.0,annotation_only,no_sequence_query
L. plantarum,GCF_000966475.1,False,mutS,1,,1.0,annotation_only,no_sequence_query
L. plantarum,GCF_000966475.1,False,mutL,1,,1.0,annotation_only,no_sequence_query
L. plantarum,GCF_000966475.1,False,mutM,1,,1.0,annotation_only,no_sequence_query
L. plantarum,GCF_000966475.1,False,nth,1,,1.0,annotation_only,no_sequence_query
L. plantarum,GCF_001005695.1,False,perR,1,1.0,1.0,annotation_and_sequence_agree,curated_sequence_query
L. plantarum,GCF_001005695.1,False,ohrR,1,1.0,1.0,resolved_OhrR_sequence_and_context,reviewed_refs_competitive_blastp_context_v2
L. plantarum,GCF_001005695.1,False,catalase,1,1.0,1.0,annotation_and_sequence_agree,curated_sequence_query
L. plantarum,GCF_001005695.1,False,fur,0,,0.0,resolved_as_PerR,reviewed_refs_competitive_blastp_context_v2
L. plantarum,GCF_001005695.1,False,rex,1,1.0,1.0,resolved_positive_competitive_blastp,reviewed_refs_competitive_blastp_context_v2
L. plantarum,GCF_001005695.1,False,spx,1,1.0,1.0,resolved_positive_competitive_blastp,reviewed_refs_competitive_blastp_context_v2
L. plantarum,GCF_001005695.1,False,sod,0,0.0,0.0,annotation_and_sequence_agree,curated_sequence_query
L. plantarum,GCF_001005695.1,False,noxE,1,1.0,1.0,annotation_and_sequence_agree,curated_sequence_query
L. plantarum,GCF_001005695.1,False,gshA,0,,0.0,annotation_only,no_sequence_query
L. plantarum,GCF_001005695.1,False,gshB,0,,0.0,annotation_only,no_sequence_query
L. plantarum,GCF_001005695.1,False,gshF,0,,0.0,annotation_only,no_sequence_query
L. plantarum,GCF_001005695.1,False,trxA,1,,1.0,annotation_only,no_sequence_query
L. plantarum,GCF_001005695.1,False,trxB,1,,1.0,annotation_only,no_sequence_query
L. plantarum,GCF_001005695.1,False,recA,1,1.0,1.0,annotation_and_sequence_agree,curated_sequence_query
L. plantarum,GCF_001005695.1,False,uvrA,1,1.0,1.0,annotation_and_sequence_agree,curated_sequence_query
L. plantarum,GCF_001005695.1,False,uvrB,1,1.0,1.0,annotation_and_sequence_agree,curated_sequence_query
L. plantarum,GCF_001005695.1,False,uvrC,1,1.0,1.0,annotation_and_sequence_agree,curated_sequence_query
L. plantarum,GCF_001005695.1,False,mntH,1,,1.0,annotation_only,no_sequence_query
L. plantarum,GCF_001005695.1,False,mntA,0,,0.0,annotation_only,no_sequence_query
L. plantarum,GCF_001005695.1,False,mntB,1,,1.0,annotation_only,no_sequence_query
L. plantarum,GCF_001005695.1,False,mntC,1,,1.0,annotation_only,no_sequence_query
L. plantarum,GCF_001005695.1,False,mutS,1,,1.0,annotation_only,no_sequence_query
L. plantarum,GCF_001005695.1,False,mutL,1,,1.0,annotation_only,no_sequence_query
L. plantarum,GCF_001005695.1,False,mutM,1,,1.0,annotation_only,no_sequence_query
L. plantarum,GCF_001005695.1,False,nth,1,,1.0,annotation_only,no_sequence_query
L. plantarum,GCF_001005805.1,False,perR,1,1.0,1.0,annotation_and_sequence_agree,curated_sequence_query
L. plantarum,GCF_001005805.1,False,ohrR,1,1.0,1.0,resolved_OhrR_sequence_and_context,reviewed_refs_competitive_blastp_context_v2
L. plantarum,GCF_001005805.1,False,catalase,1,1.0,1.0,annotation_and_sequence_agree,curated_sequence_query
L. plantarum,GCF_001005805.1,False,fur,0,,0.0,resolved_as_PerR,reviewed_refs_competitive_blastp_context_v2
L. plantarum,GCF_001005805.1,False,rex,1,1.0,1.0,resolved_positive_competitive_blastp,reviewed_refs_competitive_blastp_context_v2
L. plantarum,GCF_001005805.1,False,spx,1,1.0,1.0,resolved_positive_competitive_blastp,reviewed_refs_competitive_blastp_context_v2
L. plantarum,GCF_001005805.1,False,sod,0,0.0,0.0,annotation_and_sequence_agree,curated_sequence_query
L. plantarum,GCF_001005805.1,False,noxE,1,1.0,1.0,annotation_and_sequence_agree,curated_sequence_query
L. plantarum,GCF_001005805.1,False,gshA,0,,0.0,annotation_only,no_sequence_query
L. plantarum,GCF_001005805.1,False,gshB,0,,0.0,annotation_only,no_sequence_query
L. plantarum,GCF_001005805.1,False,gshF,0,,0.0,annotation_only,no_sequence_query
L. plantarum,GCF_001005805.1,False,trxA,1,,1.0,annotation_only,no_sequence_query
L. plantarum,GCF_001005805.1,False,trxB,1,,1.0,annotation_only,no_sequence_query
L. plantarum,GCF_001005805.1,False,recA,1,1.0,1.0,annotation_and_sequence_agree,curated_sequence_query
L. plantarum,GCF_001005805.1,False,uvrA,1,1.0,1.0,annotation_and_sequence_agree,curated_sequence_query
L. plantarum,GCF_001005805.1,False,uvrB,1,1.0,1.0,annotation_and_sequence_agree,curated_sequence_query
L. plantarum,GCF_001005805.1,False,uvrC,1,1.0,1.0,annotation_and_sequence_agree,curated_sequence_query
L. plantarum,GCF_001005805.1,False,mntH,1,,1.0,annotation_only,no_sequence_query
L. plantarum,GCF_001005805.1,False,mntA,0,,0.0,annotation_only,no_sequence_query
L. plantarum,GCF_001005805.1,False,mntB,1,,1.0,annotation_only,no_sequence_query
L. plantarum,GCF_001005805.1,False,mntC,1,,1.0,annotation_only,no_sequence_query
L. plantarum,GCF_001005805.1,False,mutS,1,,1.0,annotation_only,no_sequence_query
L. plantarum,GCF_001005805.1,False,mutL,1,,1.0,annotation_only,no_sequence_query
L. plantarum,GCF_001005805.1,False,mutM,1,,1.0,annotation_only,no_sequence_query
L. plantarum,GCF_001005805.1,False,nth,1,,1.0,annotation_only,no_sequence_query
L. plantarum,GCF_001010175.1,False,perR,1,1.0,1.0,annotation_and_sequence_agree,curated_sequence_query
L. plantarum,GCF_001010175.1,False,ohrR,1,1.0,1.0,resolved_OhrR_sequence_and_context,reviewed_refs_competitive_blastp_context_v2
L. plantarum,GCF_001010175.1,False,catalase,1,1.0,1.0,annotation_and_sequence_agree,curated_sequence_query
L. plantarum,GCF_001010175.1,False,fur,0,,0.0,resolved_as_PerR,reviewed_refs_competitive_blastp_context_v2
L. plantarum,GCF_001010175.1,False,rex,1,1.0,1.0,resolved_positive_competitive_blastp,reviewed_refs_competitive_blastp_context_v2
L. plantarum,GCF_001010175.1,False,spx,1,1.0,1.0,resolved_positive_competitive_blastp,reviewed_refs_competitive_blastp_context_v2
L. plantarum,GCF_001010175.1,False,sod,0,0.0,0.0,annotation_and_sequence_agree,curated_sequence_query
L. plantarum,GCF_001010175.1,False,noxE,1,1.0,1.0,annotation_and_sequence_agree,curated_sequence_query
L. plantarum,GCF_001010175.1,False,gshA,0,,0.0,annotation_only,no_sequence_query
L. plantarum,GCF_001010175.1,False,gshB,0,,0.0,annotation_only,no_sequence_query
L. plantarum,GCF_001010175.1,False,gshF,0,,0.0,annotation_only,no_sequence_query
L. plantarum,GCF_001010175.1,False,trxA,1,,1.0,annotation_only,no_sequence_query
L. plantarum,GCF_001010175.1,False,trxB,1,,1.0,annotation_only,no_sequence_query
L. plantarum,GCF_001010175.1,False,recA,1,1.0,1.0,annotation_and_sequence_agree,curated_sequence_query
L. plantarum,GCF_001010175.1,False,uvrA,1,1.0,1.0,annotation_and_sequence_agree,curated_sequence_query
L. plantarum,GCF_001010175.1,False,uvrB,1,1.0,1.0,annotation_and_sequence_agree,curated_sequence_query
L. plantarum,GCF_001010175.1,False,uvrC,1,1.0,1.0,annotation_and_sequence_agree,curated_sequence_query
L. plantarum,GCF_001010175.1,False,mntH,1,,1.0,annotation_only,no_sequence_query
L. plantarum,GCF_001010175.1,False,mntA,0,,0.0,annotation_only,no_sequence_query
L. plantarum,GCF_001010175.1,False,mntB,1,,1.0,annotation_only,no_sequence_query
L. plantarum,GCF_001010175.1,False,mntC,1,,1.0,annotation_only,no_sequence_query
L. plantarum,GCF_001010175.1,False,mutS,1,,1.0,annotation_only,no_sequence_query
L. plantarum,GCF_001010175.1,False,mutL,1,,1.0,annotation_only,no_sequence_query
L. plantarum,GCF_001010175.1,False,mutM,1,,1.0,annotation_only,no_sequence_query
L. plantarum,GCF_001010175.1,False,nth,1,,1.0,annotation_only,no_sequence_query
L. plantarum,GCF_001267905.1,False,perR,1,1.0,1.0,annotation_and_sequence_agree,curated_sequence_query
L. plantarum,GCF_001267905.1,False,ohrR,1,1.0,1.0,resolved_OhrR_sequence_and_context,reviewed_refs_competitive_blastp_context_v2
L. plantarum,GCF_001267905.1,False,catalase,1,1.0,1.0,annotation_and_sequence_agree,curated_sequence_query
L. plantarum,GCF_001267905.1,False,fur,0,,0.0,resolved_as_PerR,reviewed_refs_competitive_blastp_context_v2
L. plantarum,GCF_001267905.1,False,rex,1,1.0,1.0,resolved_positive_competitive_blastp,reviewed_refs_competitive_blastp_context_v2
L. plantarum,GCF_001267905.1,False,spx,1,1.0,1.0,resolved_positive_competitive_blastp,reviewed_refs_competitive_blastp_context_v2
L. plantarum,GCF_001267905.1,False,sod,0,0.0,0.0,annotation_and_sequence_agree,curated_sequence_query
L. plantarum,GCF_001267905.1,False,noxE,1,1.0,1.0,annotation_and_sequence_agree,curated_sequence_query
L. plantarum,GCF_001267905.1,False,gshA,0,,0.0,annotation_only,no_sequence_query
L. plantarum,GCF_001267905.1,False,gshB,0,,0.0,annotation_only,no_sequence_query
L. plantarum,GCF_001267905.1,False,gshF,0,,0.0,annotation_only,no_sequence_query
L. plantarum,GCF_001267905.1,False,trxA,1,,1.0,annotation_only,no_sequence_query
L. plantarum,GCF_001267905.1,False,trxB,1,,1.0,annotation_only,no_sequence_query
L. plantarum,GCF_001267905.1,False,recA,1,1.0,1.0,annotation_and_sequence_agree,curated_sequence_query
L. plantarum,GCF_001267905.1,False,uvrA,1,1.0,1.0,annotation_and_sequence_agree,curated_sequence_query
L. plantarum,GCF_001267905.1,False,uvrB,1,1.0,1.0,annotation_and_sequence_agree,curated_sequence_query
L. plantarum,GCF_001267905.1,False,uvrC,1,1.0,1.0,annotation_and_sequence_agree,curated_sequence_query
L. plantarum,GCF_001267905.1,False,mntH,1,,1.0,annotation_only,no_sequence_query
L. plantarum,GCF_001267905.1,False,mntA,1,,1.0,annotation_only,no_sequence_query
L. plantarum,GCF_001267905.1,False,mntB,1,,1.0,annotation_only,no_sequence_query
L. plantarum,GCF_001267905.1,False,mntC,1,,1.0,annotation_only,no_sequence_query
L. plantarum,GCF_001267905.1,False,mutS,1,,1.0,annotation_only,no_sequence_query
L. plantarum,GCF_001267905.1,False,mutL,1,,1.0,annotation_only,no_sequence_query
L. plantarum,GCF_001267905.1,False,mutM,1,,1.0,annotation_only,no_sequence_query
L. plantarum,GCF_001267905.1,False,nth,1,,1.0,annotation_only,no_sequence_query
L. plantarum,GCF_001278015.1,False,perR,1,1.0,1.0,annotation_and_sequence_agree,curated_sequence_query
L. plantarum,GCF_001278015.1,False,ohrR,1,1.0,1.0,resolved_OhrR_sequence_and_context,reviewed_refs_competitive_blastp_context_v2
L. plantarum,GCF_001278015.1,False,catalase,1,1.0,1.0,annotation_and_sequence_agree,curated_sequence_query
L. plantarum,GCF_001278015.1,False,fur,0,,0.0,resolved_as_PerR,reviewed_refs_competitive_blastp_context_v2
L. plantarum,GCF_001278015.1,False,rex,1,1.0,1.0,resolved_positive_competitive_blastp,reviewed_refs_competitive_blastp_context_v2
L. plantarum,GCF_001278015.1,False,spx,1,1.0,1.0,resolved_positive_competitive_blastp,reviewed_refs_competitive_blastp_context_v2
L. plantarum,GCF_001278015.1,False,sod,0,0.0,0.0,annotation_and_sequence_agree,curated_sequence_query
L. plantarum,GCF_001278015.1,False,noxE,1,1.0,1.0,annotation_and_sequence_agree,curated_sequence_query
L. plantarum,GCF_001278015.1,False,gshA,0,,0.0,annotation_only,no_sequence_query
L. plantarum,GCF_001278015.1,False,gshB,0,,0.0,annotation_only,no_sequence_query
L. plantarum,GCF_001278015.1,False,gshF,0,,0.0,annotation_only,no_sequence_query
L. plantarum,GCF_001278015.1,False,trxA,1,,1.0,annotation_only,no_sequence_query
L. plantarum,GCF_001278015.1,False,trxB,1,,1.0,annotation_only,no_sequence_query
L. plantarum,GCF_001278015.1,False,recA,1,1.0,1.0,annotation_and_sequence_agree,curated_sequence_query
L. plantarum,GCF_001278015.1,False,uvrA,1,1.0,1.0,annotation_and_sequence_agree,curated_sequence_query
L. plantarum,GCF_001278015.1,False,uvrB,1,1.0,1.0,annotation_and_sequence_agree,curated_sequence_query
L. plantarum,GCF_001278015.1,False,uvrC,1,1.0,1.0,annotation_and_sequence_agree,curated_sequence_query
L. plantarum,GCF_001278015.1,False,mntH,1,,1.0,annotation_only,no_sequence_query
L. plantarum,GCF_001278015.1,False,mntA,0,,0.0,annotation_only,no_sequence_query
L. plantarum,GCF_001278015.1,False,mntB,1,,1.0,annotation_only,no_sequence_query
L. plantarum,GCF_001278015.1,False,mntC,1,,1.0,annotation_only,no_sequence_query
L. plantarum,GCF_001278015.1,False,mutS,1,,1.0,annotation_only,no_sequence_query
L. plantarum,GCF_001278015.1,False,mutL,1,,1.0,annotation_only,no_sequence_query
L. plantarum,GCF_001278015.1,False,mutM,1,,1.0,annotation_only,no_sequence_query
L. plantarum,GCF_001278015.1,False,nth,1,,1.0,annotation_only,no_sequence_query
L. plantarum,GCF_001296095.1,False,perR,1,1.0,1.0,annotation_and_sequence_agree,curated_sequence_query
L. plantarum,GCF_001296095.1,False,ohrR,1,1.0,,unresolved_OhrR_without_context,reviewed_refs_competitive_blastp_context_v2
L. plantarum,GCF_001296095.1,False,catalase,1,1.0,1.0,annotation_and_sequence_agree,curated_sequence_query
L. plantarum,GCF_001296095.1,False,fur,0,,0.0,resolved_as_PerR,reviewed_refs_competitive_blastp_context_v2
L. plantarum,GCF_001296095.1,False,rex,1,1.0,1.0,resolved_positive_competitive_blastp,reviewed_refs_competitive_blastp_context_v2
L. plantarum,GCF_001296095.1,False,spx,1,1.0,1.0,resolved_positive_competitive_blastp,reviewed_refs_competitive_blastp_context_v2
L. plantarum,GCF_001296095.1,False,sod,0,0.0,0.0,annotation_and_sequence_agree,curated_sequence_query
L. plantarum,GCF_001296095.1,False,noxE,1,1.0,1.0,annotation_and_sequence_agree,curated_sequence_query
L. plantarum,GCF_001296095.1,False,gshA,0,,0.0,annotation_only,no_sequence_query
L. plantarum,GCF_001296095.1,False,gshB,0,,0.0,annotation_only,no_sequence_query
L. plantarum,GCF_001296095.1,False,gshF,0,,0.0,annotation_only,no_sequence_query
L. plantarum,GCF_001296095.1,False,trxA,1,,1.0,annotation_only,no_sequence_query
L. plantarum,GCF_001296095.1,False,trxB,1,,1.0,annotation_only,no_sequence_query
L. plantarum,GCF_001296095.1,False,recA,1,1.0,1.0,annotation_and_sequence_agree,curated_sequence_query
L. plantarum,GCF_001296095.1,False,uvrA,1,1.0,1.0,annotation_and_sequence_agree,curated_sequence_query
L. plantarum,GCF_001296095.1,False,uvrB,1,1.0,1.0,annotation_and_sequence_agree,curated_sequence_query
L. plantarum,GCF_001296095.1,False,uvrC,1,1.0,1.0,annotation_and_sequence_agree,curated_sequence_query
L. plantarum,GCF_001296095.1,False,mntH,1,,1.0,annotation_only,no_sequence_query
L. plantarum,GCF_001296095.1,False,mntA,1,,1.0,annotation_only,no_sequence_query
L. plantarum,GCF_001296095.1,False,mntB,1,,1.0,annotation_only,no_sequence_query
L. plantarum,GCF_001296095.1,False,mntC,1,,1.0,annotation_only,no_sequence_query
L. plantarum,GCF_001296095.1,False,mutS,1,,1.0,annotation_only,no_sequence_query
L. plantarum,GCF_001296095.1,False,mutL,1,,1.0,annotation_only,no_sequence_query
L. plantarum,GCF_001296095.1,False,mutM,1,,1.0,annotation_only,no_sequence_query
L. plantarum,GCF_001296095.1,False,nth,1,,1.0,annotation_only,no_sequence_query
L. plantarum,GCF_001302645.1,False,perR,1,1.0,1.0,annotation_and_sequence_agree,curated_sequence_query
L. plantarum,GCF_001302645.1,False,ohrR,1,1.0,1.0,resolved_OhrR_sequence_and_context,reviewed_refs_competitive_blastp_context_v2
L. plantarum,GCF_001302645.1,False,catalase,1,1.0,1.0,annotation_and_sequence_agree,curated_sequence_query
L. plantarum,GCF_001302645.1,False,fur,0,,0.0,resolved_as_PerR,reviewed_refs_competitive_blastp_context_v2
L. plantarum,GCF_001302645.1,False,rex,1,1.0,1.0,resolved_positive_competitive_blastp,reviewed_refs_competitive_blastp_context_v2
L. plantarum,GCF_001302645.1,False,spx,1,1.0,1.0,resolved_positive_competitive_blastp,reviewed_refs_competitive_blastp_context_v2
L. plantarum,GCF_001302645.1,False,sod,0,0.0,0.0,annotation_and_sequence_agree,curated_sequence_query
L. plantarum,GCF_001302645.1,False,noxE,1,1.0,1.0,annotation_and_sequence_agree,curated_sequence_query
L. plantarum,GCF_001302645.1,False,gshA,0,,0.0,annotation_only,no_sequence_query
L. plantarum,GCF_001302645.1,False,gshB,0,,0.0,annotation_only,no_sequence_query
L. plantarum,GCF_001302645.1,False,gshF,0,,0.0,annotation_only,no_sequence_query
L. plantarum,GCF_001302645.1,False,trxA,1,,1.0,annotation_only,no_sequence_query
L. plantarum,GCF_001302645.1,False,trxB,1,,1.0,annotation_only,no_sequence_query
L. plantarum,GCF_001302645.1,False,recA,1,1.0,1.0,annotation_and_sequence_agree,curated_sequence_query
L. plantarum,GCF_001302645.1,False,uvrA,1,1.0,1.0,annotation_and_sequence_agree,curated_sequence_query
L. plantarum,GCF_001302645.1,False,uvrB,1,1.0,1.0,annotation_and_sequence_agree,curated_sequence_query
L. plantarum,GCF_001302645.1,False,uvrC,1,1.0,1.0,annotation_and_sequence_agree,curated_sequence_query
L. plantarum,GCF_001302645.1,False,mntH,1,,1.0,annotation_only,no_sequence_query
L. plantarum,GCF_001302645.1,False,mntA,0,,0.0,annotation_only,no_sequence_query
L. plantarum,GCF_001302645.1,False,mntB,1,,1.0,annotation_only,no_sequence_query
L. plantarum,GCF_001302645.1,False,mntC,1,,1.0,annotation_only,no_sequence_query
L. plantarum,GCF_001302645.1,False,mutS,1,,1.0,annotation_only,no_sequence_query
L. plantarum,GCF_001302645.1,False,mutL,1,,1.0,annotation_only,no_sequence_query
L. plantarum,GCF_001302645.1,False,mutM,1,,1.0,annotation_only,no_sequence_query
L. plantarum,GCF_001302645.1,False,nth,1,,1.0,annotation_only,no_sequence_query
L. plantarum,GCF_001308305.1,False,perR,1,1.0,1.0,annotation_and_sequence_agree,curated_sequence_query
L. plantarum,GCF_001308305.1,False,ohrR,1,1.0,1.0,resolved_OhrR_sequence_and_context,reviewed_refs_competitive_blastp_context_v2
L. plantarum,GCF_001308305.1,False,catalase,1,1.0,1.0,annotation_and_sequence_agree,curated_sequence_query
L. plantarum,GCF_001308305.1,False,fur,0,,0.0,resolved_as_PerR,reviewed_refs_competitive_blastp_context_v2
L. plantarum,GCF_001308305.1,False,rex,1,1.0,1.0,resolved_positive_competitive_blastp,reviewed_refs_competitive_blastp_context_v2
L. plantarum,GCF_001308305.1,False,spx,1,1.0,1.0,resolved_positive_competitive_blastp,reviewed_refs_competitive_blastp_context_v2
L. plantarum,GCF_001308305.1,False,sod,0,0.0,0.0,annotation_and_sequence_agree,curated_sequence_query
L. plantarum,GCF_001308305.1,False,noxE,1,1.0,1.0,annotation_and_sequence_agree,curated_sequence_query
L. plantarum,GCF_001308305.1,False,gshA,0,,0.0,annotation_only,no_sequence_query
L. plantarum,GCF_001308305.1,False,gshB,0,,0.0,annotation_only,no_sequence_query
L. plantarum,GCF_001308305.1,False,gshF,0,,0.0,annotation_only,no_sequence_query
L. plantarum,GCF_001308305.1,False,trxA,1,,1.0,annotation_only,no_sequence_query
L. plantarum,GCF_001308305.1,False,trxB,1,,1.0,annotation_only,no_sequence_query
L. plantarum,GCF_001308305.1,False,recA,1,1.0,1.0,annotation_and_sequence_agree,curated_sequence_query
L. plantarum,GCF_001308305.1,False,uvrA,1,1.0,1.0,annotation_and_sequence_agree,curated_sequence_query
L. plantarum,GCF_001308305.1,False,uvrB,1,1.0,1.0,annotation_and_sequence_agree,curated_sequence_query
L. plantarum,GCF_001308305.1,False,uvrC,1,1.0,1.0,annotation_and_sequence_agree,curated_sequence_query
L. plantarum,GCF_001308305.1,False,mntH,1,,1.0,annotation_only,no_sequence_query
L. plantarum,GCF_001308305.1,False,mntA,0,,0.0,annotation_only,no_sequence_query
L. plantarum,GCF_001308305.1,False,mntB,1,,1.0,annotation_only,no_sequence_query
L. plantarum,GCF_001308305.1,False,mntC,1,,1.0,annotation_only,no_sequence_query
L. plantarum,GCF_001308305.1,False,mutS,1,,1.0,annotation_only,no_sequence_query
L. plantarum,GCF_001308305.1,False,mutL,1,,1.0,annotation_only,no_sequence_query
L. plantarum,GCF_001308305.1,False,mutM,1,,1.0,annotation_only,no_sequence_query
L. plantarum,GCF_001308305.1,False,nth,1,,1.0,annotation_only,no_sequence_query
L. plantarum,GCF_001331925.2,False,perR,1,1.0,1.0,annotation_and_sequence_agree,curated_sequence_query
L. plantarum,GCF_001331925.2,False,ohrR,1,1.0,1.0,resolved_OhrR_sequence_and_context,reviewed_refs_competitive_blastp_context_v2
L. plantarum,GCF_001331925.2,False,catalase,1,1.0,1.0,annotation_and_sequence_agree,curated_sequence_query
L. plantarum,GCF_001331925.2,False,fur,0,,0.0,resolved_as_PerR,reviewed_refs_competitive_blastp_context_v2
L. plantarum,GCF_001331925.2,False,rex,1,1.0,1.0,resolved_positive_competitive_blastp,reviewed_refs_competitive_blastp_context_v2
L. plantarum,GCF_001331925.2,False,spx,1,1.0,1.0,resolved_positive_competitive_blastp,reviewed_refs_competitive_blastp_context_v2
L. plantarum,GCF_001331925.2,False,sod,0,0.0,0.0,annotation_and_sequence_agree,curated_sequence_query
L. plantarum,GCF_001331925.2,False,noxE,1,1.0,1.0,annotation_and_sequence_agree,curated_sequence_query
L. plantarum,GCF_001331925.2,False,gshA,0,,0.0,annotation_only,no_sequence_query
L. plantarum,GCF_001331925.2,False,gshB,0,,0.0,annotation_only,no_sequence_query
L. plantarum,GCF_001331925.2,False,gshF,0,,0.0,annotation_only,no_sequence_query
L. plantarum,GCF_001331925.2,False,trxA,1,,1.0,annotation_only,no_sequence_query
L. plantarum,GCF_001331925.2,False,trxB,1,,1.0,annotation_only,no_sequence_query
L. plantarum,GCF_001331925.2,False,recA,1,1.0,1.0,annotation_and_sequence_agree,curated_sequence_query
L. plantarum,GCF_001331925.2,False,uvrA,1,1.0,1.0,annotation_and_sequence_agree,curated_sequence_query
L. plantarum,GCF_001331925.2,False,uvrB,1,1.0,1.0,annotation_and_sequence_agree,curated_sequence_query
L. plantarum,GCF_001331925.2,False,uvrC,1,1.0,1.0,annotation_and_sequence_agree,curated_sequence_query
L. plantarum,GCF_001331925.2,False,mntH,1,,1.0,annotation_only,no_sequence_query
L. plantarum,GCF_001331925.2,False,mntA,0,,0.0,annotation_only,no_sequence_query
L. plantarum,GCF_001331925.2,False,mntB,1,,1.0,annotation_only,no_sequence_query
L. plantarum,GCF_001331925.2,False,mntC,1,,1.0,annotation_only,no_sequence_query
L. plantarum,GCF_001331925.2,False,mutS,1,,1.0,annotation_only,no_sequence_query
L. plantarum,GCF_001331925.2,False,mutL,1,,1.0,annotation_only,no_sequence_query
L. plantarum,GCF_001331925.2,False,mutM,1,,1.0,annotation_only,no_sequence_query
L. plantarum,GCF_001331925.2,False,nth,1,,1.0,annotation_only,no_sequence_query
L. plantarum,GCF_001368775.1,False,perR,1,1.0,1.0,annotation_and_sequence_agree,curated_sequence_query
L. plantarum,GCF_001368775.1,False,ohrR,1,1.0,1.0,resolved_OhrR_sequence_and_context,reviewed_refs_competitive_blastp_context_v2
L. plantarum,GCF_001368775.1,False,catalase,1,1.0,1.0,annotation_and_sequence_agree,curated_sequence_query
L. plantarum,GCF_001368775.1,False,fur,0,,0.0,resolved_as_PerR,reviewed_refs_competitive_blastp_context_v2
L. plantarum,GCF_001368775.1,False,rex,1,1.0,1.0,resolved_positive_competitive_blastp,reviewed_refs_competitive_blastp_context_v2
L. plantarum,GCF_001368775.1,False,spx,1,1.0,1.0,resolved_positive_competitive_blastp,reviewed_refs_competitive_blastp_context_v2
L. plantarum,GCF_001368775.1,False,sod,0,0.0,0.0,annotation_and_sequence_agree,curated_sequence_query
L. plantarum,GCF_001368775.1,False,noxE,1,1.0,1.0,annotation_and_sequence_agree,curated_sequence_query
L. plantarum,GCF_001368775.1,False,gshA,0,,0.0,annotation_only,no_sequence_query
L. plantarum,GCF_001368775.1,False,gshB,0,,0.0,annotation_only,no_sequence_query
L. plantarum,GCF_001368775.1,False,gshF,0,,0.0,annotation_only,no_sequence_query
L. plantarum,GCF_001368775.1,False,trxA,1,,1.0,annotation_only,no_sequence_query
L. plantarum,GCF_001368775.1,False,trxB,1,,1.0,annotation_only,no_sequence_query
L. plantarum,GCF_001368775.1,False,recA,1,1.0,1.0,annotation_and_sequence_agree,curated_sequence_query
L. plantarum,GCF_001368775.1,False,uvrA,1,1.0,1.0,annotation_and_sequence_agree,curated_sequence_query
L. plantarum,GCF_001368775.1,False,uvrB,1,1.0,1.0,annotation_and_sequence_agree,curated_sequence_query
L. plantarum,GCF_001368775.1,False,uvrC,1,1.0,1.0,annotation_and_sequence_agree,curated_sequence_query
L. plantarum,GCF_001368775.1,False,mntH,1,,1.0,annotation_only,no_sequence_query
L. plantarum,GCF_001368775.1,False,mntA,1,,1.0,annotation_only,no_sequence_query
L. plantarum,GCF_001368775.1,False,mntB,1,,1.0,annotation_only,no_sequence_query
L. plantarum,GCF_001368775.1,False,mntC,1,,1.0,annotation_only,no_sequence_query
L. plantarum,GCF_001368775.1,False,mutS,1,,1.0,annotation_only,no_sequence_query
L. plantarum,GCF_001368775.1,False,mutL,1,,1.0,annotation_only,no_sequence_query
L. plantarum,GCF_001368775.1,False,mutM,1,,1.0,annotation_only,no_sequence_query
L. plantarum,GCF_001368775.1,False,nth,1,,1.0,annotation_only,no_sequence_query
L. plantarum,GCF_001436855.1,False,perR,1,1.0,1.0,annotation_and_sequence_agree,curated_sequence_query
L. plantarum,GCF_001436855.1,False,ohrR,1,1.0,1.0,resolved_OhrR_sequence_and_context,reviewed_refs_competitive_blastp_context_v2
L. plantarum,GCF_001436855.1,False,catalase,1,1.0,1.0,annotation_and_sequence_agree,curated_sequence_query
L. plantarum,GCF_001436855.1,False,fur,0,,0.0,resolved_as_PerR,reviewed_refs_competitive_blastp_context_v2
L. plantarum,GCF_001436855.1,False,rex,1,1.0,1.0,resolved_positive_competitive_blastp,reviewed_refs_competitive_blastp_context_v2
L. plantarum,GCF_001436855.1,False,spx,1,1.0,1.0,resolved_positive_competitive_blastp,reviewed_refs_competitive_blastp_context_v2
L. plantarum,GCF_001436855.1,False,sod,0,0.0,0.0,annotation_and_sequence_agree,curated_sequence_query
L. plantarum,GCF_001436855.1,False,noxE,1,1.0,1.0,annotation_and_sequence_agree,curated_sequence_query
L. plantarum,GCF_001436855.1,False,gshA,0,,0.0,annotation_only,no_sequence_query
L. plantarum,GCF_001436855.1,False,gshB,0,,0.0,annotation_only,no_sequence_query
L. plantarum,GCF_001436855.1,False,gshF,0,,0.0,annotation_only,no_sequence_query
L. plantarum,GCF_001436855.1,False,trxA,1,,1.0,annotation_only,no_sequence_query
L. plantarum,GCF_001436855.1,False,trxB,1,,1.0,annotation_only,no_sequence_query
L. plantarum,GCF_001436855.1,False,recA,1,1.0,1.0,annotation_and_sequence_agree,curated_sequence_query
L. plantarum,GCF_001436855.1,False,uvrA,1,1.0,1.0,annotation_and_sequence_agree,curated_sequence_query
L. plantarum,GCF_001436855.1,False,uvrB,1,1.0,1.0,annotation_and_sequence_agree,curated_sequence_query
L. plantarum,GCF_001436855.1,False,uvrC,1,1.0,1.0,annotation_and_sequence_agree,curated_sequence_query
L. plantarum,GCF_001436855.1,False,mntH,1,,1.0,annotation_only,no_sequence_query
L. plantarum,GCF_001436855.1,False,mntA,0,,0.0,annotation_only,no_sequence_query
L. plantarum,GCF_001436855.1,False,mntB,1,,1.0,annotation_only,no_sequence_query
L. plantarum,GCF_001436855.1,False,mntC,1,,1.0,annotation_only,no_sequence_query
L. plantarum,GCF_001436855.1,False,mutS,1,,1.0,annotation_only,no_sequence_query
L. plantarum,GCF_001436855.1,False,mutL,1,,1.0,annotation_only,no_sequence_query
L. plantarum,GCF_001436855.1,False,mutM,1,,1.0,annotation_only,no_sequence_query
L. plantarum,GCF_001436855.1,False,nth,1,,1.0,annotation_only,no_sequence_query
L. plantarum,GCF_001444495.1,False,perR,1,1.0,1.0,annotation_and_sequence_agree,curated_sequence_query
L. plantarum,GCF_001444495.1,False,ohrR,1,1.0,1.0,resolved_OhrR_sequence_and_context,reviewed_refs_competitive_blastp_context_v2
L. plantarum,GCF_001444495.1,False,catalase,1,1.0,1.0,annotation_and_sequence_agree,curated_sequence_query
L. plantarum,GCF_001444495.1,False,fur,0,,0.0,resolved_as_PerR,reviewed_refs_competitive_blastp_context_v2
L. plantarum,GCF_001444495.1,False,rex,1,1.0,1.0,resolved_positive_competitive_blastp,reviewed_refs_competitive_blastp_context_v2
L. plantarum,GCF_001444495.1,False,spx,1,1.0,1.0,resolved_positive_competitive_blastp,reviewed_refs_competitive_blastp_context_v2
L. plantarum,GCF_001444495.1,False,sod,0,0.0,0.0,annotation_and_sequence_agree,curated_sequence_query
L. plantarum,GCF_001444495.1,False,noxE,1,1.0,1.0,annotation_and_sequence_agree,curated_sequence_query
L. plantarum,GCF_001444495.1,False,gshA,0,,0.0,annotation_only,no_sequence_query
L. plantarum,GCF_001444495.1,False,gshB,0,,0.0,annotation_only,no_sequence_query
L. plantarum,GCF_001444495.1,False,gshF,0,,0.0,annotation_only,no_sequence_query
L. plantarum,GCF_001444495.1,False,trxA,1,,1.0,annotation_only,no_sequence_query
L. plantarum,GCF_001444495.1,False,trxB,1,,1.0,annotation_only,no_sequence_query
L. plantarum,GCF_001444495.1,False,recA,1,1.0,1.0,annotation_and_sequence_agree,curated_sequence_query
L. plantarum,GCF_001444495.1,False,uvrA,1,1.0,1.0,annotation_and_sequence_agree,curated_sequence_query
L. plantarum,GCF_001444495.1,False,uvrB,1,1.0,1.0,annotation_and_sequence_agree,curated_sequence_query
L. plantarum,GCF_001444495.1,False,uvrC,1,1.0,1.0,annotation_and_sequence_agree,curated_sequence_query
L. plantarum,GCF_001444495.1,False,mntH,1,,1.0,annotation_only,no_sequence_query
L. plantarum,GCF_001444495.1,False,mntA,0,,0.0,annotation_only,no_sequence_query
L. plantarum,GCF_001444495.1,False,mntB,1,,1.0,annotation_only,no_sequence_query
L. plantarum,GCF_001444495.1,False,mntC,1,,1.0,annotation_only,no_sequence_query
L. plantarum,GCF_001444495.1,False,mutS,1,,1.0,annotation_only,no_sequence_query
L. plantarum,GCF_001444495.1,False,mutL,1,,1.0,annotation_only,no_sequence_query
L. plantarum,GCF_001444495.1,False,mutM,1,,1.0,annotation_only,no_sequence_query
L. plantarum,GCF_001444495.1,False,nth,1,,1.0,annotation_only,no_sequence_query
L. plantarum,GCF_001484005.1,False,perR,1,1.0,1.0,annotation_and_sequence_agree,curated_sequence_query
L. plantarum,GCF_001484005.1,False,ohrR,1,1.0,1.0,resolved_OhrR_sequence_and_context,reviewed_refs_competitive_blastp_context_v2
L. plantarum,GCF_001484005.1,False,catalase,1,1.0,1.0,annotation_and_sequence_agree,curated_sequence_query
L. plantarum,GCF_001484005.1,False,fur,0,,0.0,resolved_as_PerR,reviewed_refs_competitive_blastp_context_v2
L. plantarum,GCF_001484005.1,False,rex,1,1.0,1.0,resolved_positive_competitive_blastp,reviewed_refs_competitive_blastp_context_v2
L. plantarum,GCF_001484005.1,False,spx,1,1.0,1.0,resolved_positive_competitive_blastp,reviewed_refs_competitive_blastp_context_v2
L. plantarum,GCF_001484005.1,False,sod,0,0.0,0.0,annotation_and_sequence_agree,curated_sequence_query
L. plantarum,GCF_001484005.1,False,noxE,1,1.0,1.0,annotation_and_sequence_agree,curated_sequence_query
L. plantarum,GCF_001484005.1,False,gshA,0,,0.0,annotation_only,no_sequence_query
L. plantarum,GCF_001484005.1,False,gshB,0,,0.0,annotation_only,no_sequence_query
L. plantarum,GCF_001484005.1,False,gshF,0,,0.0,annotation_only,no_sequence_query
L. plantarum,GCF_001484005.1,False,trxA,1,,1.0,annotation_only,no_sequence_query
L. plantarum,GCF_001484005.1,False,trxB,1,,1.0,annotation_only,no_sequence_query
L. plantarum,GCF_001484005.1,False,recA,1,1.0,1.0,annotation_and_sequence_agree,curated_sequence_query
L. plantarum,GCF_001484005.1,False,uvrA,1,1.0,1.0,annotation_and_sequence_agree,curated_sequence_query
L. plantarum,GCF_001484005.1,False,uvrB,1,1.0,1.0,annotation_and_sequence_agree,curated_sequence_query
L. plantarum,GCF_001484005.1,False,uvrC,1,1.0,1.0,annotation_and_sequence_agree,curated_sequence_query
L. plantarum,GCF_001484005.1,False,mntH,1,,1.0,annotation_only,no_sequence_query
L. plantarum,GCF_001484005.1,False,mntA,0,,0.0,annotation_only,no_sequence_query
L. plantarum,GCF_001484005.1,False,mntB,1,,1.0,annotation_only,no_sequence_query
L. plantarum,GCF_001484005.1,False,mntC,1,,1.0,annotation_only,no_sequence_query
L. plantarum,GCF_001484005.1,False,mutS,1,,1.0,annotation_only,no_sequence_query
L. plantarum,GCF_001484005.1,False,mutL,1,,1.0,annotation_only,no_sequence_query
L. plantarum,GCF_001484005.1,False,mutM,1,,1.0,annotation_only,no_sequence_query
L. plantarum,GCF_001484005.1,False,nth,1,,1.0,annotation_only,no_sequence_query
L. plantarum,GCF_001540925.1,False,perR,1,1.0,1.0,annotation_and_sequence_agree,curated_sequence_query
L. plantarum,GCF_001540925.1,False,ohrR,1,1.0,1.0,resolved_OhrR_sequence_and_context,reviewed_refs_competitive_blastp_context_v2
L. plantarum,GCF_001540925.1,False,catalase,1,1.0,1.0,annotation_and_sequence_agree,curated_sequence_query
L. plantarum,GCF_001540925.1,False,fur,0,,0.0,resolved_as_PerR,reviewed_refs_competitive_blastp_context_v2
L. plantarum,GCF_001540925.1,False,rex,1,1.0,1.0,resolved_positive_competitive_blastp,reviewed_refs_competitive_blastp_context_v2
L. plantarum,GCF_001540925.1,False,spx,1,1.0,1.0,resolved_positive_competitive_blastp,reviewed_refs_competitive_blastp_context_v2
L. plantarum,GCF_001540925.1,False,sod,0,0.0,0.0,annotation_and_sequence_agree,curated_sequence_query
L. plantarum,GCF_001540925.1,False,noxE,1,1.0,1.0,annotation_and_sequence_agree,curated_sequence_query
L. plantarum,GCF_001540925.1,False,gshA,0,,0.0,annotation_only,no_sequence_query
L. plantarum,GCF_001540925.1,False,gshB,0,,0.0,annotation_only,no_sequence_query
L. plantarum,GCF_001540925.1,False,gshF,0,,0.0,annotation_only,no_sequence_query
L. plantarum,GCF_001540925.1,False,trxA,1,,1.0,annotation_only,no_sequence_query
L. plantarum,GCF_001540925.1,False,trxB,1,,1.0,annotation_only,no_sequence_query
L. plantarum,GCF_001540925.1,False,recA,1,1.0,1.0,annotation_and_sequence_agree,curated_sequence_query
L. plantarum,GCF_001540925.1,False,uvrA,1,1.0,1.0,annotation_and_sequence_agree,curated_sequence_query
L. plantarum,GCF_001540925.1,False,uvrB,1,1.0,1.0,annotation_and_sequence_agree,curated_sequence_query
L. plantarum,GCF_001540925.1,False,uvrC,1,1.0,1.0,annotation_and_sequence_agree,curated_sequence_query
L. plantarum,GCF_001540925.1,False,mntH,1,,1.0,annotation_only,no_sequence_query
L. plantarum,GCF_001540925.1,False,mntA,1,,1.0,annotation_only,no_sequence_query
L. plantarum,GCF_001540925.1,False,mntB,1,,1.0,annotation_only,no_sequence_query
L. plantarum,GCF_001540925.1,False,mntC,1,,1.0,annotation_only,no_sequence_query
L. plantarum,GCF_001540925.1,False,mutS,1,,1.0,annotation_only,no_sequence_query
L. plantarum,GCF_001540925.1,False,mutL,1,,1.0,annotation_only,no_sequence_query
L. plantarum,GCF_001540925.1,False,mutM,1,,1.0,annotation_only,no_sequence_query
L. plantarum,GCF_001540925.1,False,nth,1,,1.0,annotation_only,no_sequence_query
L. plantarum,GCF_001540965.1,False,perR,1,1.0,1.0,annotation_and_sequence_agree,curated_sequence_query
L. plantarum,GCF_001540965.1,False,ohrR,1,1.0,1.0,resolved_OhrR_sequence_and_context,reviewed_refs_competitive_blastp_context_v2
L. plantarum,GCF_001540965.1,False,catalase,1,1.0,1.0,annotation_and_sequence_agree,curated_sequence_query
L. plantarum,GCF_001540965.1,False,fur,0,,0.0,resolved_as_PerR,reviewed_refs_competitive_blastp_context_v2
L. plantarum,GCF_001540965.1,False,rex,1,1.0,1.0,resolved_positive_competitive_blastp,reviewed_refs_competitive_blastp_context_v2
L. plantarum,GCF_001540965.1,False,spx,1,1.0,1.0,resolved_positive_competitive_blastp,reviewed_refs_competitive_blastp_context_v2
L. plantarum,GCF_001540965.1,False,sod,0,0.0,0.0,annotation_and_sequence_agree,curated_sequence_query
L. plantarum,GCF_001540965.1,False,noxE,1,1.0,1.0,annotation_and_sequence_agree,curated_sequence_query
L. plantarum,GCF_001540965.1,False,gshA,0,,0.0,annotation_only,no_sequence_query
L. plantarum,GCF_001540965.1,False,gshB,0,,0.0,annotation_only,no_sequence_query
L. plantarum,GCF_001540965.1,False,gshF,0,,0.0,annotation_only,no_sequence_query
L. plantarum,GCF_001540965.1,False,trxA,1,,1.0,annotation_only,no_sequence_query
L. plantarum,GCF_001540965.1,False,trxB,1,,1.0,annotation_only,no_sequence_query
L. plantarum,GCF_001540965.1,False,recA,1,1.0,1.0,annotation_and_sequence_agree,curated_sequence_query
L. plantarum,GCF_001540965.1,False,uvrA,1,1.0,1.0,annotation_and_sequence_agree,curated_sequence_query
L. plantarum,GCF_001540965.1,False,uvrB,1,1.0,1.0,annotation_and_sequence_agree,curated_sequence_query
L. plantarum,GCF_001540965.1,False,uvrC,1,1.0,1.0,annotation_and_sequence_agree,curated_sequence_query
L. plantarum,GCF_001540965.1,False,mntH,1,,1.0,annotation_only,no_sequence_query
L. plantarum,GCF_001540965.1,False,mntA,0,,0.0,annotation_only,no_sequence_query
L. plantarum,GCF_001540965.1,False,mntB,1,,1.0,annotation_only,no_sequence_query
L. plantarum,GCF_001540965.1,False,mntC,1,,1.0,annotation_only,no_sequence_query
L. plantarum,GCF_001540965.1,False,mutS,1,,1.0,annotation_only,no_sequence_query
L. plantarum,GCF_001540965.1,False,mutL,1,,1.0,annotation_only,no_sequence_query
L. plantarum,GCF_001540965.1,False,mutM,1,,1.0,annotation_only,no_sequence_query
L. plantarum,GCF_001540965.1,False,nth,1,,1.0,annotation_only,no_sequence_query
L. plantarum,GCF_001581895.1,False,perR,1,1.0,1.0,annotation_and_sequence_agree,curated_sequence_query
L. plantarum,GCF_001581895.1,False,ohrR,1,1.0,1.0,resolved_OhrR_sequence_and_context,reviewed_refs_competitive_blastp_context_v2
L. plantarum,GCF_001581895.1,False,catalase,1,1.0,1.0,annotation_and_sequence_agree,curated_sequence_query
L. plantarum,GCF_001581895.1,False,fur,0,,0.0,resolved_as_PerR,reviewed_refs_competitive_blastp_context_v2
L. plantarum,GCF_001581895.1,False,rex,1,1.0,1.0,resolved_positive_competitive_blastp,reviewed_refs_competitive_blastp_context_v2
L. plantarum,GCF_001581895.1,False,spx,1,1.0,1.0,resolved_positive_competitive_blastp,reviewed_refs_competitive_blastp_context_v2
L. plantarum,GCF_001581895.1,False,sod,0,0.0,0.0,annotation_and_sequence_agree,curated_sequence_query
L. plantarum,GCF_001581895.1,False,noxE,1,1.0,1.0,annotation_and_sequence_agree,curated_sequence_query
L. plantarum,GCF_001581895.1,False,gshA,0,,0.0,annotation_only,no_sequence_query
L. plantarum,GCF_001581895.1,False,gshB,0,,0.0,annotation_only,no_sequence_query
L. plantarum,GCF_001581895.1,False,gshF,0,,0.0,annotation_only,no_sequence_query
L. plantarum,GCF_001581895.1,False,trxA,1,,1.0,annotation_only,no_sequence_query
L. plantarum,GCF_001581895.1,False,trxB,1,,1.0,annotation_only,no_sequence_query
L. plantarum,GCF_001581895.1,False,recA,1,1.0,1.0,annotation_and_sequence_agree,curated_sequence_query
L. plantarum,GCF_001581895.1,False,uvrA,1,1.0,1.0,annotation_and_sequence_agree,curated_sequence_query
L. plantarum,GCF_001581895.1,False,uvrB,1,1.0,1.0,annotation_and_sequence_agree,curated_sequence_query
L. plantarum,GCF_001581895.1,False,uvrC,1,1.0,1.0,annotation_and_sequence_agree,curated_sequence_query
L. plantarum,GCF_001581895.1,False,mntH,1,,1.0,annotation_only,no_sequence_query
L. plantarum,GCF_001581895.1,False,mntA,0,,0.0,annotation_only,no_sequence_query
L. plantarum,GCF_001581895.1,False,mntB,1,,1.0,annotation_only,no_sequence_query
L. plantarum,GCF_001581895.1,False,mntC,1,,1.0,annotation_only,no_sequence_query
L. plantarum,GCF_001581895.1,False,mutS,1,,1.0,annotation_only,no_sequence_query
L. plantarum,GCF_001581895.1,False,mutL,1,,1.0,annotation_only,no_sequence_query
L. plantarum,GCF_001581895.1,False,mutM,1,,1.0,annotation_only,no_sequence_query
L. plantarum,GCF_001581895.1,False,nth,1,,1.0,annotation_only,no_sequence_query
L. plantarum,GCF_001595615.1,False,perR,1,1.0,1.0,annotation_and_sequence_agree,curated_sequence_query
L. plantarum,GCF_001595615.1,False,ohrR,1,1.0,1.0,resolved_OhrR_sequence_and_context,reviewed_refs_competitive_blastp_context_v2
L. plantarum,GCF_001595615.1,False,catalase,1,1.0,1.0,annotation_and_sequence_agree,curated_sequence_query
L. plantarum,GCF_001595615.1,False,fur,0,,0.0,resolved_as_PerR,reviewed_refs_competitive_blastp_context_v2
L. plantarum,GCF_001595615.1,False,rex,1,1.0,1.0,resolved_positive_competitive_blastp,reviewed_refs_competitive_blastp_context_v2
L. plantarum,GCF_001595615.1,False,spx,1,1.0,1.0,resolved_positive_competitive_blastp,reviewed_refs_competitive_blastp_context_v2
L. plantarum,GCF_001595615.1,False,sod,0,0.0,0.0,annotation_and_sequence_agree,curated_sequence_query
L. plantarum,GCF_001595615.1,False,noxE,1,1.0,1.0,annotation_and_sequence_agree,curated_sequence_query
L. plantarum,GCF_001595615.1,False,gshA,0,,0.0,annotation_only,no_sequence_query
L. plantarum,GCF_001595615.1,False,gshB,0,,0.0,annotation_only,no_sequence_query
L. plantarum,GCF_001595615.1,False,gshF,0,,0.0,annotation_only,no_sequence_query
L. plantarum,GCF_001595615.1,False,trxA,1,,1.0,annotation_only,no_sequence_query
L. plantarum,GCF_001595615.1,False,trxB,1,,1.0,annotation_only,no_sequence_query
L. plantarum,GCF_001595615.1,False,recA,1,1.0,1.0,annotation_and_sequence_agree,curated_sequence_query
L. plantarum,GCF_001595615.1,False,uvrA,1,1.0,1.0,annotation_and_sequence_agree,curated_sequence_query
L. plantarum,GCF_001595615.1,False,uvrB,1,1.0,1.0,annotation_and_sequence_agree,curated_sequence_query
L. plantarum,GCF_001595615.1,False,uvrC,1,1.0,1.0,annotation_and_sequence_agree,curated_sequence_query
L. plantarum,GCF_001595615.1,False,mntH,1,,1.0,annotation_only,no_sequence_query
L. plantarum,GCF_001595615.1,False,mntA,0,,0.0,annotation_only,no_sequence_query
L. plantarum,GCF_001595615.1,False,mntB,1,,1.0,annotation_only,no_sequence_query
L. plantarum,GCF_001595615.1,False,mntC,1,,1.0,annotation_only,no_sequence_query
L. plantarum,GCF_001595615.1,False,mutS,1,,1.0,annotation_only,no_sequence_query
L. plantarum,GCF_001595615.1,False,mutL,1,,1.0,annotation_only,no_sequence_query
L. plantarum,GCF_001595615.1,False,mutM,1,,1.0,annotation_only,no_sequence_query
L. plantarum,GCF_001595615.1,False,nth,1,,1.0,annotation_only,no_sequence_query
L. plantarum,GCF_001596095.1,False,perR,1,1.0,1.0,annotation_and_sequence_agree,curated_sequence_query
L. plantarum,GCF_001596095.1,False,ohrR,1,1.0,1.0,resolved_OhrR_sequence_and_context,reviewed_refs_competitive_blastp_context_v2
L. plantarum,GCF_001596095.1,False,catalase,1,1.0,1.0,annotation_and_sequence_agree,curated_sequence_query
L. plantarum,GCF_001596095.1,False,fur,0,,0.0,resolved_as_PerR,reviewed_refs_competitive_blastp_context_v2
L. plantarum,GCF_001596095.1,False,rex,1,1.0,1.0,resolved_positive_competitive_blastp,reviewed_refs_competitive_blastp_context_v2
L. plantarum,GCF_001596095.1,False,spx,1,1.0,1.0,resolved_positive_competitive_blastp,reviewed_refs_competitive_blastp_context_v2
L. plantarum,GCF_001596095.1,False,sod,0,0.0,0.0,annotation_and_sequence_agree,curated_sequence_query
L. plantarum,GCF_001596095.1,False,noxE,1,1.0,1.0,annotation_and_sequence_agree,curated_sequence_query
L. plantarum,GCF_001596095.1,False,gshA,0,,0.0,annotation_only,no_sequence_query
L. plantarum,GCF_001596095.1,False,gshB,0,,0.0,annotation_only,no_sequence_query
L. plantarum,GCF_001596095.1,False,gshF,0,,0.0,annotation_only,no_sequence_query
L. plantarum,GCF_001596095.1,False,trxA,1,,1.0,annotation_only,no_sequence_query
L. plantarum,GCF_001596095.1,False,trxB,1,,1.0,annotation_only,no_sequence_query
L. plantarum,GCF_001596095.1,False,recA,1,1.0,1.0,annotation_and_sequence_agree,curated_sequence_query
L. plantarum,GCF_001596095.1,False,uvrA,1,1.0,1.0,annotation_and_sequence_agree,curated_sequence_query
L. plantarum,GCF_001596095.1,False,uvrB,1,1.0,1.0,annotation_and_sequence_agree,curated_sequence_query
L. plantarum,GCF_001596095.1,False,uvrC,1,1.0,1.0,annotation_and_sequence_agree,curated_sequence_query
L. plantarum,GCF_001596095.1,False,mntH,1,,1.0,annotation_only,no_sequence_query
L. plantarum,GCF_001596095.1,False,mntA,0,,0.0,annotation_only,no_sequence_query
L. plantarum,GCF_001596095.1,False,mntB,1,,1.0,annotation_only,no_sequence_query
L. plantarum,GCF_001596095.1,False,mntC,1,,1.0,annotation_only,no_sequence_query
L. plantarum,GCF_001596095.1,False,mutS,1,,1.0,annotation_only,no_sequence_query
L. plantarum,GCF_001596095.1,False,mutL,1,,1.0,annotation_only,no_sequence_query
L. plantarum,GCF_001596095.1,False,mutM,1,,1.0,annotation_only,no_sequence_query
L. plantarum,GCF_001596095.1,False,nth,1,,1.0,annotation_only,no_sequence_query
L. plantarum,GCF_001596195.1,False,perR,1,1.0,1.0,annotation_and_sequence_agree,curated_sequence_query
L. plantarum,GCF_001596195.1,False,ohrR,1,1.0,1.0,resolved_OhrR_sequence_and_context,reviewed_refs_competitive_blastp_context_v2
L. plantarum,GCF_001596195.1,False,catalase,1,1.0,1.0,annotation_and_sequence_agree,curated_sequence_query
L. plantarum,GCF_001596195.1,False,fur,0,,0.0,resolved_as_PerR,reviewed_refs_competitive_blastp_context_v2
L. plantarum,GCF_001596195.1,False,rex,1,1.0,1.0,resolved_positive_competitive_blastp,reviewed_refs_competitive_blastp_context_v2
L. plantarum,GCF_001596195.1,False,spx,1,1.0,1.0,resolved_positive_competitive_blastp,reviewed_refs_competitive_blastp_context_v2
L. plantarum,GCF_001596195.1,False,sod,0,0.0,0.0,annotation_and_sequence_agree,curated_sequence_query
L. plantarum,GCF_001596195.1,False,noxE,1,1.0,1.0,annotation_and_sequence_agree,curated_sequence_query
L. plantarum,GCF_001596195.1,False,gshA,0,,0.0,annotation_only,no_sequence_query
L. plantarum,GCF_001596195.1,False,gshB,0,,0.0,annotation_only,no_sequence_query
L. plantarum,GCF_001596195.1,False,gshF,0,,0.0,annotation_only,no_sequence_query
L. plantarum,GCF_001596195.1,False,trxA,1,,1.0,annotation_only,no_sequence_query
L. plantarum,GCF_001596195.1,False,trxB,1,,1.0,annotation_only,no_sequence_query
L. plantarum,GCF_001596195.1,False,recA,1,1.0,1.0,annotation_and_sequence_agree,curated_sequence_query
L. plantarum,GCF_001596195.1,False,uvrA,1,1.0,1.0,annotation_and_sequence_agree,curated_sequence_query
L. plantarum,GCF_001596195.1,False,uvrB,1,1.0,1.0,annotation_and_sequence_agree,curated_sequence_query
L. plantarum,GCF_001596195.1,False,uvrC,1,1.0,1.0,annotation_and_sequence_agree,curated_sequence_query
L. plantarum,GCF_001596195.1,False,mntH,1,,1.0,annotation_only,no_sequence_query
L. plantarum,GCF_001596195.1,False,mntA,0,,0.0,annotation_only,no_sequence_query
L. plantarum,GCF_001596195.1,False,mntB,1,,1.0,annotation_only,no_sequence_query
L. plantarum,GCF_001596195.1,False,mntC,1,,1.0,annotation_only,no_sequence_query
L. plantarum,GCF_001596195.1,False,mutS,1,,1.0,annotation_only,no_sequence_query
L. plantarum,GCF_001596195.1,False,mutL,1,,1.0,annotation_only,no_sequence_query
L. plantarum,GCF_001596195.1,False,mutM,1,,1.0,annotation_only,no_sequence_query
L. plantarum,GCF_001596195.1,False,nth,1,,1.0,annotation_only,no_sequence_query
L. plantarum,GCF_001597605.1,False,perR,1,1.0,1.0,annotation_and_sequence_agree,curated_sequence_query
L. plantarum,GCF_001597605.1,False,ohrR,1,1.0,1.0,resolved_OhrR_sequence_and_context,reviewed_refs_competitive_blastp_context_v2
L. plantarum,GCF_001597605.1,False,catalase,1,1.0,1.0,annotation_and_sequence_agree,curated_sequence_query
L. plantarum,GCF_001597605.1,False,fur,0,,0.0,resolved_as_PerR,reviewed_refs_competitive_blastp_context_v2
L. plantarum,GCF_001597605.1,False,rex,1,1.0,1.0,resolved_positive_competitive_blastp,reviewed_refs_competitive_blastp_context_v2
L. plantarum,GCF_001597605.1,False,spx,1,1.0,1.0,resolved_positive_competitive_blastp,reviewed_refs_competitive_blastp_context_v2
L. plantarum,GCF_001597605.1,False,sod,0,0.0,0.0,annotation_and_sequence_agree,curated_sequence_query
L. plantarum,GCF_001597605.1,False,noxE,1,1.0,1.0,annotation_and_sequence_agree,curated_sequence_query
L. plantarum,GCF_001597605.1,False,gshA,0,,0.0,annotation_only,no_sequence_query
L. plantarum,GCF_001597605.1,False,gshB,0,,0.0,annotation_only,no_sequence_query
L. plantarum,GCF_001597605.1,False,gshF,0,,0.0,annotation_only,no_sequence_query
L. plantarum,GCF_001597605.1,False,trxA,1,,1.0,annotation_only,no_sequence_query
L. plantarum,GCF_001597605.1,False,trxB,1,,1.0,annotation_only,no_sequence_query
L. plantarum,GCF_001597605.1,False,recA,1,1.0,1.0,annotation_and_sequence_agree,curated_sequence_query
L. plantarum,GCF_001597605.1,False,uvrA,1,1.0,1.0,annotation_and_sequence_agree,curated_sequence_query
L. plantarum,GCF_001597605.1,False,uvrB,1,1.0,1.0,annotation_and_sequence_agree,curated_sequence_query
L. plantarum,GCF_001597605.1,False,uvrC,1,1.0,1.0,annotation_and_sequence_agree,curated_sequence_query
L. plantarum,GCF_001597605.1,False,mntH,1,,1.0,annotation_only,no_sequence_query
L. plantarum,GCF_001597605.1,False,mntA,0,,0.0,annotation_only,no_sequence_query
L. plantarum,GCF_001597605.1,False,mntB,1,,1.0,annotation_only,no_sequence_query
L. plantarum,GCF_001597605.1,False,mntC,1,,1.0,annotation_only,no_sequence_query
L. plantarum,GCF_001597605.1,False,mutS,1,,1.0,annotation_only,no_sequence_query
L. plantarum,GCF_001597605.1,False,mutL,1,,1.0,annotation_only,no_sequence_query
L. plantarum,GCF_001597605.1,False,mutM,1,,1.0,annotation_only,no_sequence_query
L. plantarum,GCF_001597605.1,False,nth,1,,1.0,annotation_only,no_sequence_query
L. plantarum,GCF_001617525.2,False,perR,1,1.0,1.0,annotation_and_sequence_agree,curated_sequence_query
L. plantarum,GCF_001617525.2,False,ohrR,1,1.0,1.0,resolved_OhrR_sequence_and_context,reviewed_refs_competitive_blastp_context_v2
L. plantarum,GCF_001617525.2,False,catalase,1,1.0,1.0,annotation_and_sequence_agree,curated_sequence_query
L. plantarum,GCF_001617525.2,False,fur,0,,0.0,resolved_as_PerR,reviewed_refs_competitive_blastp_context_v2
L. plantarum,GCF_001617525.2,False,rex,1,1.0,1.0,resolved_positive_competitive_blastp,reviewed_refs_competitive_blastp_context_v2
L. plantarum,GCF_001617525.2,False,spx,1,1.0,1.0,resolved_positive_competitive_blastp,reviewed_refs_competitive_blastp_context_v2
L. plantarum,GCF_001617525.2,False,sod,0,0.0,0.0,annotation_and_sequence_agree,curated_sequence_query
L. plantarum,GCF_001617525.2,False,noxE,1,1.0,1.0,annotation_and_sequence_agree,curated_sequence_query
L. plantarum,GCF_001617525.2,False,gshA,0,,0.0,annotation_only,no_sequence_query
L. plantarum,GCF_001617525.2,False,gshB,0,,0.0,annotation_only,no_sequence_query
L. plantarum,GCF_001617525.2,False,gshF,0,,0.0,annotation_only,no_sequence_query
L. plantarum,GCF_001617525.2,False,trxA,1,,1.0,annotation_only,no_sequence_query
L. plantarum,GCF_001617525.2,False,trxB,1,,1.0,annotation_only,no_sequence_query
L. plantarum,GCF_001617525.2,False,recA,1,1.0,1.0,annotation_and_sequence_agree,curated_sequence_query
L. plantarum,GCF_001617525.2,False,uvrA,1,1.0,1.0,annotation_and_sequence_agree,curated_sequence_query
L. plantarum,GCF_001617525.2,False,uvrB,1,1.0,1.0,annotation_and_sequence_agree,curated_sequence_query
L. plantarum,GCF_001617525.2,False,uvrC,1,1.0,1.0,annotation_and_sequence_agree,curated_sequence_query
L. plantarum,GCF_001617525.2,False,mntH,1,,1.0,annotation_only,no_sequence_query
L. plantarum,GCF_001617525.2,False,mntA,0,,0.0,annotation_only,no_sequence_query
L. plantarum,GCF_001617525.2,False,mntB,1,,1.0,annotation_only,no_sequence_query
L. plantarum,GCF_001617525.2,False,mntC,1,,1.0,annotation_only,no_sequence_query
L. plantarum,GCF_001617525.2,False,mutS,1,,1.0,annotation_only,no_sequence_query
L. plantarum,GCF_001617525.2,False,mutL,1,,1.0,annotation_only,no_sequence_query
L. plantarum,GCF_001617525.2,False,mutM,1,,1.0,annotation_only,no_sequence_query
L. plantarum,GCF_001617525.2,False,nth,1,,1.0,annotation_only,no_sequence_query
L. plantarum,GCF_001619265.1,False,perR,1,1.0,1.0,annotation_and_sequence_agree,curated_sequence_query
L. plantarum,GCF_001619265.1,False,ohrR,1,1.0,1.0,resolved_OhrR_sequence_and_context,reviewed_refs_competitive_blastp_context_v2
L. plantarum,GCF_001619265.1,False,catalase,1,1.0,1.0,annotation_and_sequence_agree,curated_sequence_query
L. plantarum,GCF_001619265.1,False,fur,0,,0.0,resolved_as_PerR,reviewed_refs_competitive_blastp_context_v2
L. plantarum,GCF_001619265.1,False,rex,1,1.0,1.0,resolved_positive_competitive_blastp,reviewed_refs_competitive_blastp_context_v2
L. plantarum,GCF_001619265.1,False,spx,1,1.0,1.0,resolved_positive_competitive_blastp,reviewed_refs_competitive_blastp_context_v2
L. plantarum,GCF_001619265.1,False,sod,0,0.0,0.0,annotation_and_sequence_agree,curated_sequence_query
L. plantarum,GCF_001619265.1,False,noxE,1,1.0,1.0,annotation_and_sequence_agree,curated_sequence_query
L. plantarum,GCF_001619265.1,False,gshA,0,,0.0,annotation_only,no_sequence_query
L. plantarum,GCF_001619265.1,False,gshB,0,,0.0,annotation_only,no_sequence_query
L. plantarum,GCF_001619265.1,False,gshF,0,,0.0,annotation_only,no_sequence_query
L. plantarum,GCF_001619265.1,False,trxA,1,,1.0,annotation_only,no_sequence_query
L. plantarum,GCF_001619265.1,False,trxB,1,,1.0,annotation_only,no_sequence_query
L. plantarum,GCF_001619265.1,False,recA,1,1.0,1.0,annotation_and_sequence_agree,curated_sequence_query
L. plantarum,GCF_001619265.1,False,uvrA,1,1.0,1.0,annotation_and_sequence_agree,curated_sequence_query
L. plantarum,GCF_001619265.1,False,uvrB,1,1.0,1.0,annotation_and_sequence_agree,curated_sequence_query
L. plantarum,GCF_001619265.1,False,uvrC,1,1.0,1.0,annotation_and_sequence_agree,curated_sequence_query
L. plantarum,GCF_001619265.1,False,mntH,1,,1.0,annotation_only,no_sequence_query
L. plantarum,GCF_001619265.1,False,mntA,0,,0.0,annotation_only,no_sequence_query
L. plantarum,GCF_001619265.1,False,mntB,1,,1.0,annotation_only,no_sequence_query
L. plantarum,GCF_001619265.1,False,mntC,1,,1.0,annotation_only,no_sequence_query
L. plantarum,GCF_001619265.1,False,mutS,1,,1.0,annotation_only,no_sequence_query
L. plantarum,GCF_001619265.1,False,mutL,1,,1.0,annotation_only,no_sequence_query
L. plantarum,GCF_001619265.1,False,mutM,1,,1.0,annotation_only,no_sequence_query
L. plantarum,GCF_001619265.1,False,nth,1,,1.0,annotation_only,no_sequence_query
L. plantarum,GCF_009913655.1,False,perR,1,1.0,1.0,annotation_and_sequence_agree,curated_sequence_query
L. plantarum,GCF_009913655.1,False,ohrR,1,1.0,1.0,resolved_OhrR_sequence_and_context,reviewed_refs_competitive_blastp_context_v2
L. plantarum,GCF_009913655.1,False,catalase,1,1.0,1.0,annotation_and_sequence_agree,curated_sequence_query
L. plantarum,GCF_009913655.1,False,fur,0,,0.0,resolved_as_PerR,reviewed_refs_competitive_blastp_context_v2
L. plantarum,GCF_009913655.1,False,rex,1,1.0,1.0,resolved_positive_competitive_blastp,reviewed_refs_competitive_blastp_context_v2
L. plantarum,GCF_009913655.1,False,spx,1,1.0,1.0,resolved_positive_competitive_blastp,reviewed_refs_competitive_blastp_context_v2
L. plantarum,GCF_009913655.1,False,sod,0,0.0,0.0,annotation_and_sequence_agree,curated_sequence_query
L. plantarum,GCF_009913655.1,False,noxE,1,1.0,1.0,annotation_and_sequence_agree,curated_sequence_query
L. plantarum,GCF_009913655.1,False,gshA,0,,0.0,annotation_only,no_sequence_query
L. plantarum,GCF_009913655.1,False,gshB,0,,0.0,annotation_only,no_sequence_query
L. plantarum,GCF_009913655.1,False,gshF,0,,0.0,annotation_only,no_sequence_query
L. plantarum,GCF_009913655.1,False,trxA,1,,1.0,annotation_only,no_sequence_query
L. plantarum,GCF_009913655.1,False,trxB,1,,1.0,annotation_only,no_sequence_query
L. plantarum,GCF_009913655.1,False,recA,1,1.0,1.0,annotation_and_sequence_agree,curated_sequence_query
L. plantarum,GCF_009913655.1,False,uvrA,1,1.0,1.0,annotation_and_sequence_agree,curated_sequence_query
L. plantarum,GCF_009913655.1,False,uvrB,1,1.0,1.0,annotation_and_sequence_agree,curated_sequence_query
L. plantarum,GCF_009913655.1,False,uvrC,1,1.0,1.0,annotation_and_sequence_agree,curated_sequence_query
L. plantarum,GCF_009913655.1,False,mntH,1,,1.0,annotation_only,no_sequence_query
L. plantarum,GCF_009913655.1,False,mntA,0,,0.0,annotation_only,no_sequence_query
L. plantarum,GCF_009913655.1,False,mntB,1,,1.0,annotation_only,no_sequence_query
L. plantarum,GCF_009913655.1,False,mntC,1,,1.0,annotation_only,no_sequence_query
L. plantarum,GCF_009913655.1,False,mutS,1,,1.0,annotation_only,no_sequence_query
L. plantarum,GCF_009913655.1,False,mutL,1,,1.0,annotation_only,no_sequence_query
L. plantarum,GCF_009913655.1,False,mutM,1,,1.0,annotation_only,no_sequence_query
L. plantarum,GCF_009913655.1,False,nth,1,,1.0,annotation_only,no_sequence_query
L. plantarum,ZPZ,True,perR,1,1.0,1.0,annotation_and_sequence_agree,curated_sequence_query
L. plantarum,ZPZ,True,ohrR,1,1.0,1.0,resolved_OhrR_sequence_and_context,reviewed_refs_competitive_blastp_context_v2
L. plantarum,ZPZ,True,catalase,1,1.0,1.0,annotation_and_sequence_agree,curated_sequence_query
L. plantarum,ZPZ,True,fur,0,,0.0,resolved_as_PerR,reviewed_refs_competitive_blastp_context_v2
L. plantarum,ZPZ,True,rex,1,1.0,1.0,resolved_positive_competitive_blastp,reviewed_refs_competitive_blastp_context_v2
L. plantarum,ZPZ,True,spx,1,1.0,1.0,resolved_positive_competitive_blastp,reviewed_refs_competitive_blastp_context_v2
L. plantarum,ZPZ,True,sod,0,0.0,0.0,annotation_and_sequence_agree,curated_sequence_query
L. plantarum,ZPZ,True,noxE,1,1.0,1.0,annotation_and_sequence_agree,curated_sequence_query
L. plantarum,ZPZ,True,gshA,0,,0.0,annotation_only,no_sequence_query
L. plantarum,ZPZ,True,gshB,0,,0.0,annotation_only,no_sequence_query
L. plantarum,ZPZ,True,gshF,0,,0.0,annotation_only,no_sequence_query
L. plantarum,ZPZ,True,trxA,1,,1.0,annotation_only,no_sequence_query
L. plantarum,ZPZ,True,trxB,1,,1.0,annotation_only,no_sequence_query
L. plantarum,ZPZ,True,recA,1,1.0,1.0,annotation_and_sequence_agree,curated_sequence_query
L. plantarum,ZPZ,True,uvrA,1,1.0,1.0,annotation_and_sequence_agree,curated_sequence_query
L. plantarum,ZPZ,True,uvrB,1,1.0,1.0,annotation_and_sequence_agree,curated_sequence_query
L. plantarum,ZPZ,True,uvrC,1,1.0,1.0,annotation_and_sequence_agree,curated_sequence_query
L. plantarum,ZPZ,True,mntH,1,,1.0,annotation_only,no_sequence_query
L. plantarum,ZPZ,True,mntA,0,,0.0,annotation_only,no_sequence_query
L. plantarum,ZPZ,True,mntB,1,,1.0,annotation_only,no_sequence_query
L. plantarum,ZPZ,True,mntC,1,,1.0,annotation_only,no_sequence_query
L. plantarum,ZPZ,True,mutS,1,,1.0,annotation_only,no_sequence_query
L. plantarum,ZPZ,True,mutL,1,,1.0,annotation_only,no_sequence_query
L. plantarum,ZPZ,True,mutM,1,,1.0,annotation_only,no_sequence_query
L. plantarum,ZPZ,True,nth,1,,1.0,annotation_only,no_sequence_query
