species,accession,is_focal,target,query_sha256,pident,coverage,evalue,bitscore,present,method_version
L. rhamnosus,GCF_000743075.1,0,PerR,8b73744d28b23856a888a836fd88bb6452ffb6a653a9aabeba0ddaa87163b59e,98.6,100.0,9.86e-87,273.0,1,multiquery_tblastn_querybound_v2
L. rhamnosus,GCF_000743075.1,0,OhrR,a8c02a2a7527017769dfb24fc5e536ef983c8fa5fc340c4a1ca2074c042b924a,28.9,97.3,2.94e-17,74.3,0,multiquery_tblastn_querybound_v2
L. rhamnosus,GCF_000743075.1,0,Catalase,00de8f6e7f0bdd780f17ea79cfa1eaaf60798fe947a8078a9dfdcb607a5458d2,,,,,0,multiquery_tblastn_querybound_v2
L. rhamnosus,GCF_000743075.1,0,Fur,,,,,,0,multiquery_tblastn_querybound_v2
L. rhamnosus,GCF_000743075.1,0,Rex,b7b8248dc4b68951cd31396901a7201544fe9d4a7c82b64968cc3cd1a7ae17d8,98.2,100.0,4.52e-133,409.0,1,multiquery_tblastn_querybound_v2
L. rhamnosus,GCF_000743075.1,0,RecA,38695d4d1e9418e3bf4ace59f20c27f83ddbd49933aabbe417390bf8640363d1,75.5,87.3,1.08e-137,430.0,1,multiquery_tblastn_querybound_v2
L. rhamnosus,GCF_000743075.1,0,Mn_transport,ff5ae59a98c602b54710295c1571710f5c0c1334f7cd81b22d40bb13cae3a266,50.0,90.6,1.53e-92,297.0,1,multiquery_tblastn_querybound_v2
L. rhamnosus,GCF_000743075.1,0,Nox,0be76acff1d03cb855968387feff33880e4c3c30ed1611188ef85f90e382e156,100.0,100.0,0.0,897.0,1,multiquery_tblastn_querybound_v2
L. rhamnosus,GCF_000743075.1,0,uvrA,b0bcfe00dfb0394c9234e3dcf06b31ecf3af510d8088a7f5dc7995e3a99296ab,71.7,99.3,0.0,1056.0,1,multiquery_tblastn_querybound_v2
L. rhamnosus,GCF_000743075.1,0,uvrB,cd8ce439e5e0773e71067145054051d9edbb607ab99279e3a07771507195a791,99.9,100.0,0.0,1368.0,1,multiquery_tblastn_querybound_v2
L. rhamnosus,GCF_000743075.1,0,uvrC,49100507bfe018392aeabafe6aa1bad5f4d9331d8f417710122cd12e8d8cb58a,100.0,100.0,0.0,1210.0,1,multiquery_tblastn_querybound_v2
L. rhamnosus,GCF_000743075.1,0,Spx,717b1d41af9f6ee3ec2e96fbd79d0bbb24c7955a45d5081a57840687e0d30263,44.4,94.0,1.26e-32,117.0,1,multiquery_tblastn_querybound_v2
L. rhamnosus,GCF_000743075.1,0,MgsR,3f9152ce3c4d05b93bcfbcd9968de0bd1b286a653cbfb49fe6c7a6b5b9c4da61,22.5,94.1,5.41e-08,46.6,0,multiquery_tblastn_querybound_v2
L. rhamnosus,GCF_000743075.1,0,SOD,43b2482586b259b2094193668820b0e2bb48c0b143f24850c45438bea0ec8a30,,,,,0,multiquery_tblastn_querybound_v2
L. rhamnosus,GCF_000801045.1,0,PerR,8b73744d28b23856a888a836fd88bb6452ffb6a653a9aabeba0ddaa87163b59e,99.3,100.0,6.47e-87,273.0,1,multiquery_tblastn_querybound_v2
L. rhamnosus,GCF_000801045.1,0,OhrR,a8c02a2a7527017769dfb24fc5e536ef983c8fa5fc340c4a1ca2074c042b924a,28.9,97.3,2.99e-17,74.3,0,multiquery_tblastn_querybound_v2
L. rhamnosus,GCF_000801045.1,0,Catalase,00de8f6e7f0bdd780f17ea79cfa1eaaf60798fe947a8078a9dfdcb607a5458d2,,,,,0,multiquery_tblastn_querybound_v2
L. rhamnosus,GCF_000801045.1,0,Fur,,,,,,0,multiquery_tblastn_querybound_v2
L. rhamnosus,GCF_000801045.1,0,Rex,b7b8248dc4b68951cd31396901a7201544fe9d4a7c82b64968cc3cd1a7ae17d8,100.0,100.0,4.87e-136,417.0,1,multiquery_tblastn_querybound_v2
L. rhamnosus,GCF_000801045.1,0,RecA,38695d4d1e9418e3bf4ace59f20c27f83ddbd49933aabbe417390bf8640363d1,75.2,87.3,1.76e-137,429.0,1,multiquery_tblastn_querybound_v2
L. rhamnosus,GCF_000801045.1,0,Mn_transport,ff5ae59a98c602b54710295c1571710f5c0c1334f7cd81b22d40bb13cae3a266,50.0,90.6,1.01e-92,298.0,1,multiquery_tblastn_querybound_v2
L. rhamnosus,GCF_000801045.1,0,Nox,0be76acff1d03cb855968387feff33880e4c3c30ed1611188ef85f90e382e156,99.6,100.0,0.0,894.0,1,multiquery_tblastn_querybound_v2
L. rhamnosus,GCF_000801045.1,0,uvrA,b0bcfe00dfb0394c9234e3dcf06b31ecf3af510d8088a7f5dc7995e3a99296ab,71.6,99.3,0.0,1055.0,1,multiquery_tblastn_querybound_v2
L. rhamnosus,GCF_000801045.1,0,uvrB,cd8ce439e5e0773e71067145054051d9edbb607ab99279e3a07771507195a791,100.0,100.0,0.0,1368.0,1,multiquery_tblastn_querybound_v2
L. rhamnosus,GCF_000801045.1,0,uvrC,49100507bfe018392aeabafe6aa1bad5f4d9331d8f417710122cd12e8d8cb58a,100.0,100.0,0.0,1210.0,1,multiquery_tblastn_querybound_v2
L. rhamnosus,GCF_000801045.1,0,Spx,717b1d41af9f6ee3ec2e96fbd79d0bbb24c7955a45d5081a57840687e0d30263,44.4,94.0,1.28e-32,117.0,1,multiquery_tblastn_querybound_v2
L. rhamnosus,GCF_000801045.1,0,MgsR,3f9152ce3c4d05b93bcfbcd9968de0bd1b286a653cbfb49fe6c7a6b5b9c4da61,21.6,94.1,1.66e-07,45.1,0,multiquery_tblastn_querybound_v2
L. rhamnosus,GCF_000801045.1,0,SOD,43b2482586b259b2094193668820b0e2bb48c0b143f24850c45438bea0ec8a30,,,,,0,multiquery_tblastn_querybound_v2
L. rhamnosus,GCF_000814485.1,0,PerR,8b73744d28b23856a888a836fd88bb6452ffb6a653a9aabeba0ddaa87163b59e,99.3,100.0,6.63e-87,273.0,1,multiquery_tblastn_querybound_v2
L. rhamnosus,GCF_000814485.1,0,OhrR,a8c02a2a7527017769dfb24fc5e536ef983c8fa5fc340c4a1ca2074c042b924a,28.9,97.3,3.06e-17,74.3,0,multiquery_tblastn_querybound_v2
L. rhamnosus,GCF_000814485.1,0,Catalase,00de8f6e7f0bdd780f17ea79cfa1eaaf60798fe947a8078a9dfdcb607a5458d2,,,,,0,multiquery_tblastn_querybound_v2
L. rhamnosus,GCF_000814485.1,0,Fur,,,,,,0,multiquery_tblastn_querybound_v2
L. rhamnosus,GCF_000814485.1,0,Rex,b7b8248dc4b68951cd31396901a7201544fe9d4a7c82b64968cc3cd1a7ae17d8,98.6,100.0,1.7e-133,410.0,1,multiquery_tblastn_querybound_v2
L. rhamnosus,GCF_000814485.1,0,RecA,38695d4d1e9418e3bf4ace59f20c27f83ddbd49933aabbe417390bf8640363d1,75.5,87.3,1.12e-137,430.0,1,multiquery_tblastn_querybound_v2
L. rhamnosus,GCF_000814485.1,0,Mn_transport,ff5ae59a98c602b54710295c1571710f5c0c1334f7cd81b22d40bb13cae3a266,50.0,90.6,1.11e-92,298.0,1,multiquery_tblastn_querybound_v2
L. rhamnosus,GCF_000814485.1,0,Nox,0be76acff1d03cb855968387feff33880e4c3c30ed1611188ef85f90e382e156,99.8,100.0,0.0,896.0,1,multiquery_tblastn_querybound_v2
L. rhamnosus,GCF_000814485.1,0,uvrA,b0bcfe00dfb0394c9234e3dcf06b31ecf3af510d8088a7f5dc7995e3a99296ab,72.1,99.3,0.0,1065.0,1,multiquery_tblastn_querybound_v2
L. rhamnosus,GCF_000814485.1,0,uvrB,cd8ce439e5e0773e71067145054051d9edbb607ab99279e3a07771507195a791,100.0,100.0,0.0,1367.0,1,multiquery_tblastn_querybound_v2
L. rhamnosus,GCF_000814485.1,0,uvrC,49100507bfe018392aeabafe6aa1bad5f4d9331d8f417710122cd12e8d8cb58a,99.8,100.0,0.0,1208.0,1,multiquery_tblastn_querybound_v2
L. rhamnosus,GCF_000814485.1,0,Spx,717b1d41af9f6ee3ec2e96fbd79d0bbb24c7955a45d5081a57840687e0d30263,44.4,94.0,1.31e-32,117.0,1,multiquery_tblastn_querybound_v2
L. rhamnosus,GCF_000814485.1,0,MgsR,3f9152ce3c4d05b93bcfbcd9968de0bd1b286a653cbfb49fe6c7a6b5b9c4da61,22.5,94.1,4.22e-07,43.9,0,multiquery_tblastn_querybound_v2
L. rhamnosus,GCF_000814485.1,0,SOD,43b2482586b259b2094193668820b0e2bb48c0b143f24850c45438bea0ec8a30,,,,,0,multiquery_tblastn_querybound_v2
L. rhamnosus,GCF_000932035.1,0,PerR,8b73744d28b23856a888a836fd88bb6452ffb6a653a9aabeba0ddaa87163b59e,98.6,100.0,8.27e-87,273.0,1,multiquery_tblastn_querybound_v2
L. rhamnosus,GCF_000932035.1,0,OhrR,a8c02a2a7527017769dfb24fc5e536ef983c8fa5fc340c4a1ca2074c042b924a,28.9,97.3,2.91e-17,74.3,0,multiquery_tblastn_querybound_v2
L. rhamnosus,GCF_000932035.1,0,Catalase,00de8f6e7f0bdd780f17ea79cfa1eaaf60798fe947a8078a9dfdcb607a5458d2,,,,,0,multiquery_tblastn_querybound_v2
L. rhamnosus,GCF_000932035.1,0,Fur,,,,,,0,multiquery_tblastn_querybound_v2
L. rhamnosus,GCF_000932035.1,0,Rex,b7b8248dc4b68951cd31396901a7201544fe9d4a7c82b64968cc3cd1a7ae17d8,98.2,99.5,9.82e-133,408.0,1,multiquery_tblastn_querybound_v2
L. rhamnosus,GCF_000932035.1,0,RecA,38695d4d1e9418e3bf4ace59f20c27f83ddbd49933aabbe417390bf8640363d1,75.5,87.3,1.07e-137,430.0,1,multiquery_tblastn_querybound_v2
L. rhamnosus,GCF_000932035.1,0,Mn_transport,ff5ae59a98c602b54710295c1571710f5c0c1334f7cd81b22d40bb13cae3a266,49.8,89.6,8.46e-92,295.0,1,multiquery_tblastn_querybound_v2
L. rhamnosus,GCF_000932035.1,0,Nox,0be76acff1d03cb855968387feff33880e4c3c30ed1611188ef85f90e382e156,100.0,100.0,0.0,897.0,1,multiquery_tblastn_querybound_v2
L. rhamnosus,GCF_000932035.1,0,uvrA,b0bcfe00dfb0394c9234e3dcf06b31ecf3af510d8088a7f5dc7995e3a99296ab,71.9,99.3,0.0,1059.0,1,multiquery_tblastn_querybound_v2
L. rhamnosus,GCF_000932035.1,0,uvrB,cd8ce439e5e0773e71067145054051d9edbb607ab99279e3a07771507195a791,100.0,100.0,0.0,1368.0,1,multiquery_tblastn_querybound_v2
L. rhamnosus,GCF_000932035.1,0,uvrC,49100507bfe018392aeabafe6aa1bad5f4d9331d8f417710122cd12e8d8cb58a,100.0,100.0,0.0,1210.0,1,multiquery_tblastn_querybound_v2
L. rhamnosus,GCF_000932035.1,0,Spx,717b1d41af9f6ee3ec2e96fbd79d0bbb24c7955a45d5081a57840687e0d30263,44.4,94.0,1.25e-32,117.0,1,multiquery_tblastn_querybound_v2
L. rhamnosus,GCF_000932035.1,0,MgsR,3f9152ce3c4d05b93bcfbcd9968de0bd1b286a653cbfb49fe6c7a6b5b9c4da61,22.5,94.1,5.35e-08,46.6,0,multiquery_tblastn_querybound_v2
L. rhamnosus,GCF_000932035.1,0,SOD,43b2482586b259b2094193668820b0e2bb48c0b143f24850c45438bea0ec8a30,,,,,0,multiquery_tblastn_querybound_v2
L. rhamnosus,GCF_001005625.1,0,PerR,8b73744d28b23856a888a836fd88bb6452ffb6a653a9aabeba0ddaa87163b59e,99.3,100.0,6.47e-87,273.0,1,multiquery_tblastn_querybound_v2
L. rhamnosus,GCF_001005625.1,0,OhrR,a8c02a2a7527017769dfb24fc5e536ef983c8fa5fc340c4a1ca2074c042b924a,28.9,97.3,2.99e-17,74.3,0,multiquery_tblastn_querybound_v2
L. rhamnosus,GCF_001005625.1,0,Catalase,00de8f6e7f0bdd780f17ea79cfa1eaaf60798fe947a8078a9dfdcb607a5458d2,,,,,0,multiquery_tblastn_querybound_v2
L. rhamnosus,GCF_001005625.1,0,Fur,,,,,,0,multiquery_tblastn_querybound_v2
L. rhamnosus,GCF_001005625.1,0,Rex,b7b8248dc4b68951cd31396901a7201544fe9d4a7c82b64968cc3cd1a7ae17d8,98.6,100.0,1.67e-133,410.0,1,multiquery_tblastn_querybound_v2
L. rhamnosus,GCF_001005625.1,0,RecA,38695d4d1e9418e3bf4ace59f20c27f83ddbd49933aabbe417390bf8640363d1,75.5,87.3,6.2e-138,430.0,1,multiquery_tblastn_querybound_v2
L. rhamnosus,GCF_001005625.1,0,Mn_transport,ff5ae59a98c602b54710295c1571710f5c0c1334f7cd81b22d40bb13cae3a266,50.0,90.6,1.09e-92,298.0,1,multiquery_tblastn_querybound_v2
L. rhamnosus,GCF_001005625.1,0,Nox,0be76acff1d03cb855968387feff33880e4c3c30ed1611188ef85f90e382e156,99.8,100.0,0.0,896.0,1,multiquery_tblastn_querybound_v2
L. rhamnosus,GCF_001005625.1,0,uvrA,b0bcfe00dfb0394c9234e3dcf06b31ecf3af510d8088a7f5dc7995e3a99296ab,72.1,99.3,0.0,1065.0,1,multiquery_tblastn_querybound_v2
L. rhamnosus,GCF_001005625.1,0,uvrB,cd8ce439e5e0773e71067145054051d9edbb607ab99279e3a07771507195a791,100.0,100.0,0.0,1367.0,1,multiquery_tblastn_querybound_v2
L. rhamnosus,GCF_001005625.1,0,uvrC,49100507bfe018392aeabafe6aa1bad5f4d9331d8f417710122cd12e8d8cb58a,100.0,100.0,0.0,1210.0,1,multiquery_tblastn_querybound_v2
L. rhamnosus,GCF_001005625.1,0,Spx,717b1d41af9f6ee3ec2e96fbd79d0bbb24c7955a45d5081a57840687e0d30263,43.7,94.0,1.52e-31,114.0,1,multiquery_tblastn_querybound_v2
L. rhamnosus,GCF_001005625.1,0,MgsR,3f9152ce3c4d05b93bcfbcd9968de0bd1b286a653cbfb49fe6c7a6b5b9c4da61,22.5,94.1,9.53e-08,45.8,0,multiquery_tblastn_querybound_v2
L. rhamnosus,GCF_001005625.1,0,SOD,43b2482586b259b2094193668820b0e2bb48c0b143f24850c45438bea0ec8a30,,,,,0,multiquery_tblastn_querybound_v2
L. rhamnosus,GCF_001044025.1,0,PerR,8b73744d28b23856a888a836fd88bb6452ffb6a653a9aabeba0ddaa87163b59e,99.3,100.0,6.2e-87,273.0,1,multiquery_tblastn_querybound_v2
L. rhamnosus,GCF_001044025.1,0,OhrR,a8c02a2a7527017769dfb24fc5e536ef983c8fa5fc340c4a1ca2074c042b924a,28.9,97.3,2.86e-17,74.3,0,multiquery_tblastn_querybound_v2
L. rhamnosus,GCF_001044025.1,0,Catalase,00de8f6e7f0bdd780f17ea79cfa1eaaf60798fe947a8078a9dfdcb607a5458d2,,,,,0,multiquery_tblastn_querybound_v2
L. rhamnosus,GCF_001044025.1,0,Fur,,,,,,0,multiquery_tblastn_querybound_v2
L. rhamnosus,GCF_001044025.1,0,Rex,b7b8248dc4b68951cd31396901a7201544fe9d4a7c82b64968cc3cd1a7ae17d8,98.6,99.5,3.73e-133,409.0,1,multiquery_tblastn_querybound_v2
L. rhamnosus,GCF_001044025.1,0,RecA,38695d4d1e9418e3bf4ace59f20c27f83ddbd49933aabbe417390bf8640363d1,75.5,87.3,1.57e-137,429.0,1,multiquery_tblastn_querybound_v2
L. rhamnosus,GCF_001044025.1,0,Mn_transport,ff5ae59a98c602b54710295c1571710f5c0c1334f7cd81b22d40bb13cae3a266,49.3,90.6,7.1e-92,293.0,1,multiquery_tblastn_querybound_v2
L. rhamnosus,GCF_001044025.1,0,Nox,0be76acff1d03cb855968387feff33880e4c3c30ed1611188ef85f90e382e156,99.8,100.0,0.0,895.0,1,multiquery_tblastn_querybound_v2
L. rhamnosus,GCF_001044025.1,0,uvrA,b0bcfe00dfb0394c9234e3dcf06b31ecf3af510d8088a7f5dc7995e3a99296ab,72.1,99.3,0.0,1063.0,1,multiquery_tblastn_querybound_v2
L. rhamnosus,GCF_001044025.1,0,uvrB,cd8ce439e5e0773e71067145054051d9edbb607ab99279e3a07771507195a791,100.0,100.0,0.0,1368.0,1,multiquery_tblastn_querybound_v2
L. rhamnosus,GCF_001044025.1,0,uvrC,49100507bfe018392aeabafe6aa1bad5f4d9331d8f417710122cd12e8d8cb58a,100.0,100.0,0.0,1210.0,1,multiquery_tblastn_querybound_v2
L. rhamnosus,GCF_001044025.1,0,Spx,717b1d41af9f6ee3ec2e96fbd79d0bbb24c7955a45d5081a57840687e0d30263,44.4,94.0,1.22e-32,117.0,1,multiquery_tblastn_querybound_v2
L. rhamnosus,GCF_001044025.1,0,MgsR,3f9152ce3c4d05b93bcfbcd9968de0bd1b286a653cbfb49fe6c7a6b5b9c4da61,22.5,94.1,9.09e-08,45.8,0,multiquery_tblastn_querybound_v2
L. rhamnosus,GCF_001044025.1,0,SOD,43b2482586b259b2094193668820b0e2bb48c0b143f24850c45438bea0ec8a30,,,,,0,multiquery_tblastn_querybound_v2
L. rhamnosus,GCF_001044415.1,0,PerR,8b73744d28b23856a888a836fd88bb6452ffb6a653a9aabeba0ddaa87163b59e,99.3,100.0,6.4e-87,273.0,1,multiquery_tblastn_querybound_v2
L. rhamnosus,GCF_001044415.1,0,OhrR,a8c02a2a7527017769dfb24fc5e536ef983c8fa5fc340c4a1ca2074c042b924a,28.9,97.3,2.95e-17,74.3,0,multiquery_tblastn_querybound_v2
L. rhamnosus,GCF_001044415.1,0,Catalase,00de8f6e7f0bdd780f17ea79cfa1eaaf60798fe947a8078a9dfdcb607a5458d2,,,,,0,multiquery_tblastn_querybound_v2
L. rhamnosus,GCF_001044415.1,0,Fur,,,,,,0,multiquery_tblastn_querybound_v2
L. rhamnosus,GCF_001044415.1,0,Rex,b7b8248dc4b68951cd31396901a7201544fe9d4a7c82b64968cc3cd1a7ae17d8,97.7,100.0,1.44e-132,408.0,1,multiquery_tblastn_querybound_v2
L. rhamnosus,GCF_001044415.1,0,RecA,38695d4d1e9418e3bf4ace59f20c27f83ddbd49933aabbe417390bf8640363d1,75.5,87.3,1.08e-137,430.0,1,multiquery_tblastn_querybound_v2
L. rhamnosus,GCF_001044415.1,0,Mn_transport,ff5ae59a98c602b54710295c1571710f5c0c1334f7cd81b22d40bb13cae3a266,50.4,90.6,1.19e-92,297.0,1,multiquery_tblastn_querybound_v2
L. rhamnosus,GCF_001044415.1,0,Nox,0be76acff1d03cb855968387feff33880e4c3c30ed1611188ef85f90e382e156,100.0,100.0,0.0,897.0,1,multiquery_tblastn_querybound_v2
L. rhamnosus,GCF_001044415.1,0,uvrA,b0bcfe00dfb0394c9234e3dcf06b31ecf3af510d8088a7f5dc7995e3a99296ab,71.9,99.3,0.0,1060.0,1,multiquery_tblastn_querybound_v2
L. rhamnosus,GCF_001044415.1,0,uvrB,cd8ce439e5e0773e71067145054051d9edbb607ab99279e3a07771507195a791,100.0,100.0,0.0,1367.0,1,multiquery_tblastn_querybound_v2
L. rhamnosus,GCF_001044415.1,0,uvrC,49100507bfe018392aeabafe6aa1bad5f4d9331d8f417710122cd12e8d8cb58a,100.0,58.5,0.0,683.0,0,multiquery_tblastn_querybound_v2
L. rhamnosus,GCF_001044415.1,0,Spx,717b1d41af9f6ee3ec2e96fbd79d0bbb24c7955a45d5081a57840687e0d30263,44.4,94.0,1.06e-32,117.0,1,multiquery_tblastn_querybound_v2
L. rhamnosus,GCF_001044415.1,0,MgsR,3f9152ce3c4d05b93bcfbcd9968de0bd1b286a653cbfb49fe6c7a6b5b9c4da61,22.5,94.1,9.25e-08,45.8,0,multiquery_tblastn_querybound_v2
L. rhamnosus,GCF_001044415.1,0,SOD,43b2482586b259b2094193668820b0e2bb48c0b143f24850c45438bea0ec8a30,,,,,0,multiquery_tblastn_querybound_v2
L. rhamnosus,GCF_001062885.1,0,PerR,8b73744d28b23856a888a836fd88bb6452ffb6a653a9aabeba0ddaa87163b59e,99.3,100.0,6.64e-87,273.0,1,multiquery_tblastn_querybound_v2
L. rhamnosus,GCF_001062885.1,0,OhrR,a8c02a2a7527017769dfb24fc5e536ef983c8fa5fc340c4a1ca2074c042b924a,28.9,97.3,3.06e-17,74.3,0,multiquery_tblastn_querybound_v2
L. rhamnosus,GCF_001062885.1,0,Catalase,00de8f6e7f0bdd780f17ea79cfa1eaaf60798fe947a8078a9dfdcb607a5458d2,,,,,0,multiquery_tblastn_querybound_v2
L. rhamnosus,GCF_001062885.1,0,Fur,,,,,,0,multiquery_tblastn_querybound_v2
L. rhamnosus,GCF_001062885.1,0,Rex,b7b8248dc4b68951cd31396901a7201544fe9d4a7c82b64968cc3cd1a7ae17d8,98.2,100.0,4.72e-133,409.0,1,multiquery_tblastn_querybound_v2
L. rhamnosus,GCF_001062885.1,0,RecA,38695d4d1e9418e3bf4ace59f20c27f83ddbd49933aabbe417390bf8640363d1,75.5,87.3,1.1e-137,430.0,1,multiquery_tblastn_querybound_v2
L. rhamnosus,GCF_001062885.1,0,Mn_transport,ff5ae59a98c602b54710295c1571710f5c0c1334f7cd81b22d40bb13cae3a266,50.0,90.6,2.21e-92,296.0,1,multiquery_tblastn_querybound_v2
L. rhamnosus,GCF_001062885.1,0,Nox,0be76acff1d03cb855968387feff33880e4c3c30ed1611188ef85f90e382e156,100.0,100.0,0.0,897.0,1,multiquery_tblastn_querybound_v2
L. rhamnosus,GCF_001062885.1,0,uvrA,b0bcfe00dfb0394c9234e3dcf06b31ecf3af510d8088a7f5dc7995e3a99296ab,71.7,99.3,0.0,1056.0,1,multiquery_tblastn_querybound_v2
L. rhamnosus,GCF_001062885.1,0,uvrB,cd8ce439e5e0773e71067145054051d9edbb607ab99279e3a07771507195a791,99.9,100.0,0.0,1368.0,1,multiquery_tblastn_querybound_v2
L. rhamnosus,GCF_001062885.1,0,uvrC,49100507bfe018392aeabafe6aa1bad5f4d9331d8f417710122cd12e8d8cb58a,100.0,100.0,0.0,1210.0,1,multiquery_tblastn_querybound_v2
L. rhamnosus,GCF_001062885.1,0,Spx,717b1d41af9f6ee3ec2e96fbd79d0bbb24c7955a45d5081a57840687e0d30263,44.4,94.0,1.31e-32,117.0,1,multiquery_tblastn_querybound_v2
L. rhamnosus,GCF_001062885.1,0,MgsR,3f9152ce3c4d05b93bcfbcd9968de0bd1b286a653cbfb49fe6c7a6b5b9c4da61,21.6,94.1,1.7e-07,45.1,0,multiquery_tblastn_querybound_v2
L. rhamnosus,GCF_001062885.1,0,SOD,43b2482586b259b2094193668820b0e2bb48c0b143f24850c45438bea0ec8a30,,,,,0,multiquery_tblastn_querybound_v2
L. rhamnosus,GCF_001062955.1,0,PerR,8b73744d28b23856a888a836fd88bb6452ffb6a653a9aabeba0ddaa87163b59e,99.3,100.0,7.92e-88,273.0,1,multiquery_tblastn_querybound_v2
L. rhamnosus,GCF_001062955.1,0,OhrR,a8c02a2a7527017769dfb24fc5e536ef983c8fa5fc340c4a1ca2074c042b924a,28.9,97.3,2.96e-17,74.3,0,multiquery_tblastn_querybound_v2
L. rhamnosus,GCF_001062955.1,0,Catalase,00de8f6e7f0bdd780f17ea79cfa1eaaf60798fe947a8078a9dfdcb607a5458d2,,,,,0,multiquery_tblastn_querybound_v2
L. rhamnosus,GCF_001062955.1,0,Fur,,,,,,0,multiquery_tblastn_querybound_v2
L. rhamnosus,GCF_001062955.1,0,Rex,b7b8248dc4b68951cd31396901a7201544fe9d4a7c82b64968cc3cd1a7ae17d8,98.2,100.0,6.28e-136,409.0,1,multiquery_tblastn_querybound_v2
L. rhamnosus,GCF_001062955.1,0,RecA,38695d4d1e9418e3bf4ace59f20c27f83ddbd49933aabbe417390bf8640363d1,75.5,87.3,1.01e-137,430.0,1,multiquery_tblastn_querybound_v2
L. rhamnosus,GCF_001062955.1,0,Mn_transport,ff5ae59a98c602b54710295c1571710f5c0c1334f7cd81b22d40bb13cae3a266,50.0,90.6,1.51e-92,297.0,1,multiquery_tblastn_querybound_v2
L. rhamnosus,GCF_001062955.1,0,Nox,0be76acff1d03cb855968387feff33880e4c3c30ed1611188ef85f90e382e156,100.0,100.0,0.0,897.0,1,multiquery_tblastn_querybound_v2
L. rhamnosus,GCF_001062955.1,0,uvrA,b0bcfe00dfb0394c9234e3dcf06b31ecf3af510d8088a7f5dc7995e3a99296ab,71.7,99.3,0.0,1056.0,1,multiquery_tblastn_querybound_v2
L. rhamnosus,GCF_001062955.1,0,uvrB,cd8ce439e5e0773e71067145054051d9edbb607ab99279e3a07771507195a791,99.9,100.0,0.0,1367.0,1,multiquery_tblastn_querybound_v2
L. rhamnosus,GCF_001062955.1,0,uvrC,49100507bfe018392aeabafe6aa1bad5f4d9331d8f417710122cd12e8d8cb58a,100.0,100.0,0.0,1210.0,1,multiquery_tblastn_querybound_v2
L. rhamnosus,GCF_001062955.1,0,Spx,717b1d41af9f6ee3ec2e96fbd79d0bbb24c7955a45d5081a57840687e0d30263,44.4,94.0,1.24e-32,117.0,1,multiquery_tblastn_querybound_v2
L. rhamnosus,GCF_001062955.1,0,MgsR,3f9152ce3c4d05b93bcfbcd9968de0bd1b286a653cbfb49fe6c7a6b5b9c4da61,21.6,94.1,1.64e-07,45.1,0,multiquery_tblastn_querybound_v2
L. rhamnosus,GCF_001062955.1,0,SOD,43b2482586b259b2094193668820b0e2bb48c0b143f24850c45438bea0ec8a30,,,,,0,multiquery_tblastn_querybound_v2
L. rhamnosus,GCF_001063655.1,0,PerR,8b73744d28b23856a888a836fd88bb6452ffb6a653a9aabeba0ddaa87163b59e,100.0,100.0,2.42e-87,275.0,1,multiquery_tblastn_querybound_v2
L. rhamnosus,GCF_001063655.1,0,OhrR,a8c02a2a7527017769dfb24fc5e536ef983c8fa5fc340c4a1ca2074c042b924a,28.9,97.3,3.18e-17,74.3,0,multiquery_tblastn_querybound_v2
L. rhamnosus,GCF_001063655.1,0,Catalase,00de8f6e7f0bdd780f17ea79cfa1eaaf60798fe947a8078a9dfdcb607a5458d2,,,,,0,multiquery_tblastn_querybound_v2
L. rhamnosus,GCF_001063655.1,0,Fur,,,,,,0,multiquery_tblastn_querybound_v2
L. rhamnosus,GCF_001063655.1,0,Rex,b7b8248dc4b68951cd31396901a7201544fe9d4a7c82b64968cc3cd1a7ae17d8,98.6,100.0,1.78e-133,410.0,1,multiquery_tblastn_querybound_v2
L. rhamnosus,GCF_001063655.1,0,RecA,38695d4d1e9418e3bf4ace59f20c27f83ddbd49933aabbe417390bf8640363d1,75.5,87.3,6.6e-138,430.0,1,multiquery_tblastn_querybound_v2
L. rhamnosus,GCF_001063655.1,0,Mn_transport,ff5ae59a98c602b54710295c1571710f5c0c1334f7cd81b22d40bb13cae3a266,50.0,90.6,6.44e-93,298.0,1,multiquery_tblastn_querybound_v2
L. rhamnosus,GCF_001063655.1,0,Nox,0be76acff1d03cb855968387feff33880e4c3c30ed1611188ef85f90e382e156,99.8,100.0,0.0,896.0,1,multiquery_tblastn_querybound_v2
L. rhamnosus,GCF_001063655.1,0,uvrA,b0bcfe00dfb0394c9234e3dcf06b31ecf3af510d8088a7f5dc7995e3a99296ab,72.1,99.3,0.0,1065.0,1,multiquery_tblastn_querybound_v2
L. rhamnosus,GCF_001063655.1,0,uvrB,cd8ce439e5e0773e71067145054051d9edbb607ab99279e3a07771507195a791,100.0,100.0,0.0,1367.0,1,multiquery_tblastn_querybound_v2
L. rhamnosus,GCF_001063655.1,0,uvrC,49100507bfe018392aeabafe6aa1bad5f4d9331d8f417710122cd12e8d8cb58a,100.0,100.0,0.0,1210.0,1,multiquery_tblastn_querybound_v2
L. rhamnosus,GCF_001063655.1,0,Spx,717b1d41af9f6ee3ec2e96fbd79d0bbb24c7955a45d5081a57840687e0d30263,44.4,94.0,1.36e-32,117.0,1,multiquery_tblastn_querybound_v2
L. rhamnosus,GCF_001063655.1,0,MgsR,3f9152ce3c4d05b93bcfbcd9968de0bd1b286a653cbfb49fe6c7a6b5b9c4da61,22.5,94.1,1.02e-07,45.8,0,multiquery_tblastn_querybound_v2
L. rhamnosus,GCF_001063655.1,0,SOD,43b2482586b259b2094193668820b0e2bb48c0b143f24850c45438bea0ec8a30,,,,,0,multiquery_tblastn_querybound_v2
L. rhamnosus,GCF_001064515.1,0,PerR,8b73744d28b23856a888a836fd88bb6452ffb6a653a9aabeba0ddaa87163b59e,99.3,100.0,6.33e-87,273.0,1,multiquery_tblastn_querybound_v2
L. rhamnosus,GCF_001064515.1,0,OhrR,a8c02a2a7527017769dfb24fc5e536ef983c8fa5fc340c4a1ca2074c042b924a,28.9,97.3,2.89e-17,74.3,0,multiquery_tblastn_querybound_v2
L. rhamnosus,GCF_001064515.1,0,Catalase,00de8f6e7f0bdd780f17ea79cfa1eaaf60798fe947a8078a9dfdcb607a5458d2,,,,,0,multiquery_tblastn_querybound_v2
L. rhamnosus,GCF_001064515.1,0,Fur,,,,,,0,multiquery_tblastn_querybound_v2
L. rhamnosus,GCF_001064515.1,0,Rex,b7b8248dc4b68951cd31396901a7201544fe9d4a7c82b64968cc3cd1a7ae17d8,100.0,100.0,4.83e-136,417.0,1,multiquery_tblastn_querybound_v2
L. rhamnosus,GCF_001064515.1,0,RecA,38695d4d1e9418e3bf4ace59f20c27f83ddbd49933aabbe417390bf8640363d1,75.2,87.3,1.82e-137,429.0,1,multiquery_tblastn_querybound_v2
L. rhamnosus,GCF_001064515.1,0,Mn_transport,ff5ae59a98c602b54710295c1571710f5c0c1334f7cd81b22d40bb13cae3a266,50.0,90.6,9.91e-93,298.0,1,multiquery_tblastn_querybound_v2
L. rhamnosus,GCF_001064515.1,0,Nox,0be76acff1d03cb855968387feff33880e4c3c30ed1611188ef85f90e382e156,98.7,100.0,0.0,880.0,1,multiquery_tblastn_querybound_v2
L. rhamnosus,GCF_001064515.1,0,uvrA,b0bcfe00dfb0394c9234e3dcf06b31ecf3af510d8088a7f5dc7995e3a99296ab,71.6,99.3,0.0,1055.0,1,multiquery_tblastn_querybound_v2
L. rhamnosus,GCF_001064515.1,0,uvrB,cd8ce439e5e0773e71067145054051d9edbb607ab99279e3a07771507195a791,100.0,100.0,0.0,1368.0,1,multiquery_tblastn_querybound_v2
L. rhamnosus,GCF_001064515.1,0,uvrC,49100507bfe018392aeabafe6aa1bad5f4d9331d8f417710122cd12e8d8cb58a,100.0,100.0,0.0,1210.0,1,multiquery_tblastn_querybound_v2
L. rhamnosus,GCF_001064515.1,0,Spx,717b1d41af9f6ee3ec2e96fbd79d0bbb24c7955a45d5081a57840687e0d30263,44.4,94.0,1.25e-32,117.0,1,multiquery_tblastn_querybound_v2
L. rhamnosus,GCF_001064515.1,0,MgsR,3f9152ce3c4d05b93bcfbcd9968de0bd1b286a653cbfb49fe6c7a6b5b9c4da61,22.5,94.1,9.34e-08,45.8,0,multiquery_tblastn_querybound_v2
L. rhamnosus,GCF_001064515.1,0,SOD,43b2482586b259b2094193668820b0e2bb48c0b143f24850c45438bea0ec8a30,,,,,0,multiquery_tblastn_querybound_v2
L. rhamnosus,GCF_001064785.1,0,PerR,8b73744d28b23856a888a836fd88bb6452ffb6a653a9aabeba0ddaa87163b59e,99.3,100.0,6.46e-87,273.0,1,multiquery_tblastn_querybound_v2
L. rhamnosus,GCF_001064785.1,0,OhrR,a8c02a2a7527017769dfb24fc5e536ef983c8fa5fc340c4a1ca2074c042b924a,28.9,97.3,2.98e-17,74.3,0,multiquery_tblastn_querybound_v2
L. rhamnosus,GCF_001064785.1,0,Catalase,00de8f6e7f0bdd780f17ea79cfa1eaaf60798fe947a8078a9dfdcb607a5458d2,,,,,0,multiquery_tblastn_querybound_v2
L. rhamnosus,GCF_001064785.1,0,Fur,,,,,,0,multiquery_tblastn_querybound_v2
L. rhamnosus,GCF_001064785.1,0,Rex,b7b8248dc4b68951cd31396901a7201544fe9d4a7c82b64968cc3cd1a7ae17d8,98.2,100.0,2.4e-136,409.0,1,multiquery_tblastn_querybound_v2
L. rhamnosus,GCF_001064785.1,0,RecA,38695d4d1e9418e3bf4ace59f20c27f83ddbd49933aabbe417390bf8640363d1,75.5,87.3,1.01e-137,430.0,1,multiquery_tblastn_querybound_v2
L. rhamnosus,GCF_001064785.1,0,Mn_transport,ff5ae59a98c602b54710295c1571710f5c0c1334f7cd81b22d40bb13cae3a266,50.0,90.6,9.68e-93,297.0,1,multiquery_tblastn_querybound_v2
L. rhamnosus,GCF_001064785.1,0,Nox,0be76acff1d03cb855968387feff33880e4c3c30ed1611188ef85f90e382e156,100.0,100.0,0.0,897.0,1,multiquery_tblastn_querybound_v2
L. rhamnosus,GCF_001064785.1,0,uvrA,b0bcfe00dfb0394c9234e3dcf06b31ecf3af510d8088a7f5dc7995e3a99296ab,71.7,99.3,0.0,1056.0,1,multiquery_tblastn_querybound_v2
L. rhamnosus,GCF_001064785.1,0,uvrB,cd8ce439e5e0773e71067145054051d9edbb607ab99279e3a07771507195a791,99.9,100.0,0.0,1366.0,1,multiquery_tblastn_querybound_v2
L. rhamnosus,GCF_001064785.1,0,uvrC,49100507bfe018392aeabafe6aa1bad5f4d9331d8f417710122cd12e8d8cb58a,100.0,55.5,0.0,643.0,0,multiquery_tblastn_querybound_v2
L. rhamnosus,GCF_001064785.1,0,Spx,717b1d41af9f6ee3ec2e96fbd79d0bbb24c7955a45d5081a57840687e0d30263,44.4,94.0,1.26e-32,117.0,1,multiquery_tblastn_querybound_v2
L. rhamnosus,GCF_001064785.1,0,MgsR,3f9152ce3c4d05b93bcfbcd9968de0bd1b286a653cbfb49fe6c7a6b5b9c4da61,21.6,94.1,1.65e-07,45.1,0,multiquery_tblastn_querybound_v2
L. rhamnosus,GCF_001064785.1,0,SOD,43b2482586b259b2094193668820b0e2bb48c0b143f24850c45438bea0ec8a30,,,,,0,multiquery_tblastn_querybound_v2
L. rhamnosus,GCF_001065365.1,0,PerR,8b73744d28b23856a888a836fd88bb6452ffb6a653a9aabeba0ddaa87163b59e,100.0,100.0,2.31e-87,275.0,1,multiquery_tblastn_querybound_v2
L. rhamnosus,GCF_001065365.1,0,OhrR,a8c02a2a7527017769dfb24fc5e536ef983c8fa5fc340c4a1ca2074c042b924a,28.9,97.3,3.04e-17,74.3,0,multiquery_tblastn_querybound_v2
L. rhamnosus,GCF_001065365.1,0,Catalase,00de8f6e7f0bdd780f17ea79cfa1eaaf60798fe947a8078a9dfdcb607a5458d2,,,,,0,multiquery_tblastn_querybound_v2
L. rhamnosus,GCF_001065365.1,0,Fur,,,,,,0,multiquery_tblastn_querybound_v2
L. rhamnosus,GCF_001065365.1,0,Rex,b7b8248dc4b68951cd31396901a7201544fe9d4a7c82b64968cc3cd1a7ae17d8,98.6,100.0,1.69e-133,410.0,1,multiquery_tblastn_querybound_v2
L. rhamnosus,GCF_001065365.1,0,RecA,38695d4d1e9418e3bf4ace59f20c27f83ddbd49933aabbe417390bf8640363d1,75.5,87.3,6.29e-138,430.0,1,multiquery_tblastn_querybound_v2
L. rhamnosus,GCF_001065365.1,0,Mn_transport,ff5ae59a98c602b54710295c1571710f5c0c1334f7cd81b22d40bb13cae3a266,50.0,90.6,6.14e-93,298.0,1,multiquery_tblastn_querybound_v2
L. rhamnosus,GCF_001065365.1,0,Nox,0be76acff1d03cb855968387feff33880e4c3c30ed1611188ef85f90e382e156,99.8,100.0,0.0,896.0,1,multiquery_tblastn_querybound_v2
L. rhamnosus,GCF_001065365.1,0,uvrA,b0bcfe00dfb0394c9234e3dcf06b31ecf3af510d8088a7f5dc7995e3a99296ab,72.1,99.3,0.0,1065.0,1,multiquery_tblastn_querybound_v2
L. rhamnosus,GCF_001065365.1,0,uvrB,cd8ce439e5e0773e71067145054051d9edbb607ab99279e3a07771507195a791,100.0,100.0,0.0,1367.0,1,multiquery_tblastn_querybound_v2
L. rhamnosus,GCF_001065365.1,0,uvrC,49100507bfe018392aeabafe6aa1bad5f4d9331d8f417710122cd12e8d8cb58a,100.0,100.0,0.0,1210.0,1,multiquery_tblastn_querybound_v2
L. rhamnosus,GCF_001065365.1,0,Spx,717b1d41af9f6ee3ec2e96fbd79d0bbb24c7955a45d5081a57840687e0d30263,44.4,94.0,1.3e-32,117.0,1,multiquery_tblastn_querybound_v2
L. rhamnosus,GCF_001065365.1,0,MgsR,3f9152ce3c4d05b93bcfbcd9968de0bd1b286a653cbfb49fe6c7a6b5b9c4da61,22.5,94.1,9.71e-08,45.8,0,multiquery_tblastn_querybound_v2
L. rhamnosus,GCF_001065365.1,0,SOD,43b2482586b259b2094193668820b0e2bb48c0b143f24850c45438bea0ec8a30,,,,,0,multiquery_tblastn_querybound_v2
L. rhamnosus,GCF_001066715.1,0,PerR,8b73744d28b23856a888a836fd88bb6452ffb6a653a9aabeba0ddaa87163b59e,100.0,100.0,2.32e-87,275.0,1,multiquery_tblastn_querybound_v2
L. rhamnosus,GCF_001066715.1,0,OhrR,a8c02a2a7527017769dfb24fc5e536ef983c8fa5fc340c4a1ca2074c042b924a,28.9,97.3,3.04e-17,74.3,0,multiquery_tblastn_querybound_v2
L. rhamnosus,GCF_001066715.1,0,Catalase,00de8f6e7f0bdd780f17ea79cfa1eaaf60798fe947a8078a9dfdcb607a5458d2,,,,,0,multiquery_tblastn_querybound_v2
L. rhamnosus,GCF_001066715.1,0,Fur,,,,,,0,multiquery_tblastn_querybound_v2
L. rhamnosus,GCF_001066715.1,0,Rex,b7b8248dc4b68951cd31396901a7201544fe9d4a7c82b64968cc3cd1a7ae17d8,98.6,100.0,1.69e-133,410.0,1,multiquery_tblastn_querybound_v2
L. rhamnosus,GCF_001066715.1,0,RecA,38695d4d1e9418e3bf4ace59f20c27f83ddbd49933aabbe417390bf8640363d1,75.5,87.3,5.92e-138,430.0,1,multiquery_tblastn_querybound_v2
L. rhamnosus,GCF_001066715.1,0,Mn_transport,ff5ae59a98c602b54710295c1571710f5c0c1334f7cd81b22d40bb13cae3a266,50.0,90.6,6.13e-93,298.0,1,multiquery_tblastn_querybound_v2
L. rhamnosus,GCF_001066715.1,0,Nox,0be76acff1d03cb855968387feff33880e4c3c30ed1611188ef85f90e382e156,99.8,100.0,0.0,896.0,1,multiquery_tblastn_querybound_v2
L. rhamnosus,GCF_001066715.1,0,uvrA,b0bcfe00dfb0394c9234e3dcf06b31ecf3af510d8088a7f5dc7995e3a99296ab,72.1,99.3,0.0,1065.0,1,multiquery_tblastn_querybound_v2
L. rhamnosus,GCF_001066715.1,0,uvrB,cd8ce439e5e0773e71067145054051d9edbb607ab99279e3a07771507195a791,100.0,100.0,0.0,1367.0,1,multiquery_tblastn_querybound_v2
L. rhamnosus,GCF_001066715.1,0,uvrC,49100507bfe018392aeabafe6aa1bad5f4d9331d8f417710122cd12e8d8cb58a,100.0,100.0,0.0,1210.0,1,multiquery_tblastn_querybound_v2
L. rhamnosus,GCF_001066715.1,0,Spx,717b1d41af9f6ee3ec2e96fbd79d0bbb24c7955a45d5081a57840687e0d30263,44.4,94.0,1.3e-32,117.0,1,multiquery_tblastn_querybound_v2
L. rhamnosus,GCF_001066715.1,0,MgsR,3f9152ce3c4d05b93bcfbcd9968de0bd1b286a653cbfb49fe6c7a6b5b9c4da61,22.5,94.1,9.63e-08,45.8,0,multiquery_tblastn_querybound_v2
L. rhamnosus,GCF_001066715.1,0,SOD,43b2482586b259b2094193668820b0e2bb48c0b143f24850c45438bea0ec8a30,,,,,0,multiquery_tblastn_querybound_v2
L. rhamnosus,GCF_001066975.1,0,PerR,8b73744d28b23856a888a836fd88bb6452ffb6a653a9aabeba0ddaa87163b59e,99.3,100.0,1.22e-87,273.0,1,multiquery_tblastn_querybound_v2
L. rhamnosus,GCF_001066975.1,0,OhrR,a8c02a2a7527017769dfb24fc5e536ef983c8fa5fc340c4a1ca2074c042b924a,28.9,97.3,2.97e-17,74.3,0,multiquery_tblastn_querybound_v2
L. rhamnosus,GCF_001066975.1,0,Catalase,00de8f6e7f0bdd780f17ea79cfa1eaaf60798fe947a8078a9dfdcb607a5458d2,,,,,0,multiquery_tblastn_querybound_v2
L. rhamnosus,GCF_001066975.1,0,Fur,,,,,,0,multiquery_tblastn_querybound_v2
L. rhamnosus,GCF_001066975.1,0,Rex,b7b8248dc4b68951cd31396901a7201544fe9d4a7c82b64968cc3cd1a7ae17d8,98.2,100.0,4.13e-133,409.0,1,multiquery_tblastn_querybound_v2
L. rhamnosus,GCF_001066975.1,0,RecA,38695d4d1e9418e3bf4ace59f20c27f83ddbd49933aabbe417390bf8640363d1,75.2,87.3,6.31e-137,427.0,1,multiquery_tblastn_querybound_v2
L. rhamnosus,GCF_001066975.1,0,Mn_transport,ff5ae59a98c602b54710295c1571710f5c0c1334f7cd81b22d40bb13cae3a266,49.6,90.6,3.79e-92,296.0,1,multiquery_tblastn_querybound_v2
L. rhamnosus,GCF_001066975.1,0,Nox,0be76acff1d03cb855968387feff33880e4c3c30ed1611188ef85f90e382e156,99.6,100.0,0.0,894.0,1,multiquery_tblastn_querybound_v2
L. rhamnosus,GCF_001066975.1,0,uvrA,b0bcfe00dfb0394c9234e3dcf06b31ecf3af510d8088a7f5dc7995e3a99296ab,72.0,99.3,0.0,1064.0,1,multiquery_tblastn_querybound_v2
L. rhamnosus,GCF_001066975.1,0,uvrB,cd8ce439e5e0773e71067145054051d9edbb607ab99279e3a07771507195a791,100.0,100.0,0.0,1366.0,1,multiquery_tblastn_querybound_v2
L. rhamnosus,GCF_001066975.1,0,uvrC,49100507bfe018392aeabafe6aa1bad5f4d9331d8f417710122cd12e8d8cb58a,100.0,100.0,0.0,1210.0,1,multiquery_tblastn_querybound_v2
L. rhamnosus,GCF_001066975.1,0,Spx,717b1d41af9f6ee3ec2e96fbd79d0bbb24c7955a45d5081a57840687e0d30263,44.4,94.0,1.23e-32,117.0,1,multiquery_tblastn_querybound_v2
L. rhamnosus,GCF_001066975.1,0,MgsR,3f9152ce3c4d05b93bcfbcd9968de0bd1b286a653cbfb49fe6c7a6b5b9c4da61,22.5,94.1,5.42e-08,46.6,0,multiquery_tblastn_querybound_v2
L. rhamnosus,GCF_001066975.1,0,SOD,43b2482586b259b2094193668820b0e2bb48c0b143f24850c45438bea0ec8a30,,,,,0,multiquery_tblastn_querybound_v2
L. rhamnosus,GCF_001067025.1,0,PerR,8b73744d28b23856a888a836fd88bb6452ffb6a653a9aabeba0ddaa87163b59e,99.3,100.0,8.3e-88,273.0,1,multiquery_tblastn_querybound_v2
L. rhamnosus,GCF_001067025.1,0,OhrR,a8c02a2a7527017769dfb24fc5e536ef983c8fa5fc340c4a1ca2074c042b924a,28.9,97.3,2.98e-17,74.3,0,multiquery_tblastn_querybound_v2
L. rhamnosus,GCF_001067025.1,0,Catalase,00de8f6e7f0bdd780f17ea79cfa1eaaf60798fe947a8078a9dfdcb607a5458d2,,,,,0,multiquery_tblastn_querybound_v2
L. rhamnosus,GCF_001067025.1,0,Fur,,,,,,0,multiquery_tblastn_querybound_v2
L. rhamnosus,GCF_001067025.1,0,Rex,b7b8248dc4b68951cd31396901a7201544fe9d4a7c82b64968cc3cd1a7ae17d8,98.2,100.0,4.19e-133,409.0,1,multiquery_tblastn_querybound_v2
L. rhamnosus,GCF_001067025.1,0,RecA,38695d4d1e9418e3bf4ace59f20c27f83ddbd49933aabbe417390bf8640363d1,75.2,87.3,6.71e-137,427.0,1,multiquery_tblastn_querybound_v2
L. rhamnosus,GCF_001067025.1,0,Mn_transport,ff5ae59a98c602b54710295c1571710f5c0c1334f7cd81b22d40bb13cae3a266,49.6,90.6,3.84e-92,296.0,1,multiquery_tblastn_querybound_v2
L. rhamnosus,GCF_001067025.1,0,Nox,0be76acff1d03cb855968387feff33880e4c3c30ed1611188ef85f90e382e156,99.6,100.0,0.0,894.0,1,multiquery_tblastn_querybound_v2
L. rhamnosus,GCF_001067025.1,0,uvrA,b0bcfe00dfb0394c9234e3dcf06b31ecf3af510d8088a7f5dc7995e3a99296ab,71.9,83.3,0.0,887.0,1,multiquery_tblastn_querybound_v2
L. rhamnosus,GCF_001067025.1,0,uvrB,cd8ce439e5e0773e71067145054051d9edbb607ab99279e3a07771507195a791,100.0,100.0,0.0,1366.0,1,multiquery_tblastn_querybound_v2
L. rhamnosus,GCF_001067025.1,0,uvrC,49100507bfe018392aeabafe6aa1bad5f4d9331d8f417710122cd12e8d8cb58a,100.0,100.0,0.0,1210.0,1,multiquery_tblastn_querybound_v2
L. rhamnosus,GCF_001067025.1,0,Spx,717b1d41af9f6ee3ec2e96fbd79d0bbb24c7955a45d5081a57840687e0d30263,44.4,94.0,1.27e-32,117.0,1,multiquery_tblastn_querybound_v2
L. rhamnosus,GCF_001067025.1,0,MgsR,3f9152ce3c4d05b93bcfbcd9968de0bd1b286a653cbfb49fe6c7a6b5b9c4da61,22.5,94.1,5.41e-08,46.6,0,multiquery_tblastn_querybound_v2
L. rhamnosus,GCF_001067025.1,0,SOD,43b2482586b259b2094193668820b0e2bb48c0b143f24850c45438bea0ec8a30,,,,,0,multiquery_tblastn_querybound_v2
L. rhamnosus,GCF_001067215.1,0,PerR,8b73744d28b23856a888a836fd88bb6452ffb6a653a9aabeba0ddaa87163b59e,100.0,100.0,2.3e-87,275.0,1,multiquery_tblastn_querybound_v2
L. rhamnosus,GCF_001067215.1,0,OhrR,a8c02a2a7527017769dfb24fc5e536ef983c8fa5fc340c4a1ca2074c042b924a,28.9,97.3,3.02e-17,74.3,0,multiquery_tblastn_querybound_v2
L. rhamnosus,GCF_001067215.1,0,Catalase,00de8f6e7f0bdd780f17ea79cfa1eaaf60798fe947a8078a9dfdcb607a5458d2,,,,,0,multiquery_tblastn_querybound_v2
L. rhamnosus,GCF_001067215.1,0,Fur,,,,,,0,multiquery_tblastn_querybound_v2
L. rhamnosus,GCF_001067215.1,0,Rex,b7b8248dc4b68951cd31396901a7201544fe9d4a7c82b64968cc3cd1a7ae17d8,98.6,100.0,1.68e-133,410.0,1,multiquery_tblastn_querybound_v2
L. rhamnosus,GCF_001067215.1,0,RecA,38695d4d1e9418e3bf4ace59f20c27f83ddbd49933aabbe417390bf8640363d1,75.5,87.3,5.86e-138,430.0,1,multiquery_tblastn_querybound_v2
L. rhamnosus,GCF_001067215.1,0,Mn_transport,ff5ae59a98c602b54710295c1571710f5c0c1334f7cd81b22d40bb13cae3a266,50.0,90.6,6.08e-93,298.0,1,multiquery_tblastn_querybound_v2
L. rhamnosus,GCF_001067215.1,0,Nox,0be76acff1d03cb855968387feff33880e4c3c30ed1611188ef85f90e382e156,99.8,100.0,0.0,896.0,1,multiquery_tblastn_querybound_v2
L. rhamnosus,GCF_001067215.1,0,uvrA,b0bcfe00dfb0394c9234e3dcf06b31ecf3af510d8088a7f5dc7995e3a99296ab,72.1,99.3,0.0,1065.0,1,multiquery_tblastn_querybound_v2
L. rhamnosus,GCF_001067215.1,0,uvrB,cd8ce439e5e0773e71067145054051d9edbb607ab99279e3a07771507195a791,100.0,100.0,0.0,1367.0,1,multiquery_tblastn_querybound_v2
L. rhamnosus,GCF_001067215.1,0,uvrC,49100507bfe018392aeabafe6aa1bad5f4d9331d8f417710122cd12e8d8cb58a,100.0,100.0,0.0,1210.0,1,multiquery_tblastn_querybound_v2
L. rhamnosus,GCF_001067215.1,0,Spx,717b1d41af9f6ee3ec2e96fbd79d0bbb24c7955a45d5081a57840687e0d30263,44.4,94.0,1.29e-32,117.0,1,multiquery_tblastn_querybound_v2
L. rhamnosus,GCF_001067215.1,0,MgsR,3f9152ce3c4d05b93bcfbcd9968de0bd1b286a653cbfb49fe6c7a6b5b9c4da61,22.5,94.1,9.67e-08,45.8,0,multiquery_tblastn_querybound_v2
L. rhamnosus,GCF_001067215.1,0,SOD,43b2482586b259b2094193668820b0e2bb48c0b143f24850c45438bea0ec8a30,,,,,0,multiquery_tblastn_querybound_v2
L. rhamnosus,GCF_001067335.1,0,PerR,8b73744d28b23856a888a836fd88bb6452ffb6a653a9aabeba0ddaa87163b59e,99.3,100.0,6.48e-87,273.0,1,multiquery_tblastn_querybound_v2
L. rhamnosus,GCF_001067335.1,0,OhrR,a8c02a2a7527017769dfb24fc5e536ef983c8fa5fc340c4a1ca2074c042b924a,28.9,97.3,2.97e-17,74.3,0,multiquery_tblastn_querybound_v2
L. rhamnosus,GCF_001067335.1,0,Catalase,00de8f6e7f0bdd780f17ea79cfa1eaaf60798fe947a8078a9dfdcb607a5458d2,,,,,0,multiquery_tblastn_querybound_v2
L. rhamnosus,GCF_001067335.1,0,Fur,,,,,,0,multiquery_tblastn_querybound_v2
L. rhamnosus,GCF_001067335.1,0,Rex,b7b8248dc4b68951cd31396901a7201544fe9d4a7c82b64968cc3cd1a7ae17d8,100.0,100.0,4.83e-136,417.0,1,multiquery_tblastn_querybound_v2
L. rhamnosus,GCF_001067335.1,0,RecA,38695d4d1e9418e3bf4ace59f20c27f83ddbd49933aabbe417390bf8640363d1,75.2,87.3,1.76e-137,429.0,1,multiquery_tblastn_querybound_v2
L. rhamnosus,GCF_001067335.1,0,Mn_transport,ff5ae59a98c602b54710295c1571710f5c0c1334f7cd81b22d40bb13cae3a266,50.0,90.6,1e-92,298.0,1,multiquery_tblastn_querybound_v2
L. rhamnosus,GCF_001067335.1,0,Nox,0be76acff1d03cb855968387feff33880e4c3c30ed1611188ef85f90e382e156,99.6,100.0,0.0,894.0,1,multiquery_tblastn_querybound_v2
L. rhamnosus,GCF_001067335.1,0,uvrA,b0bcfe00dfb0394c9234e3dcf06b31ecf3af510d8088a7f5dc7995e3a99296ab,71.6,99.3,0.0,1055.0,1,multiquery_tblastn_querybound_v2
L. rhamnosus,GCF_001067335.1,0,uvrB,cd8ce439e5e0773e71067145054051d9edbb607ab99279e3a07771507195a791,100.0,100.0,0.0,1368.0,1,multiquery_tblastn_querybound_v2
L. rhamnosus,GCF_001067335.1,0,uvrC,49100507bfe018392aeabafe6aa1bad5f4d9331d8f417710122cd12e8d8cb58a,100.0,100.0,0.0,1210.0,1,multiquery_tblastn_querybound_v2
L. rhamnosus,GCF_001067335.1,0,Spx,717b1d41af9f6ee3ec2e96fbd79d0bbb24c7955a45d5081a57840687e0d30263,44.4,94.0,1.28e-32,117.0,1,multiquery_tblastn_querybound_v2
L. rhamnosus,GCF_001067335.1,0,MgsR,3f9152ce3c4d05b93bcfbcd9968de0bd1b286a653cbfb49fe6c7a6b5b9c4da61,22.5,94.1,9.59e-08,45.8,0,multiquery_tblastn_querybound_v2
L. rhamnosus,GCF_001067335.1,0,SOD,43b2482586b259b2094193668820b0e2bb48c0b143f24850c45438bea0ec8a30,,,,,0,multiquery_tblastn_querybound_v2
L. rhamnosus,GCF_001067625.1,0,PerR,8b73744d28b23856a888a836fd88bb6452ffb6a653a9aabeba0ddaa87163b59e,99.3,100.0,6.45e-87,273.0,1,multiquery_tblastn_querybound_v2
L. rhamnosus,GCF_001067625.1,0,OhrR,a8c02a2a7527017769dfb24fc5e536ef983c8fa5fc340c4a1ca2074c042b924a,28.9,97.3,2.95e-17,74.3,0,multiquery_tblastn_querybound_v2
L. rhamnosus,GCF_001067625.1,0,Catalase,00de8f6e7f0bdd780f17ea79cfa1eaaf60798fe947a8078a9dfdcb607a5458d2,,,,,0,multiquery_tblastn_querybound_v2
L. rhamnosus,GCF_001067625.1,0,Fur,,,,,,0,multiquery_tblastn_querybound_v2
L. rhamnosus,GCF_001067625.1,0,Rex,b7b8248dc4b68951cd31396901a7201544fe9d4a7c82b64968cc3cd1a7ae17d8,98.0,67.4,6.04e-83,265.0,0,multiquery_tblastn_querybound_v2
L. rhamnosus,GCF_001067625.1,0,RecA,38695d4d1e9418e3bf4ace59f20c27f83ddbd49933aabbe417390bf8640363d1,75.2,87.3,1.75e-137,429.0,1,multiquery_tblastn_querybound_v2
L. rhamnosus,GCF_001067625.1,0,Mn_transport,ff5ae59a98c602b54710295c1571710f5c0c1334f7cd81b22d40bb13cae3a266,50.0,90.6,9.94e-93,298.0,1,multiquery_tblastn_querybound_v2
L. rhamnosus,GCF_001067625.1,0,Nox,0be76acff1d03cb855968387feff33880e4c3c30ed1611188ef85f90e382e156,99.6,100.0,0.0,894.0,1,multiquery_tblastn_querybound_v2
L. rhamnosus,GCF_001067625.1,0,uvrA,b0bcfe00dfb0394c9234e3dcf06b31ecf3af510d8088a7f5dc7995e3a99296ab,71.6,99.3,0.0,1055.0,1,multiquery_tblastn_querybound_v2
L. rhamnosus,GCF_001067625.1,0,uvrB,cd8ce439e5e0773e71067145054051d9edbb607ab99279e3a07771507195a791,100.0,100.0,0.0,1368.0,1,multiquery_tblastn_querybound_v2
L. rhamnosus,GCF_001067625.1,0,uvrC,49100507bfe018392aeabafe6aa1bad5f4d9331d8f417710122cd12e8d8cb58a,100.0,100.0,0.0,1210.0,1,multiquery_tblastn_querybound_v2
L. rhamnosus,GCF_001067625.1,0,Spx,717b1d41af9f6ee3ec2e96fbd79d0bbb24c7955a45d5081a57840687e0d30263,44.4,94.0,1.27e-32,117.0,1,multiquery_tblastn_querybound_v2
L. rhamnosus,GCF_001067625.1,0,MgsR,3f9152ce3c4d05b93bcfbcd9968de0bd1b286a653cbfb49fe6c7a6b5b9c4da61,22.5,94.1,5.47e-08,46.6,0,multiquery_tblastn_querybound_v2
L. rhamnosus,GCF_001067625.1,0,SOD,43b2482586b259b2094193668820b0e2bb48c0b143f24850c45438bea0ec8a30,,,,,0,multiquery_tblastn_querybound_v2
L. rhamnosus,GCF_001067885.1,0,PerR,8b73744d28b23856a888a836fd88bb6452ffb6a653a9aabeba0ddaa87163b59e,99.3,100.0,6.46e-87,273.0,1,multiquery_tblastn_querybound_v2
L. rhamnosus,GCF_001067885.1,0,OhrR,a8c02a2a7527017769dfb24fc5e536ef983c8fa5fc340c4a1ca2074c042b924a,28.9,97.3,2.98e-17,74.3,0,multiquery_tblastn_querybound_v2
L. rhamnosus,GCF_001067885.1,0,Catalase,00de8f6e7f0bdd780f17ea79cfa1eaaf60798fe947a8078a9dfdcb607a5458d2,,,,,0,multiquery_tblastn_querybound_v2
L. rhamnosus,GCF_001067885.1,0,Fur,,,,,,0,multiquery_tblastn_querybound_v2
L. rhamnosus,GCF_001067885.1,0,Rex,b7b8248dc4b68951cd31396901a7201544fe9d4a7c82b64968cc3cd1a7ae17d8,98.6,100.0,1.58e-133,410.0,1,multiquery_tblastn_querybound_v2
L. rhamnosus,GCF_001067885.1,0,RecA,38695d4d1e9418e3bf4ace59f20c27f83ddbd49933aabbe417390bf8640363d1,75.5,87.3,5.79e-138,430.0,1,multiquery_tblastn_querybound_v2
L. rhamnosus,GCF_001067885.1,0,Mn_transport,ff5ae59a98c602b54710295c1571710f5c0c1334f7cd81b22d40bb13cae3a266,50.0,90.6,1.07e-92,298.0,1,multiquery_tblastn_querybound_v2
L. rhamnosus,GCF_001067885.1,0,Nox,0be76acff1d03cb855968387feff33880e4c3c30ed1611188ef85f90e382e156,99.8,100.0,0.0,896.0,1,multiquery_tblastn_querybound_v2
L. rhamnosus,GCF_001067885.1,0,uvrA,b0bcfe00dfb0394c9234e3dcf06b31ecf3af510d8088a7f5dc7995e3a99296ab,72.1,99.3,0.0,1065.0,1,multiquery_tblastn_querybound_v2
L. rhamnosus,GCF_001067885.1,0,uvrB,cd8ce439e5e0773e71067145054051d9edbb607ab99279e3a07771507195a791,100.0,100.0,0.0,1367.0,1,multiquery_tblastn_querybound_v2
L. rhamnosus,GCF_001067885.1,0,uvrC,49100507bfe018392aeabafe6aa1bad5f4d9331d8f417710122cd12e8d8cb58a,99.7,100.0,0.0,1205.0,1,multiquery_tblastn_querybound_v2
L. rhamnosus,GCF_001067885.1,0,Spx,717b1d41af9f6ee3ec2e96fbd79d0bbb24c7955a45d5081a57840687e0d30263,44.4,94.0,1.27e-32,117.0,1,multiquery_tblastn_querybound_v2
L. rhamnosus,GCF_001067885.1,0,MgsR,3f9152ce3c4d05b93bcfbcd9968de0bd1b286a653cbfb49fe6c7a6b5b9c4da61,22.5,94.1,9.53e-08,45.8,0,multiquery_tblastn_querybound_v2
L. rhamnosus,GCF_001067885.1,0,SOD,43b2482586b259b2094193668820b0e2bb48c0b143f24850c45438bea0ec8a30,,,,,0,multiquery_tblastn_querybound_v2
L. rhamnosus,GCF_001068015.1,0,PerR,8b73744d28b23856a888a836fd88bb6452ffb6a653a9aabeba0ddaa87163b59e,99.3,100.0,8.61e-88,273.0,1,multiquery_tblastn_querybound_v2
L. rhamnosus,GCF_001068015.1,0,OhrR,a8c02a2a7527017769dfb24fc5e536ef983c8fa5fc340c4a1ca2074c042b924a,28.9,97.3,3.03e-17,74.3,0,multiquery_tblastn_querybound_v2
L. rhamnosus,GCF_001068015.1,0,Catalase,00de8f6e7f0bdd780f17ea79cfa1eaaf60798fe947a8078a9dfdcb607a5458d2,,,,,0,multiquery_tblastn_querybound_v2
L. rhamnosus,GCF_001068015.1,0,Fur,,,,,,0,multiquery_tblastn_querybound_v2
L. rhamnosus,GCF_001068015.1,0,Rex,b7b8248dc4b68951cd31396901a7201544fe9d4a7c82b64968cc3cd1a7ae17d8,98.2,99.5,1.01e-132,408.0,1,multiquery_tblastn_querybound_v2
L. rhamnosus,GCF_001068015.1,0,RecA,38695d4d1e9418e3bf4ace59f20c27f83ddbd49933aabbe417390bf8640363d1,75.2,87.3,9.8e-138,430.0,1,multiquery_tblastn_querybound_v2
L. rhamnosus,GCF_001068015.1,0,Mn_transport,ff5ae59a98c602b54710295c1571710f5c0c1334f7cd81b22d40bb13cae3a266,50.0,90.6,1.55e-92,297.0,1,multiquery_tblastn_querybound_v2
L. rhamnosus,GCF_001068015.1,0,Nox,0be76acff1d03cb855968387feff33880e4c3c30ed1611188ef85f90e382e156,100.0,100.0,0.0,897.0,1,multiquery_tblastn_querybound_v2
L. rhamnosus,GCF_001068015.1,0,uvrA,b0bcfe00dfb0394c9234e3dcf06b31ecf3af510d8088a7f5dc7995e3a99296ab,71.9,99.3,0.0,1059.0,1,multiquery_tblastn_querybound_v2
L. rhamnosus,GCF_001068015.1,0,uvrB,cd8ce439e5e0773e71067145054051d9edbb607ab99279e3a07771507195a791,100.0,100.0,0.0,1367.0,1,multiquery_tblastn_querybound_v2
L. rhamnosus,GCF_001068015.1,0,uvrC,49100507bfe018392aeabafe6aa1bad5f4d9331d8f417710122cd12e8d8cb58a,100.0,100.0,0.0,1210.0,1,multiquery_tblastn_querybound_v2
L. rhamnosus,GCF_001068015.1,0,Spx,717b1d41af9f6ee3ec2e96fbd79d0bbb24c7955a45d5081a57840687e0d30263,44.4,94.0,1.29e-32,117.0,1,multiquery_tblastn_querybound_v2
L. rhamnosus,GCF_001068015.1,0,MgsR,3f9152ce3c4d05b93bcfbcd9968de0bd1b286a653cbfb49fe6c7a6b5b9c4da61,22.5,94.1,5.59e-08,46.6,0,multiquery_tblastn_querybound_v2
L. rhamnosus,GCF_001068015.1,0,SOD,43b2482586b259b2094193668820b0e2bb48c0b143f24850c45438bea0ec8a30,,,,,0,multiquery_tblastn_querybound_v2
L. rhamnosus,GCF_001068045.1,0,PerR,8b73744d28b23856a888a836fd88bb6452ffb6a653a9aabeba0ddaa87163b59e,100.0,100.0,2.33e-87,275.0,1,multiquery_tblastn_querybound_v2
L. rhamnosus,GCF_001068045.1,0,OhrR,a8c02a2a7527017769dfb24fc5e536ef983c8fa5fc340c4a1ca2074c042b924a,28.9,97.3,3.06e-17,74.3,0,multiquery_tblastn_querybound_v2
L. rhamnosus,GCF_001068045.1,0,Catalase,00de8f6e7f0bdd780f17ea79cfa1eaaf60798fe947a8078a9dfdcb607a5458d2,,,,,0,multiquery_tblastn_querybound_v2
L. rhamnosus,GCF_001068045.1,0,Fur,,,,,,0,multiquery_tblastn_querybound_v2
L. rhamnosus,GCF_001068045.1,0,Rex,b7b8248dc4b68951cd31396901a7201544fe9d4a7c82b64968cc3cd1a7ae17d8,98.6,100.0,1.71e-133,410.0,1,multiquery_tblastn_querybound_v2
L. rhamnosus,GCF_001068045.1,0,RecA,38695d4d1e9418e3bf4ace59f20c27f83ddbd49933aabbe417390bf8640363d1,75.5,87.3,6.23e-138,430.0,1,multiquery_tblastn_querybound_v2
L. rhamnosus,GCF_001068045.1,0,Mn_transport,ff5ae59a98c602b54710295c1571710f5c0c1334f7cd81b22d40bb13cae3a266,50.0,90.6,6.17e-93,298.0,1,multiquery_tblastn_querybound_v2
L. rhamnosus,GCF_001068045.1,0,Nox,0be76acff1d03cb855968387feff33880e4c3c30ed1611188ef85f90e382e156,99.8,100.0,0.0,896.0,1,multiquery_tblastn_querybound_v2
L. rhamnosus,GCF_001068045.1,0,uvrA,b0bcfe00dfb0394c9234e3dcf06b31ecf3af510d8088a7f5dc7995e3a99296ab,72.1,99.3,0.0,1065.0,1,multiquery_tblastn_querybound_v2
L. rhamnosus,GCF_001068045.1,0,uvrB,cd8ce439e5e0773e71067145054051d9edbb607ab99279e3a07771507195a791,100.0,100.0,0.0,1367.0,1,multiquery_tblastn_querybound_v2
L. rhamnosus,GCF_001068045.1,0,uvrC,49100507bfe018392aeabafe6aa1bad5f4d9331d8f417710122cd12e8d8cb58a,100.0,100.0,0.0,1210.0,1,multiquery_tblastn_querybound_v2
L. rhamnosus,GCF_001068045.1,0,Spx,717b1d41af9f6ee3ec2e96fbd79d0bbb24c7955a45d5081a57840687e0d30263,44.4,94.0,1.31e-32,117.0,1,multiquery_tblastn_querybound_v2
L. rhamnosus,GCF_001068045.1,0,MgsR,3f9152ce3c4d05b93bcfbcd9968de0bd1b286a653cbfb49fe6c7a6b5b9c4da61,24.1,94.9,1.51e-06,42.4,0,multiquery_tblastn_querybound_v2
L. rhamnosus,GCF_001068045.1,0,SOD,43b2482586b259b2094193668820b0e2bb48c0b143f24850c45438bea0ec8a30,,,,,0,multiquery_tblastn_querybound_v2
L. rhamnosus,GCF_001068195.1,0,PerR,8b73744d28b23856a888a836fd88bb6452ffb6a653a9aabeba0ddaa87163b59e,100.0,100.0,2.33e-87,275.0,1,multiquery_tblastn_querybound_v2
L. rhamnosus,GCF_001068195.1,0,OhrR,a8c02a2a7527017769dfb24fc5e536ef983c8fa5fc340c4a1ca2074c042b924a,28.9,97.3,3.06e-17,74.3,0,multiquery_tblastn_querybound_v2
L. rhamnosus,GCF_001068195.1,0,Catalase,00de8f6e7f0bdd780f17ea79cfa1eaaf60798fe947a8078a9dfdcb607a5458d2,,,,,0,multiquery_tblastn_querybound_v2
L. rhamnosus,GCF_001068195.1,0,Fur,,,,,,0,multiquery_tblastn_querybound_v2
L. rhamnosus,GCF_001068195.1,0,Rex,b7b8248dc4b68951cd31396901a7201544fe9d4a7c82b64968cc3cd1a7ae17d8,98.6,100.0,1.71e-133,410.0,1,multiquery_tblastn_querybound_v2
L. rhamnosus,GCF_001068195.1,0,RecA,38695d4d1e9418e3bf4ace59f20c27f83ddbd49933aabbe417390bf8640363d1,75.5,87.3,5.95e-138,430.0,1,multiquery_tblastn_querybound_v2
L. rhamnosus,GCF_001068195.1,0,Mn_transport,ff5ae59a98c602b54710295c1571710f5c0c1334f7cd81b22d40bb13cae3a266,50.0,90.6,6.12e-93,298.0,1,multiquery_tblastn_querybound_v2
L. rhamnosus,GCF_001068195.1,0,Nox,0be76acff1d03cb855968387feff33880e4c3c30ed1611188ef85f90e382e156,99.8,100.0,0.0,896.0,1,multiquery_tblastn_querybound_v2
L. rhamnosus,GCF_001068195.1,0,uvrA,b0bcfe00dfb0394c9234e3dcf06b31ecf3af510d8088a7f5dc7995e3a99296ab,72.1,99.3,0.0,1065.0,1,multiquery_tblastn_querybound_v2
L. rhamnosus,GCF_001068195.1,0,uvrB,cd8ce439e5e0773e71067145054051d9edbb607ab99279e3a07771507195a791,100.0,100.0,0.0,1367.0,1,multiquery_tblastn_querybound_v2
L. rhamnosus,GCF_001068195.1,0,uvrC,49100507bfe018392aeabafe6aa1bad5f4d9331d8f417710122cd12e8d8cb58a,100.0,100.0,0.0,1210.0,1,multiquery_tblastn_querybound_v2
L. rhamnosus,GCF_001068195.1,0,Spx,717b1d41af9f6ee3ec2e96fbd79d0bbb24c7955a45d5081a57840687e0d30263,44.4,94.0,1.3e-32,117.0,1,multiquery_tblastn_querybound_v2
L. rhamnosus,GCF_001068195.1,0,MgsR,3f9152ce3c4d05b93bcfbcd9968de0bd1b286a653cbfb49fe6c7a6b5b9c4da61,24.1,94.9,1.5e-06,42.4,0,multiquery_tblastn_querybound_v2
L. rhamnosus,GCF_001068195.1,0,SOD,43b2482586b259b2094193668820b0e2bb48c0b143f24850c45438bea0ec8a30,,,,,0,multiquery_tblastn_querybound_v2
L. rhamnosus,GCF_001068215.1,0,PerR,8b73744d28b23856a888a836fd88bb6452ffb6a653a9aabeba0ddaa87163b59e,99.3,100.0,6.15e-87,273.0,1,multiquery_tblastn_querybound_v2
L. rhamnosus,GCF_001068215.1,0,OhrR,a8c02a2a7527017769dfb24fc5e536ef983c8fa5fc340c4a1ca2074c042b924a,28.9,97.3,2.7e-17,74.3,0,multiquery_tblastn_querybound_v2
L. rhamnosus,GCF_001068215.1,0,Catalase,00de8f6e7f0bdd780f17ea79cfa1eaaf60798fe947a8078a9dfdcb607a5458d2,,,,,0,multiquery_tblastn_querybound_v2
L. rhamnosus,GCF_001068215.1,0,Fur,,,,,,0,multiquery_tblastn_querybound_v2
L. rhamnosus,GCF_001068215.1,0,Rex,b7b8248dc4b68951cd31396901a7201544fe9d4a7c82b64968cc3cd1a7ae17d8,98.2,100.0,3.99e-133,409.0,1,multiquery_tblastn_querybound_v2
L. rhamnosus,GCF_001068215.1,0,RecA,38695d4d1e9418e3bf4ace59f20c27f83ddbd49933aabbe417390bf8640363d1,75.5,87.3,6.67e-138,430.0,1,multiquery_tblastn_querybound_v2
L. rhamnosus,GCF_001068215.1,0,Mn_transport,ff5ae59a98c602b54710295c1571710f5c0c1334f7cd81b22d40bb13cae3a266,50.0,90.6,7.98e-93,298.0,1,multiquery_tblastn_querybound_v2
L. rhamnosus,GCF_001068215.1,0,Nox,0be76acff1d03cb855968387feff33880e4c3c30ed1611188ef85f90e382e156,99.8,100.0,0.0,895.0,1,multiquery_tblastn_querybound_v2
L. rhamnosus,GCF_001068215.1,0,uvrA,b0bcfe00dfb0394c9234e3dcf06b31ecf3af510d8088a7f5dc7995e3a99296ab,72.1,99.3,0.0,1065.0,1,multiquery_tblastn_querybound_v2
L. rhamnosus,GCF_001068215.1,0,uvrB,cd8ce439e5e0773e71067145054051d9edbb607ab99279e3a07771507195a791,100.0,100.0,0.0,1368.0,1,multiquery_tblastn_querybound_v2
L. rhamnosus,GCF_001068215.1,0,uvrC,49100507bfe018392aeabafe6aa1bad5f4d9331d8f417710122cd12e8d8cb58a,100.0,100.0,0.0,1210.0,1,multiquery_tblastn_querybound_v2
L. rhamnosus,GCF_001068215.1,0,Spx,717b1d41af9f6ee3ec2e96fbd79d0bbb24c7955a45d5081a57840687e0d30263,44.4,94.0,1.17e-32,117.0,1,multiquery_tblastn_querybound_v2
L. rhamnosus,GCF_001068215.1,0,MgsR,3f9152ce3c4d05b93bcfbcd9968de0bd1b286a653cbfb49fe6c7a6b5b9c4da61,22.5,94.1,5.22e-08,46.6,0,multiquery_tblastn_querybound_v2
L. rhamnosus,GCF_001068215.1,0,SOD,43b2482586b259b2094193668820b0e2bb48c0b143f24850c45438bea0ec8a30,,,,,0,multiquery_tblastn_querybound_v2
L. rhamnosus,GCF_001368735.1,0,PerR,8b73744d28b23856a888a836fd88bb6452ffb6a653a9aabeba0ddaa87163b59e,99.3,100.0,6.68e-87,273.0,1,multiquery_tblastn_querybound_v2
L. rhamnosus,GCF_001368735.1,0,OhrR,a8c02a2a7527017769dfb24fc5e536ef983c8fa5fc340c4a1ca2074c042b924a,28.9,97.3,3.04e-17,74.3,0,multiquery_tblastn_querybound_v2
L. rhamnosus,GCF_001368735.1,0,Catalase,00de8f6e7f0bdd780f17ea79cfa1eaaf60798fe947a8078a9dfdcb607a5458d2,,,,,0,multiquery_tblastn_querybound_v2
L. rhamnosus,GCF_001368735.1,0,Fur,,,,,,0,multiquery_tblastn_querybound_v2
L. rhamnosus,GCF_001368735.1,0,Rex,b7b8248dc4b68951cd31396901a7201544fe9d4a7c82b64968cc3cd1a7ae17d8,98.6,100.0,1.7e-133,410.0,1,multiquery_tblastn_querybound_v2
L. rhamnosus,GCF_001368735.1,0,RecA,38695d4d1e9418e3bf4ace59f20c27f83ddbd49933aabbe417390bf8640363d1,75.5,87.3,6.33e-138,430.0,1,multiquery_tblastn_querybound_v2
L. rhamnosus,GCF_001368735.1,0,Mn_transport,ff5ae59a98c602b54710295c1571710f5c0c1334f7cd81b22d40bb13cae3a266,50.0,90.6,1.11e-92,298.0,1,multiquery_tblastn_querybound_v2
L. rhamnosus,GCF_001368735.1,0,Nox,0be76acff1d03cb855968387feff33880e4c3c30ed1611188ef85f90e382e156,99.8,100.0,0.0,896.0,1,multiquery_tblastn_querybound_v2
L. rhamnosus,GCF_001368735.1,0,uvrA,b0bcfe00dfb0394c9234e3dcf06b31ecf3af510d8088a7f5dc7995e3a99296ab,72.1,99.3,0.0,1065.0,1,multiquery_tblastn_querybound_v2
L. rhamnosus,GCF_001368735.1,0,uvrB,cd8ce439e5e0773e71067145054051d9edbb607ab99279e3a07771507195a791,100.0,100.0,0.0,1367.0,1,multiquery_tblastn_querybound_v2
L. rhamnosus,GCF_001368735.1,0,uvrC,49100507bfe018392aeabafe6aa1bad5f4d9331d8f417710122cd12e8d8cb58a,100.0,100.0,0.0,1210.0,1,multiquery_tblastn_querybound_v2
L. rhamnosus,GCF_001368735.1,0,Spx,717b1d41af9f6ee3ec2e96fbd79d0bbb24c7955a45d5081a57840687e0d30263,44.4,94.0,1.3e-32,117.0,1,multiquery_tblastn_querybound_v2
L. rhamnosus,GCF_001368735.1,0,MgsR,3f9152ce3c4d05b93bcfbcd9968de0bd1b286a653cbfb49fe6c7a6b5b9c4da61,22.5,94.1,9.73e-08,45.8,0,multiquery_tblastn_querybound_v2
L. rhamnosus,GCF_001368735.1,0,SOD,43b2482586b259b2094193668820b0e2bb48c0b143f24850c45438bea0ec8a30,,,,,0,multiquery_tblastn_querybound_v2
L. rhamnosus,GCF_001590655.1,0,PerR,8b73744d28b23856a888a836fd88bb6452ffb6a653a9aabeba0ddaa87163b59e,99.3,100.0,6.42e-87,273.0,1,multiquery_tblastn_querybound_v2
L. rhamnosus,GCF_001590655.1,0,OhrR,a8c02a2a7527017769dfb24fc5e536ef983c8fa5fc340c4a1ca2074c042b924a,34.2,54.1,2.03e-10,54.7,0,multiquery_tblastn_querybound_v2
L. rhamnosus,GCF_001590655.1,0,Catalase,00de8f6e7f0bdd780f17ea79cfa1eaaf60798fe947a8078a9dfdcb607a5458d2,,,,,0,multiquery_tblastn_querybound_v2
L. rhamnosus,GCF_001590655.1,0,Fur,,,,,,0,multiquery_tblastn_querybound_v2
L. rhamnosus,GCF_001590655.1,0,Rex,b7b8248dc4b68951cd31396901a7201544fe9d4a7c82b64968cc3cd1a7ae17d8,98.6,100.0,1.64e-133,410.0,1,multiquery_tblastn_querybound_v2
L. rhamnosus,GCF_001590655.1,0,RecA,38695d4d1e9418e3bf4ace59f20c27f83ddbd49933aabbe417390bf8640363d1,75.5,87.3,6.09e-138,430.0,1,multiquery_tblastn_querybound_v2
L. rhamnosus,GCF_001590655.1,0,Mn_transport,ff5ae59a98c602b54710295c1571710f5c0c1334f7cd81b22d40bb13cae3a266,50.0,90.6,1.07e-92,298.0,1,multiquery_tblastn_querybound_v2
L. rhamnosus,GCF_001590655.1,0,Nox,0be76acff1d03cb855968387feff33880e4c3c30ed1611188ef85f90e382e156,99.8,100.0,0.0,896.0,1,multiquery_tblastn_querybound_v2
L. rhamnosus,GCF_001590655.1,0,uvrA,b0bcfe00dfb0394c9234e3dcf06b31ecf3af510d8088a7f5dc7995e3a99296ab,72.1,99.3,0.0,1065.0,1,multiquery_tblastn_querybound_v2
L. rhamnosus,GCF_001590655.1,0,uvrB,cd8ce439e5e0773e71067145054051d9edbb607ab99279e3a07771507195a791,100.0,100.0,0.0,1367.0,1,multiquery_tblastn_querybound_v2
L. rhamnosus,GCF_001590655.1,0,uvrC,49100507bfe018392aeabafe6aa1bad5f4d9331d8f417710122cd12e8d8cb58a,100.0,100.0,0.0,1210.0,1,multiquery_tblastn_querybound_v2
L. rhamnosus,GCF_001590655.1,0,Spx,717b1d41af9f6ee3ec2e96fbd79d0bbb24c7955a45d5081a57840687e0d30263,44.4,94.0,1.25e-32,117.0,1,multiquery_tblastn_querybound_v2
L. rhamnosus,GCF_001590655.1,0,MgsR,3f9152ce3c4d05b93bcfbcd9968de0bd1b286a653cbfb49fe6c7a6b5b9c4da61,22.5,94.1,9.37e-08,45.8,0,multiquery_tblastn_querybound_v2
L. rhamnosus,GCF_001590655.1,0,SOD,43b2482586b259b2094193668820b0e2bb48c0b143f24850c45438bea0ec8a30,,,,,0,multiquery_tblastn_querybound_v2
L. rhamnosus,GCF_001645615.1,0,PerR,8b73744d28b23856a888a836fd88bb6452ffb6a653a9aabeba0ddaa87163b59e,99.3,100.0,6.66e-87,273.0,1,multiquery_tblastn_querybound_v2
L. rhamnosus,GCF_001645615.1,0,OhrR,a8c02a2a7527017769dfb24fc5e536ef983c8fa5fc340c4a1ca2074c042b924a,28.9,97.3,3.08e-17,74.3,0,multiquery_tblastn_querybound_v2
L. rhamnosus,GCF_001645615.1,0,Catalase,00de8f6e7f0bdd780f17ea79cfa1eaaf60798fe947a8078a9dfdcb607a5458d2,,,,,0,multiquery_tblastn_querybound_v2
L. rhamnosus,GCF_001645615.1,0,Fur,,,,,,0,multiquery_tblastn_querybound_v2
L. rhamnosus,GCF_001645615.1,0,Rex,b7b8248dc4b68951cd31396901a7201544fe9d4a7c82b64968cc3cd1a7ae17d8,98.6,100.0,1.71e-133,410.0,1,multiquery_tblastn_querybound_v2
L. rhamnosus,GCF_001645615.1,0,RecA,38695d4d1e9418e3bf4ace59f20c27f83ddbd49933aabbe417390bf8640363d1,75.5,87.3,1.13e-137,430.0,1,multiquery_tblastn_querybound_v2
L. rhamnosus,GCF_001645615.1,0,Mn_transport,ff5ae59a98c602b54710295c1571710f5c0c1334f7cd81b22d40bb13cae3a266,50.0,90.6,1.11e-92,298.0,1,multiquery_tblastn_querybound_v2
L. rhamnosus,GCF_001645615.1,0,Nox,0be76acff1d03cb855968387feff33880e4c3c30ed1611188ef85f90e382e156,99.8,100.0,0.0,896.0,1,multiquery_tblastn_querybound_v2
L. rhamnosus,GCF_001645615.1,0,uvrA,b0bcfe00dfb0394c9234e3dcf06b31ecf3af510d8088a7f5dc7995e3a99296ab,72.1,99.3,0.0,1065.0,1,multiquery_tblastn_querybound_v2
L. rhamnosus,GCF_001645615.1,0,uvrB,cd8ce439e5e0773e71067145054051d9edbb607ab99279e3a07771507195a791,99.7,100.0,0.0,1364.0,1,multiquery_tblastn_querybound_v2
L. rhamnosus,GCF_001645615.1,0,uvrC,49100507bfe018392aeabafe6aa1bad5f4d9331d8f417710122cd12e8d8cb58a,99.8,100.0,0.0,1208.0,1,multiquery_tblastn_querybound_v2
L. rhamnosus,GCF_001645615.1,0,Spx,717b1d41af9f6ee3ec2e96fbd79d0bbb24c7955a45d5081a57840687e0d30263,44.4,94.0,1.32e-32,117.0,1,multiquery_tblastn_querybound_v2
L. rhamnosus,GCF_001645615.1,0,MgsR,3f9152ce3c4d05b93bcfbcd9968de0bd1b286a653cbfb49fe6c7a6b5b9c4da61,22.5,94.1,9.84e-08,45.8,0,multiquery_tblastn_querybound_v2
L. rhamnosus,GCF_001645615.1,0,SOD,43b2482586b259b2094193668820b0e2bb48c0b143f24850c45438bea0ec8a30,,,,,0,multiquery_tblastn_querybound_v2
L. rhamnosus,GCF_001656535.1,0,PerR,8b73744d28b23856a888a836fd88bb6452ffb6a653a9aabeba0ddaa87163b59e,99.3,100.0,6.25e-87,273.0,1,multiquery_tblastn_querybound_v2
L. rhamnosus,GCF_001656535.1,0,OhrR,a8c02a2a7527017769dfb24fc5e536ef983c8fa5fc340c4a1ca2074c042b924a,28.9,97.3,2.88e-17,74.3,0,multiquery_tblastn_querybound_v2
L. rhamnosus,GCF_001656535.1,0,Catalase,00de8f6e7f0bdd780f17ea79cfa1eaaf60798fe947a8078a9dfdcb607a5458d2,,,,,0,multiquery_tblastn_querybound_v2
L. rhamnosus,GCF_001656535.1,0,Fur,,,,,,0,multiquery_tblastn_querybound_v2
L. rhamnosus,GCF_001656535.1,0,Rex,b7b8248dc4b68951cd31396901a7201544fe9d4a7c82b64968cc3cd1a7ae17d8,97.7,100.0,1.4e-132,408.0,1,multiquery_tblastn_querybound_v2
L. rhamnosus,GCF_001656535.1,0,RecA,38695d4d1e9418e3bf4ace59f20c27f83ddbd49933aabbe417390bf8640363d1,75.5,87.3,1.05e-137,430.0,1,multiquery_tblastn_querybound_v2
L. rhamnosus,GCF_001656535.1,0,Mn_transport,ff5ae59a98c602b54710295c1571710f5c0c1334f7cd81b22d40bb13cae3a266,50.4,90.6,1.16e-92,297.0,1,multiquery_tblastn_querybound_v2
L. rhamnosus,GCF_001656535.1,0,Nox,0be76acff1d03cb855968387feff33880e4c3c30ed1611188ef85f90e382e156,100.0,100.0,0.0,897.0,1,multiquery_tblastn_querybound_v2
L. rhamnosus,GCF_001656535.1,0,uvrA,b0bcfe00dfb0394c9234e3dcf06b31ecf3af510d8088a7f5dc7995e3a99296ab,71.9,99.3,0.0,1060.0,1,multiquery_tblastn_querybound_v2
L. rhamnosus,GCF_001656535.1,0,uvrB,cd8ce439e5e0773e71067145054051d9edbb607ab99279e3a07771507195a791,100.0,100.0,0.0,1367.0,1,multiquery_tblastn_querybound_v2
L. rhamnosus,GCF_001656535.1,0,uvrC,49100507bfe018392aeabafe6aa1bad5f4d9331d8f417710122cd12e8d8cb58a,98.3,100.0,0.0,1184.0,1,multiquery_tblastn_querybound_v2
L. rhamnosus,GCF_001656535.1,0,Spx,717b1d41af9f6ee3ec2e96fbd79d0bbb24c7955a45d5081a57840687e0d30263,44.4,94.0,1.04e-32,117.0,1,multiquery_tblastn_querybound_v2
L. rhamnosus,GCF_001656535.1,0,MgsR,3f9152ce3c4d05b93bcfbcd9968de0bd1b286a653cbfb49fe6c7a6b5b9c4da61,22.5,94.1,9.03e-08,45.8,0,multiquery_tblastn_querybound_v2
L. rhamnosus,GCF_001656535.1,0,SOD,43b2482586b259b2094193668820b0e2bb48c0b143f24850c45438bea0ec8a30,,,,,0,multiquery_tblastn_querybound_v2
L. rhamnosus,GCF_001656545.1,0,PerR,8b73744d28b23856a888a836fd88bb6452ffb6a653a9aabeba0ddaa87163b59e,99.3,100.0,6.4e-87,273.0,1,multiquery_tblastn_querybound_v2
L. rhamnosus,GCF_001656545.1,0,OhrR,a8c02a2a7527017769dfb24fc5e536ef983c8fa5fc340c4a1ca2074c042b924a,28.9,97.3,2.95e-17,74.3,0,multiquery_tblastn_querybound_v2
L. rhamnosus,GCF_001656545.1,0,Catalase,00de8f6e7f0bdd780f17ea79cfa1eaaf60798fe947a8078a9dfdcb607a5458d2,,,,,0,multiquery_tblastn_querybound_v2
L. rhamnosus,GCF_001656545.1,0,Fur,,,,,,0,multiquery_tblastn_querybound_v2
L. rhamnosus,GCF_001656545.1,0,Rex,b7b8248dc4b68951cd31396901a7201544fe9d4a7c82b64968cc3cd1a7ae17d8,97.7,100.0,1.43e-132,408.0,1,multiquery_tblastn_querybound_v2
L. rhamnosus,GCF_001656545.1,0,RecA,38695d4d1e9418e3bf4ace59f20c27f83ddbd49933aabbe417390bf8640363d1,75.5,87.3,1.08e-137,430.0,1,multiquery_tblastn_querybound_v2
L. rhamnosus,GCF_001656545.1,0,Mn_transport,ff5ae59a98c602b54710295c1571710f5c0c1334f7cd81b22d40bb13cae3a266,50.4,90.6,1.19e-92,297.0,1,multiquery_tblastn_querybound_v2
L. rhamnosus,GCF_001656545.1,0,Nox,0be76acff1d03cb855968387feff33880e4c3c30ed1611188ef85f90e382e156,100.0,100.0,0.0,897.0,1,multiquery_tblastn_querybound_v2
L. rhamnosus,GCF_001656545.1,0,uvrA,b0bcfe00dfb0394c9234e3dcf06b31ecf3af510d8088a7f5dc7995e3a99296ab,71.9,99.3,0.0,1060.0,1,multiquery_tblastn_querybound_v2
L. rhamnosus,GCF_001656545.1,0,uvrB,cd8ce439e5e0773e71067145054051d9edbb607ab99279e3a07771507195a791,100.0,100.0,0.0,1367.0,1,multiquery_tblastn_querybound_v2
L. rhamnosus,GCF_001656545.1,0,uvrC,49100507bfe018392aeabafe6aa1bad5f4d9331d8f417710122cd12e8d8cb58a,100.0,100.0,0.0,1210.0,1,multiquery_tblastn_querybound_v2
L. rhamnosus,GCF_001656545.1,0,Spx,717b1d41af9f6ee3ec2e96fbd79d0bbb24c7955a45d5081a57840687e0d30263,44.4,94.0,1.06e-32,117.0,1,multiquery_tblastn_querybound_v2
L. rhamnosus,GCF_001656545.1,0,MgsR,3f9152ce3c4d05b93bcfbcd9968de0bd1b286a653cbfb49fe6c7a6b5b9c4da61,22.5,94.1,9.25e-08,45.8,0,multiquery_tblastn_querybound_v2
L. rhamnosus,GCF_001656545.1,0,SOD,43b2482586b259b2094193668820b0e2bb48c0b143f24850c45438bea0ec8a30,,,,,0,multiquery_tblastn_querybound_v2
L. rhamnosus,GCF_900636965.1,0,PerR,8b73744d28b23856a888a836fd88bb6452ffb6a653a9aabeba0ddaa87163b59e,99.3,100.0,6.61e-87,273.0,1,multiquery_tblastn_querybound_v2
L. rhamnosus,GCF_900636965.1,0,OhrR,a8c02a2a7527017769dfb24fc5e536ef983c8fa5fc340c4a1ca2074c042b924a,34.2,54.1,2.09e-10,54.7,0,multiquery_tblastn_querybound_v2
L. rhamnosus,GCF_900636965.1,0,Catalase,00de8f6e7f0bdd780f17ea79cfa1eaaf60798fe947a8078a9dfdcb607a5458d2,,,,,0,multiquery_tblastn_querybound_v2
L. rhamnosus,GCF_900636965.1,0,Fur,,,,,,0,multiquery_tblastn_querybound_v2
L. rhamnosus,GCF_900636965.1,0,Rex,b7b8248dc4b68951cd31396901a7201544fe9d4a7c82b64968cc3cd1a7ae17d8,98.6,100.0,1.68e-133,410.0,1,multiquery_tblastn_querybound_v2
L. rhamnosus,GCF_900636965.1,0,RecA,38695d4d1e9418e3bf4ace59f20c27f83ddbd49933aabbe417390bf8640363d1,75.5,87.3,6.27e-138,430.0,1,multiquery_tblastn_querybound_v2
L. rhamnosus,GCF_900636965.1,0,Mn_transport,ff5ae59a98c602b54710295c1571710f5c0c1334f7cd81b22d40bb13cae3a266,50.0,90.6,1.1e-92,298.0,1,multiquery_tblastn_querybound_v2
L. rhamnosus,GCF_900636965.1,0,Nox,0be76acff1d03cb855968387feff33880e4c3c30ed1611188ef85f90e382e156,99.8,100.0,0.0,896.0,1,multiquery_tblastn_querybound_v2
L. rhamnosus,GCF_900636965.1,0,uvrA,b0bcfe00dfb0394c9234e3dcf06b31ecf3af510d8088a7f5dc7995e3a99296ab,72.1,99.3,0.0,1065.0,1,multiquery_tblastn_querybound_v2
L. rhamnosus,GCF_900636965.1,0,uvrB,cd8ce439e5e0773e71067145054051d9edbb607ab99279e3a07771507195a791,100.0,100.0,0.0,1367.0,1,multiquery_tblastn_querybound_v2
L. rhamnosus,GCF_900636965.1,0,uvrC,49100507bfe018392aeabafe6aa1bad5f4d9331d8f417710122cd12e8d8cb58a,100.0,100.0,0.0,1210.0,1,multiquery_tblastn_querybound_v2
L. rhamnosus,GCF_900636965.1,0,Spx,717b1d41af9f6ee3ec2e96fbd79d0bbb24c7955a45d5081a57840687e0d30263,44.4,94.0,1.29e-32,117.0,1,multiquery_tblastn_querybound_v2
L. rhamnosus,GCF_900636965.1,0,MgsR,3f9152ce3c4d05b93bcfbcd9968de0bd1b286a653cbfb49fe6c7a6b5b9c4da61,22.5,94.1,9.64e-08,45.8,0,multiquery_tblastn_querybound_v2
L. rhamnosus,GCF_900636965.1,0,SOD,43b2482586b259b2094193668820b0e2bb48c0b143f24850c45438bea0ec8a30,,,,,0,multiquery_tblastn_querybound_v2
L. rhamnosus,Vahe,1,PerR,8b73744d28b23856a888a836fd88bb6452ffb6a653a9aabeba0ddaa87163b59e,99.3,100.0,6.18e-87,273.0,1,multiquery_tblastn_querybound_v2
L. rhamnosus,Vahe,1,OhrR,a8c02a2a7527017769dfb24fc5e536ef983c8fa5fc340c4a1ca2074c042b924a,28.9,97.3,2.86e-17,74.3,0,multiquery_tblastn_querybound_v2
L. rhamnosus,Vahe,1,Catalase,00de8f6e7f0bdd780f17ea79cfa1eaaf60798fe947a8078a9dfdcb607a5458d2,,,,,0,multiquery_tblastn_querybound_v2
L. rhamnosus,Vahe,1,Fur,,,,,,0,multiquery_tblastn_querybound_v2
L. rhamnosus,Vahe,1,Rex,b7b8248dc4b68951cd31396901a7201544fe9d4a7c82b64968cc3cd1a7ae17d8,100.0,100.0,4.71e-136,417.0,1,multiquery_tblastn_querybound_v2
L. rhamnosus,Vahe,1,RecA,38695d4d1e9418e3bf4ace59f20c27f83ddbd49933aabbe417390bf8640363d1,75.2,87.3,1.68e-137,429.0,1,multiquery_tblastn_querybound_v2
L. rhamnosus,Vahe,1,Mn_transport,ff5ae59a98c602b54710295c1571710f5c0c1334f7cd81b22d40bb13cae3a266,50.0,90.6,9.68e-93,298.0,1,multiquery_tblastn_querybound_v2
L. rhamnosus,Vahe,1,Nox,0be76acff1d03cb855968387feff33880e4c3c30ed1611188ef85f90e382e156,99.6,100.0,0.0,894.0,1,multiquery_tblastn_querybound_v2
L. rhamnosus,Vahe,1,uvrA,b0bcfe00dfb0394c9234e3dcf06b31ecf3af510d8088a7f5dc7995e3a99296ab,71.6,99.3,0.0,1055.0,1,multiquery_tblastn_querybound_v2
L. rhamnosus,Vahe,1,uvrB,cd8ce439e5e0773e71067145054051d9edbb607ab99279e3a07771507195a791,100.0,100.0,0.0,1368.0,1,multiquery_tblastn_querybound_v2
L. rhamnosus,Vahe,1,uvrC,49100507bfe018392aeabafe6aa1bad5f4d9331d8f417710122cd12e8d8cb58a,100.0,100.0,0.0,1210.0,1,multiquery_tblastn_querybound_v2
L. rhamnosus,Vahe,1,Spx,717b1d41af9f6ee3ec2e96fbd79d0bbb24c7955a45d5081a57840687e0d30263,40.8,89.6,5.77e-28,104.0,1,multiquery_tblastn_querybound_v2
L. rhamnosus,Vahe,1,MgsR,3f9152ce3c4d05b93bcfbcd9968de0bd1b286a653cbfb49fe6c7a6b5b9c4da61,21.6,94.1,1.58e-07,45.1,0,multiquery_tblastn_querybound_v2
L. rhamnosus,Vahe,1,SOD,43b2482586b259b2094193668820b0e2bb48c0b143f24850c45438bea0ec8a30,,,,,0,multiquery_tblastn_querybound_v2
L. delbrueckii,GCF_000056065.1,0,PerR,8b73744d28b23856a888a836fd88bb6452ffb6a653a9aabeba0ddaa87163b59e,,,,,0,multiquery_tblastn_querybound_v2
L. delbrueckii,GCF_000056065.1,0,OhrR,a8c02a2a7527017769dfb24fc5e536ef983c8fa5fc340c4a1ca2074c042b924a,,,,,0,multiquery_tblastn_querybound_v2
L. delbrueckii,GCF_000056065.1,0,Catalase,00de8f6e7f0bdd780f17ea79cfa1eaaf60798fe947a8078a9dfdcb607a5458d2,,,,,0,multiquery_tblastn_querybound_v2
L. delbrueckii,GCF_000056065.1,0,Fur,,,,,,0,multiquery_tblastn_querybound_v2
L. delbrueckii,GCF_000056065.1,0,Rex,b7b8248dc4b68951cd31396901a7201544fe9d4a7c82b64968cc3cd1a7ae17d8,36.6,86.4,3.39e-30,114.0,1,multiquery_tblastn_querybound_v2
L. delbrueckii,GCF_000056065.1,0,RecA,38695d4d1e9418e3bf4ace59f20c27f83ddbd49933aabbe417390bf8640363d1,99.7,82.9,4.63e-171,525.0,1,multiquery_tblastn_querybound_v2
L. delbrueckii,GCF_000056065.1,0,Mn_transport,ff5ae59a98c602b54710295c1571710f5c0c1334f7cd81b22d40bb13cae3a266,38.0,86.6,1.16e-59,202.0,1,multiquery_tblastn_querybound_v2
L. delbrueckii,GCF_000056065.1,0,Nox,0be76acff1d03cb855968387feff33880e4c3c30ed1611188ef85f90e382e156,,,,,0,multiquery_tblastn_querybound_v2
L. delbrueckii,GCF_000056065.1,0,uvrA,b0bcfe00dfb0394c9234e3dcf06b31ecf3af510d8088a7f5dc7995e3a99296ab,37.8,89.7,2.08e-129,422.0,1,multiquery_tblastn_querybound_v2
L. delbrueckii,GCF_000056065.1,0,uvrB,cd8ce439e5e0773e71067145054051d9edbb607ab99279e3a07771507195a791,71.5,99.9,0.0,1007.0,1,multiquery_tblastn_querybound_v2
L. delbrueckii,GCF_000056065.1,0,uvrC,49100507bfe018392aeabafe6aa1bad5f4d9331d8f417710122cd12e8d8cb58a,63.2,99.7,0.0,788.0,1,multiquery_tblastn_querybound_v2
L. delbrueckii,GCF_000056065.1,0,Spx,717b1d41af9f6ee3ec2e96fbd79d0bbb24c7955a45d5081a57840687e0d30263,43.2,93.3,4.46e-33,118.0,1,multiquery_tblastn_querybound_v2
L. delbrueckii,GCF_000056065.1,0,MgsR,3f9152ce3c4d05b93bcfbcd9968de0bd1b286a653cbfb49fe6c7a6b5b9c4da61,99.2,100.0,1.46e-77,244.0,1,multiquery_tblastn_querybound_v2
L. delbrueckii,GCF_000056065.1,0,SOD,43b2482586b259b2094193668820b0e2bb48c0b143f24850c45438bea0ec8a30,,,,,0,multiquery_tblastn_querybound_v2
L. delbrueckii,GCF_002847905.1,0,PerR,8b73744d28b23856a888a836fd88bb6452ffb6a653a9aabeba0ddaa87163b59e,,,,,0,multiquery_tblastn_querybound_v2
L. delbrueckii,GCF_002847905.1,0,OhrR,a8c02a2a7527017769dfb24fc5e536ef983c8fa5fc340c4a1ca2074c042b924a,,,,,0,multiquery_tblastn_querybound_v2
L. delbrueckii,GCF_002847905.1,0,Catalase,00de8f6e7f0bdd780f17ea79cfa1eaaf60798fe947a8078a9dfdcb607a5458d2,,,,,0,multiquery_tblastn_querybound_v2
L. delbrueckii,GCF_002847905.1,0,Fur,,,,,,0,multiquery_tblastn_querybound_v2
L. delbrueckii,GCF_002847905.1,0,Rex,b7b8248dc4b68951cd31396901a7201544fe9d4a7c82b64968cc3cd1a7ae17d8,36.9,98.2,2.3e-30,114.0,1,multiquery_tblastn_querybound_v2
L. delbrueckii,GCF_002847905.1,0,RecA,38695d4d1e9418e3bf4ace59f20c27f83ddbd49933aabbe417390bf8640363d1,100.0,88.9,0.0,568.0,1,multiquery_tblastn_querybound_v2
L. delbrueckii,GCF_002847905.1,0,Mn_transport,ff5ae59a98c602b54710295c1571710f5c0c1334f7cd81b22d40bb13cae3a266,38.3,89.3,1.34e-61,207.0,1,multiquery_tblastn_querybound_v2
L. delbrueckii,GCF_002847905.1,0,Nox,0be76acff1d03cb855968387feff33880e4c3c30ed1611188ef85f90e382e156,25.0,29.1,3.08e-07,49.3,0,multiquery_tblastn_querybound_v2
L. delbrueckii,GCF_002847905.1,0,uvrA,b0bcfe00dfb0394c9234e3dcf06b31ecf3af510d8088a7f5dc7995e3a99296ab,37.7,89.7,4.3e-130,424.0,1,multiquery_tblastn_querybound_v2
L. delbrueckii,GCF_002847905.1,0,uvrB,cd8ce439e5e0773e71067145054051d9edbb607ab99279e3a07771507195a791,71.3,99.9,0.0,1004.0,1,multiquery_tblastn_querybound_v2
L. delbrueckii,GCF_002847905.1,0,uvrC,49100507bfe018392aeabafe6aa1bad5f4d9331d8f417710122cd12e8d8cb58a,63.0,99.7,0.0,786.0,1,multiquery_tblastn_querybound_v2
L. delbrueckii,GCF_002847905.1,0,Spx,717b1d41af9f6ee3ec2e96fbd79d0bbb24c7955a45d5081a57840687e0d30263,44.0,93.3,5.36e-34,120.0,1,multiquery_tblastn_querybound_v2
L. delbrueckii,GCF_002847905.1,0,MgsR,3f9152ce3c4d05b93bcfbcd9968de0bd1b286a653cbfb49fe6c7a6b5b9c4da61,100.0,100.0,3.33e-78,246.0,1,multiquery_tblastn_querybound_v2
L. delbrueckii,GCF_002847905.1,0,SOD,43b2482586b259b2094193668820b0e2bb48c0b143f24850c45438bea0ec8a30,,,,,0,multiquery_tblastn_querybound_v2
L. delbrueckii,GCF_003545935.1,0,PerR,8b73744d28b23856a888a836fd88bb6452ffb6a653a9aabeba0ddaa87163b59e,,,,,0,multiquery_tblastn_querybound_v2
L. delbrueckii,GCF_003545935.1,0,OhrR,a8c02a2a7527017769dfb24fc5e536ef983c8fa5fc340c4a1ca2074c042b924a,,,,,0,multiquery_tblastn_querybound_v2
L. delbrueckii,GCF_003545935.1,0,Catalase,00de8f6e7f0bdd780f17ea79cfa1eaaf60798fe947a8078a9dfdcb607a5458d2,,,,,0,multiquery_tblastn_querybound_v2
L. delbrueckii,GCF_003545935.1,0,Fur,,,,,,0,multiquery_tblastn_querybound_v2
L. delbrueckii,GCF_003545935.1,0,Rex,b7b8248dc4b68951cd31396901a7201544fe9d4a7c82b64968cc3cd1a7ae17d8,36.6,86.4,3.16e-30,114.0,1,multiquery_tblastn_querybound_v2
L. delbrueckii,GCF_003545935.1,0,RecA,38695d4d1e9418e3bf4ace59f20c27f83ddbd49933aabbe417390bf8640363d1,99.4,88.9,0.0,566.0,1,multiquery_tblastn_querybound_v2
L. delbrueckii,GCF_003545935.1,0,Mn_transport,ff5ae59a98c602b54710295c1571710f5c0c1334f7cd81b22d40bb13cae3a266,38.3,89.3,1.95e-60,204.0,1,multiquery_tblastn_querybound_v2
L. delbrueckii,GCF_003545935.1,0,Nox,0be76acff1d03cb855968387feff33880e4c3c30ed1611188ef85f90e382e156,,,,,0,multiquery_tblastn_querybound_v2
L. delbrueckii,GCF_003545935.1,0,uvrA,b0bcfe00dfb0394c9234e3dcf06b31ecf3af510d8088a7f5dc7995e3a99296ab,37.8,89.7,4.42e-130,423.0,1,multiquery_tblastn_querybound_v2
L. delbrueckii,GCF_003545935.1,0,uvrB,cd8ce439e5e0773e71067145054051d9edbb607ab99279e3a07771507195a791,71.3,99.9,0.0,1004.0,1,multiquery_tblastn_querybound_v2
L. delbrueckii,GCF_003545935.1,0,uvrC,49100507bfe018392aeabafe6aa1bad5f4d9331d8f417710122cd12e8d8cb58a,63.0,99.7,0.0,786.0,1,multiquery_tblastn_querybound_v2
L. delbrueckii,GCF_003545935.1,0,Spx,717b1d41af9f6ee3ec2e96fbd79d0bbb24c7955a45d5081a57840687e0d30263,44.0,93.3,4.57e-34,120.0,1,multiquery_tblastn_querybound_v2
L. delbrueckii,GCF_003545935.1,0,MgsR,3f9152ce3c4d05b93bcfbcd9968de0bd1b286a653cbfb49fe6c7a6b5b9c4da61,98.3,100.0,1.72e-76,241.0,1,multiquery_tblastn_querybound_v2
L. delbrueckii,GCF_003545935.1,0,SOD,43b2482586b259b2094193668820b0e2bb48c0b143f24850c45438bea0ec8a30,,,,,0,multiquery_tblastn_querybound_v2
L. delbrueckii,GCF_004211505.1,0,PerR,8b73744d28b23856a888a836fd88bb6452ffb6a653a9aabeba0ddaa87163b59e,,,,,0,multiquery_tblastn_querybound_v2
L. delbrueckii,GCF_004211505.1,0,OhrR,a8c02a2a7527017769dfb24fc5e536ef983c8fa5fc340c4a1ca2074c042b924a,,,,,0,multiquery_tblastn_querybound_v2
L. delbrueckii,GCF_004211505.1,0,Catalase,00de8f6e7f0bdd780f17ea79cfa1eaaf60798fe947a8078a9dfdcb607a5458d2,,,,,0,multiquery_tblastn_querybound_v2
L. delbrueckii,GCF_004211505.1,0,Fur,,,,,,0,multiquery_tblastn_querybound_v2
L. delbrueckii,GCF_004211505.1,0,Rex,b7b8248dc4b68951cd31396901a7201544fe9d4a7c82b64968cc3cd1a7ae17d8,36.9,98.2,2.23e-30,114.0,1,multiquery_tblastn_querybound_v2
L. delbrueckii,GCF_004211505.1,0,RecA,38695d4d1e9418e3bf4ace59f20c27f83ddbd49933aabbe417390bf8640363d1,100.0,88.9,0.0,568.0,1,multiquery_tblastn_querybound_v2
L. delbrueckii,GCF_004211505.1,0,Mn_transport,ff5ae59a98c602b54710295c1571710f5c0c1334f7cd81b22d40bb13cae3a266,38.3,89.3,1.35e-61,207.0,1,multiquery_tblastn_querybound_v2
L. delbrueckii,GCF_004211505.1,0,Nox,0be76acff1d03cb855968387feff33880e4c3c30ed1611188ef85f90e382e156,24.5,81.0,9.61e-09,53.9,0,multiquery_tblastn_querybound_v2
L. delbrueckii,GCF_004211505.1,0,uvrA,b0bcfe00dfb0394c9234e3dcf06b31ecf3af510d8088a7f5dc7995e3a99296ab,37.6,89.5,1.46e-130,425.0,1,multiquery_tblastn_querybound_v2
L. delbrueckii,GCF_004211505.1,0,uvrB,cd8ce439e5e0773e71067145054051d9edbb607ab99279e3a07771507195a791,71.3,99.9,0.0,1005.0,1,multiquery_tblastn_querybound_v2
L. delbrueckii,GCF_004211505.1,0,uvrC,49100507bfe018392aeabafe6aa1bad5f4d9331d8f417710122cd12e8d8cb58a,63.0,99.7,0.0,786.0,1,multiquery_tblastn_querybound_v2
L. delbrueckii,GCF_004211505.1,0,Spx,717b1d41af9f6ee3ec2e96fbd79d0bbb24c7955a45d5081a57840687e0d30263,44.0,93.3,5.25e-34,120.0,1,multiquery_tblastn_querybound_v2
L. delbrueckii,GCF_004211505.1,0,MgsR,3f9152ce3c4d05b93bcfbcd9968de0bd1b286a653cbfb49fe6c7a6b5b9c4da61,99.2,100.0,1.57e-77,244.0,1,multiquery_tblastn_querybound_v2
L. delbrueckii,GCF_004211505.1,0,SOD,43b2482586b259b2094193668820b0e2bb48c0b143f24850c45438bea0ec8a30,,,,,0,multiquery_tblastn_querybound_v2
L. delbrueckii,GCF_004211735.1,0,PerR,8b73744d28b23856a888a836fd88bb6452ffb6a653a9aabeba0ddaa87163b59e,,,,,0,multiquery_tblastn_querybound_v2
L. delbrueckii,GCF_004211735.1,0,OhrR,a8c02a2a7527017769dfb24fc5e536ef983c8fa5fc340c4a1ca2074c042b924a,,,,,0,multiquery_tblastn_querybound_v2
L. delbrueckii,GCF_004211735.1,0,Catalase,00de8f6e7f0bdd780f17ea79cfa1eaaf60798fe947a8078a9dfdcb607a5458d2,,,,,0,multiquery_tblastn_querybound_v2
L. delbrueckii,GCF_004211735.1,0,Fur,,,,,,0,multiquery_tblastn_querybound_v2
L. delbrueckii,GCF_004211735.1,0,Rex,b7b8248dc4b68951cd31396901a7201544fe9d4a7c82b64968cc3cd1a7ae17d8,36.9,98.2,2.19e-30,114.0,1,multiquery_tblastn_querybound_v2
L. delbrueckii,GCF_004211735.1,0,RecA,38695d4d1e9418e3bf4ace59f20c27f83ddbd49933aabbe417390bf8640363d1,100.0,88.9,0.0,568.0,1,multiquery_tblastn_querybound_v2
L. delbrueckii,GCF_004211735.1,0,Mn_transport,ff5ae59a98c602b54710295c1571710f5c0c1334f7cd81b22d40bb13cae3a266,38.3,89.3,1.56e-61,207.0,1,multiquery_tblastn_querybound_v2
L. delbrueckii,GCF_004211735.1,0,Nox,0be76acff1d03cb855968387feff33880e4c3c30ed1611188ef85f90e382e156,24.5,81.0,9.85e-09,53.9,0,multiquery_tblastn_querybound_v2
L. delbrueckii,GCF_004211735.1,0,uvrA,b0bcfe00dfb0394c9234e3dcf06b31ecf3af510d8088a7f5dc7995e3a99296ab,37.8,89.7,2.98e-130,424.0,1,multiquery_tblastn_querybound_v2
L. delbrueckii,GCF_004211735.1,0,uvrB,cd8ce439e5e0773e71067145054051d9edbb607ab99279e3a07771507195a791,71.3,99.9,0.0,1005.0,1,multiquery_tblastn_querybound_v2
L. delbrueckii,GCF_004211735.1,0,uvrC,49100507bfe018392aeabafe6aa1bad5f4d9331d8f417710122cd12e8d8cb58a,63.0,99.7,0.0,786.0,1,multiquery_tblastn_querybound_v2
L. delbrueckii,GCF_004211735.1,0,Spx,717b1d41af9f6ee3ec2e96fbd79d0bbb24c7955a45d5081a57840687e0d30263,44.0,93.3,5.13e-34,120.0,1,multiquery_tblastn_querybound_v2
L. delbrueckii,GCF_004211735.1,0,MgsR,3f9152ce3c4d05b93bcfbcd9968de0bd1b286a653cbfb49fe6c7a6b5b9c4da61,98.3,100.0,4.85e-77,243.0,1,multiquery_tblastn_querybound_v2
L. delbrueckii,GCF_004211735.1,0,SOD,43b2482586b259b2094193668820b0e2bb48c0b143f24850c45438bea0ec8a30,,,,,0,multiquery_tblastn_querybound_v2
L. delbrueckii,GCF_009362855.1,0,PerR,8b73744d28b23856a888a836fd88bb6452ffb6a653a9aabeba0ddaa87163b59e,,,,,0,multiquery_tblastn_querybound_v2
L. delbrueckii,GCF_009362855.1,0,OhrR,a8c02a2a7527017769dfb24fc5e536ef983c8fa5fc340c4a1ca2074c042b924a,,,,,0,multiquery_tblastn_querybound_v2
L. delbrueckii,GCF_009362855.1,0,Catalase,00de8f6e7f0bdd780f17ea79cfa1eaaf60798fe947a8078a9dfdcb607a5458d2,,,,,0,multiquery_tblastn_querybound_v2
L. delbrueckii,GCF_009362855.1,0,Fur,,,,,,0,multiquery_tblastn_querybound_v2
L. delbrueckii,GCF_009362855.1,0,Rex,b7b8248dc4b68951cd31396901a7201544fe9d4a7c82b64968cc3cd1a7ae17d8,36.6,86.4,3.24e-30,114.0,1,multiquery_tblastn_querybound_v2
L. delbrueckii,GCF_009362855.1,0,RecA,38695d4d1e9418e3bf4ace59f20c27f83ddbd49933aabbe417390bf8640363d1,99.4,88.9,0.0,566.0,1,multiquery_tblastn_querybound_v2
L. delbrueckii,GCF_009362855.1,0,Mn_transport,ff5ae59a98c602b54710295c1571710f5c0c1334f7cd81b22d40bb13cae3a266,38.0,89.3,1.4e-59,202.0,1,multiquery_tblastn_querybound_v2
L. delbrueckii,GCF_009362855.1,0,Nox,0be76acff1d03cb855968387feff33880e4c3c30ed1611188ef85f90e382e156,,,,,0,multiquery_tblastn_querybound_v2
L. delbrueckii,GCF_009362855.1,0,uvrA,b0bcfe00dfb0394c9234e3dcf06b31ecf3af510d8088a7f5dc7995e3a99296ab,37.7,89.7,4.58e-129,421.0,1,multiquery_tblastn_querybound_v2
L. delbrueckii,GCF_009362855.1,0,uvrB,cd8ce439e5e0773e71067145054051d9edbb607ab99279e3a07771507195a791,71.2,99.9,0.0,1004.0,1,multiquery_tblastn_querybound_v2
L. delbrueckii,GCF_009362855.1,0,uvrC,49100507bfe018392aeabafe6aa1bad5f4d9331d8f417710122cd12e8d8cb58a,63.2,99.7,0.0,788.0,1,multiquery_tblastn_querybound_v2
L. delbrueckii,GCF_009362855.1,0,Spx,717b1d41af9f6ee3ec2e96fbd79d0bbb24c7955a45d5081a57840687e0d30263,44.0,93.3,4.67e-34,120.0,1,multiquery_tblastn_querybound_v2
L. delbrueckii,GCF_009362855.1,0,MgsR,3f9152ce3c4d05b93bcfbcd9968de0bd1b286a653cbfb49fe6c7a6b5b9c4da61,99.2,100.0,1.39e-77,244.0,1,multiquery_tblastn_querybound_v2
L. delbrueckii,GCF_009362855.1,0,SOD,43b2482586b259b2094193668820b0e2bb48c0b143f24850c45438bea0ec8a30,,,,,0,multiquery_tblastn_querybound_v2
L. delbrueckii,GCF_009734125.1,0,PerR,8b73744d28b23856a888a836fd88bb6452ffb6a653a9aabeba0ddaa87163b59e,,,,,0,multiquery_tblastn_querybound_v2
L. delbrueckii,GCF_009734125.1,0,OhrR,a8c02a2a7527017769dfb24fc5e536ef983c8fa5fc340c4a1ca2074c042b924a,,,,,0,multiquery_tblastn_querybound_v2
L. delbrueckii,GCF_009734125.1,0,Catalase,00de8f6e7f0bdd780f17ea79cfa1eaaf60798fe947a8078a9dfdcb607a5458d2,,,,,0,multiquery_tblastn_querybound_v2
L. delbrueckii,GCF_009734125.1,0,Fur,,,,,,0,multiquery_tblastn_querybound_v2
L. delbrueckii,GCF_009734125.1,0,Rex,b7b8248dc4b68951cd31396901a7201544fe9d4a7c82b64968cc3cd1a7ae17d8,36.6,86.4,3.37e-30,114.0,1,multiquery_tblastn_querybound_v2
L. delbrueckii,GCF_009734125.1,0,RecA,38695d4d1e9418e3bf4ace59f20c27f83ddbd49933aabbe417390bf8640363d1,99.4,88.9,0.0,566.0,1,multiquery_tblastn_querybound_v2
L. delbrueckii,GCF_009734125.1,0,Mn_transport,ff5ae59a98c602b54710295c1571710f5c0c1334f7cd81b22d40bb13cae3a266,38.0,89.3,1.46e-59,202.0,1,multiquery_tblastn_querybound_v2
L. delbrueckii,GCF_009734125.1,0,Nox,0be76acff1d03cb855968387feff33880e4c3c30ed1611188ef85f90e382e156,27.4,29.8,1.66e-06,46.6,0,multiquery_tblastn_querybound_v2
L. delbrueckii,GCF_009734125.1,0,uvrA,b0bcfe00dfb0394c9234e3dcf06b31ecf3af510d8088a7f5dc7995e3a99296ab,37.8,89.7,4.09e-130,424.0,1,multiquery_tblastn_querybound_v2
L. delbrueckii,GCF_009734125.1,0,uvrB,cd8ce439e5e0773e71067145054051d9edbb607ab99279e3a07771507195a791,71.2,99.9,0.0,1003.0,1,multiquery_tblastn_querybound_v2
L. delbrueckii,GCF_009734125.1,0,uvrC,49100507bfe018392aeabafe6aa1bad5f4d9331d8f417710122cd12e8d8cb58a,63.0,99.7,0.0,786.0,1,multiquery_tblastn_querybound_v2
L. delbrueckii,GCF_009734125.1,0,Spx,717b1d41af9f6ee3ec2e96fbd79d0bbb24c7955a45d5081a57840687e0d30263,44.0,93.3,4.86e-34,120.0,1,multiquery_tblastn_querybound_v2
L. delbrueckii,GCF_009734125.1,0,MgsR,3f9152ce3c4d05b93bcfbcd9968de0bd1b286a653cbfb49fe6c7a6b5b9c4da61,99.2,100.0,1.45e-77,244.0,1,multiquery_tblastn_querybound_v2
L. delbrueckii,GCF_009734125.1,0,SOD,43b2482586b259b2094193668820b0e2bb48c0b143f24850c45438bea0ec8a30,,,,,0,multiquery_tblastn_querybound_v2
L. delbrueckii,GCF_014830125.1,0,PerR,8b73744d28b23856a888a836fd88bb6452ffb6a653a9aabeba0ddaa87163b59e,,,,,0,multiquery_tblastn_querybound_v2
L. delbrueckii,GCF_014830125.1,0,OhrR,a8c02a2a7527017769dfb24fc5e536ef983c8fa5fc340c4a1ca2074c042b924a,,,,,0,multiquery_tblastn_querybound_v2
L. delbrueckii,GCF_014830125.1,0,Catalase,00de8f6e7f0bdd780f17ea79cfa1eaaf60798fe947a8078a9dfdcb607a5458d2,,,,,0,multiquery_tblastn_querybound_v2
L. delbrueckii,GCF_014830125.1,0,Fur,,,,,,0,multiquery_tblastn_querybound_v2
L. delbrueckii,GCF_014830125.1,0,Rex,b7b8248dc4b68951cd31396901a7201544fe9d4a7c82b64968cc3cd1a7ae17d8,36.9,98.2,2.24e-30,114.0,1,multiquery_tblastn_querybound_v2
L. delbrueckii,GCF_014830125.1,0,RecA,38695d4d1e9418e3bf4ace59f20c27f83ddbd49933aabbe417390bf8640363d1,100.0,88.9,0.0,568.0,1,multiquery_tblastn_querybound_v2
L. delbrueckii,GCF_014830125.1,0,Mn_transport,ff5ae59a98c602b54710295c1571710f5c0c1334f7cd81b22d40bb13cae3a266,37.6,89.3,7.33e-61,206.0,1,multiquery_tblastn_querybound_v2
L. delbrueckii,GCF_014830125.1,0,Nox,0be76acff1d03cb855968387feff33880e4c3c30ed1611188ef85f90e382e156,32.7,99.8,2.93e-73,247.0,0,multiquery_tblastn_querybound_v2
L. delbrueckii,GCF_014830125.1,0,uvrA,b0bcfe00dfb0394c9234e3dcf06b31ecf3af510d8088a7f5dc7995e3a99296ab,38.0,89.7,1.66e-131,428.0,1,multiquery_tblastn_querybound_v2
L. delbrueckii,GCF_014830125.1,0,uvrB,cd8ce439e5e0773e71067145054051d9edbb607ab99279e3a07771507195a791,71.3,99.9,0.0,1004.0,1,multiquery_tblastn_querybound_v2
L. delbrueckii,GCF_014830125.1,0,uvrC,49100507bfe018392aeabafe6aa1bad5f4d9331d8f417710122cd12e8d8cb58a,63.0,99.7,0.0,786.0,1,multiquery_tblastn_querybound_v2
L. delbrueckii,GCF_014830125.1,0,Spx,717b1d41af9f6ee3ec2e96fbd79d0bbb24c7955a45d5081a57840687e0d30263,44.0,93.3,5.13e-34,120.0,1,multiquery_tblastn_querybound_v2
L. delbrueckii,GCF_014830125.1,0,MgsR,3f9152ce3c4d05b93bcfbcd9968de0bd1b286a653cbfb49fe6c7a6b5b9c4da61,100.0,100.0,3.29e-78,246.0,1,multiquery_tblastn_querybound_v2
L. delbrueckii,GCF_014830125.1,0,SOD,43b2482586b259b2094193668820b0e2bb48c0b143f24850c45438bea0ec8a30,,,,,0,multiquery_tblastn_querybound_v2
L. delbrueckii,GCF_015377785.1,0,PerR,8b73744d28b23856a888a836fd88bb6452ffb6a653a9aabeba0ddaa87163b59e,,,,,0,multiquery_tblastn_querybound_v2
L. delbrueckii,GCF_015377785.1,0,OhrR,a8c02a2a7527017769dfb24fc5e536ef983c8fa5fc340c4a1ca2074c042b924a,,,,,0,multiquery_tblastn_querybound_v2
L. delbrueckii,GCF_015377785.1,0,Catalase,00de8f6e7f0bdd780f17ea79cfa1eaaf60798fe947a8078a9dfdcb607a5458d2,,,,,0,multiquery_tblastn_querybound_v2
L. delbrueckii,GCF_015377785.1,0,Fur,,,,,,0,multiquery_tblastn_querybound_v2
L. delbrueckii,GCF_015377785.1,0,Rex,b7b8248dc4b68951cd31396901a7201544fe9d4a7c82b64968cc3cd1a7ae17d8,36.6,86.4,3.41e-30,114.0,1,multiquery_tblastn_querybound_v2
L. delbrueckii,GCF_015377785.1,0,RecA,38695d4d1e9418e3bf4ace59f20c27f83ddbd49933aabbe417390bf8640363d1,99.4,88.9,0.0,566.0,1,multiquery_tblastn_querybound_v2
L. delbrueckii,GCF_015377785.1,0,Mn_transport,ff5ae59a98c602b54710295c1571710f5c0c1334f7cd81b22d40bb13cae3a266,38.0,89.3,1.48e-59,202.0,1,multiquery_tblastn_querybound_v2
L. delbrueckii,GCF_015377785.1,0,Nox,0be76acff1d03cb855968387feff33880e4c3c30ed1611188ef85f90e382e156,,,,,0,multiquery_tblastn_querybound_v2
L. delbrueckii,GCF_015377785.1,0,uvrA,b0bcfe00dfb0394c9234e3dcf06b31ecf3af510d8088a7f5dc7995e3a99296ab,37.8,89.7,4.13e-130,424.0,1,multiquery_tblastn_querybound_v2
L. delbrueckii,GCF_015377785.1,0,uvrB,cd8ce439e5e0773e71067145054051d9edbb607ab99279e3a07771507195a791,71.0,99.9,0.0,1001.0,1,multiquery_tblastn_querybound_v2
L. delbrueckii,GCF_015377785.1,0,uvrC,49100507bfe018392aeabafe6aa1bad5f4d9331d8f417710122cd12e8d8cb58a,63.2,99.7,0.0,788.0,1,multiquery_tblastn_querybound_v2
L. delbrueckii,GCF_015377785.1,0,Spx,717b1d41af9f6ee3ec2e96fbd79d0bbb24c7955a45d5081a57840687e0d30263,44.0,93.3,4.91e-34,120.0,1,multiquery_tblastn_querybound_v2
L. delbrueckii,GCF_015377785.1,0,MgsR,3f9152ce3c4d05b93bcfbcd9968de0bd1b286a653cbfb49fe6c7a6b5b9c4da61,99.2,100.0,1.46e-77,244.0,1,multiquery_tblastn_querybound_v2
L. delbrueckii,GCF_015377785.1,0,SOD,43b2482586b259b2094193668820b0e2bb48c0b143f24850c45438bea0ec8a30,,,,,0,multiquery_tblastn_querybound_v2
L. delbrueckii,GCF_019583415.1,0,PerR,8b73744d28b23856a888a836fd88bb6452ffb6a653a9aabeba0ddaa87163b59e,,,,,0,multiquery_tblastn_querybound_v2
L. delbrueckii,GCF_019583415.1,0,OhrR,a8c02a2a7527017769dfb24fc5e536ef983c8fa5fc340c4a1ca2074c042b924a,,,,,0,multiquery_tblastn_querybound_v2
L. delbrueckii,GCF_019583415.1,0,Catalase,00de8f6e7f0bdd780f17ea79cfa1eaaf60798fe947a8078a9dfdcb607a5458d2,,,,,0,multiquery_tblastn_querybound_v2
L. delbrueckii,GCF_019583415.1,0,Fur,,,,,,0,multiquery_tblastn_querybound_v2
L. delbrueckii,GCF_019583415.1,0,Rex,b7b8248dc4b68951cd31396901a7201544fe9d4a7c82b64968cc3cd1a7ae17d8,36.9,98.2,1.94e-30,114.0,1,multiquery_tblastn_querybound_v2
L. delbrueckii,GCF_019583415.1,0,RecA,38695d4d1e9418e3bf4ace59f20c27f83ddbd49933aabbe417390bf8640363d1,99.4,88.9,0.0,568.0,1,multiquery_tblastn_querybound_v2
L. delbrueckii,GCF_019583415.1,0,Mn_transport,ff5ae59a98c602b54710295c1571710f5c0c1334f7cd81b22d40bb13cae3a266,38.0,89.3,1.42e-61,207.0,1,multiquery_tblastn_querybound_v2
L. delbrueckii,GCF_019583415.1,0,Nox,0be76acff1d03cb855968387feff33880e4c3c30ed1611188ef85f90e382e156,25.0,29.1,4.54e-07,48.5,0,multiquery_tblastn_querybound_v2
L. delbrueckii,GCF_019583415.1,0,uvrA,b0bcfe00dfb0394c9234e3dcf06b31ecf3af510d8088a7f5dc7995e3a99296ab,38.0,89.7,2.68e-131,427.0,1,multiquery_tblastn_querybound_v2
L. delbrueckii,GCF_019583415.1,0,uvrB,cd8ce439e5e0773e71067145054051d9edbb607ab99279e3a07771507195a791,71.2,100.0,0.0,1001.0,1,multiquery_tblastn_querybound_v2
L. delbrueckii,GCF_019583415.1,0,uvrC,49100507bfe018392aeabafe6aa1bad5f4d9331d8f417710122cd12e8d8cb58a,63.2,99.7,0.0,787.0,1,multiquery_tblastn_querybound_v2
L. delbrueckii,GCF_019583415.1,0,Spx,717b1d41af9f6ee3ec2e96fbd79d0bbb24c7955a45d5081a57840687e0d30263,44.0,93.3,6.08e-34,120.0,1,multiquery_tblastn_querybound_v2
L. delbrueckii,GCF_019583415.1,0,MgsR,3f9152ce3c4d05b93bcfbcd9968de0bd1b286a653cbfb49fe6c7a6b5b9c4da61,98.3,100.0,7.62e-77,242.0,1,multiquery_tblastn_querybound_v2
L. delbrueckii,GCF_019583415.1,0,SOD,43b2482586b259b2094193668820b0e2bb48c0b143f24850c45438bea0ec8a30,,,,,0,multiquery_tblastn_querybound_v2
L. delbrueckii,GCF_021600185.1,0,PerR,8b73744d28b23856a888a836fd88bb6452ffb6a653a9aabeba0ddaa87163b59e,,,,,0,multiquery_tblastn_querybound_v2
L. delbrueckii,GCF_021600185.1,0,OhrR,a8c02a2a7527017769dfb24fc5e536ef983c8fa5fc340c4a1ca2074c042b924a,,,,,0,multiquery_tblastn_querybound_v2
L. delbrueckii,GCF_021600185.1,0,Catalase,00de8f6e7f0bdd780f17ea79cfa1eaaf60798fe947a8078a9dfdcb607a5458d2,,,,,0,multiquery_tblastn_querybound_v2
L. delbrueckii,GCF_021600185.1,0,Fur,,,,,,0,multiquery_tblastn_querybound_v2
L. delbrueckii,GCF_021600185.1,0,Rex,b7b8248dc4b68951cd31396901a7201544fe9d4a7c82b64968cc3cd1a7ae17d8,36.9,98.2,2.23e-30,114.0,1,multiquery_tblastn_querybound_v2
L. delbrueckii,GCF_021600185.1,0,RecA,38695d4d1e9418e3bf4ace59f20c27f83ddbd49933aabbe417390bf8640363d1,100.0,88.9,0.0,568.0,1,multiquery_tblastn_querybound_v2
L. delbrueckii,GCF_021600185.1,0,Mn_transport,ff5ae59a98c602b54710295c1571710f5c0c1334f7cd81b22d40bb13cae3a266,38.0,89.3,2.15e-61,207.0,1,multiquery_tblastn_querybound_v2
L. delbrueckii,GCF_021600185.1,0,Nox,0be76acff1d03cb855968387feff33880e4c3c30ed1611188ef85f90e382e156,25.0,29.1,2.96e-07,49.3,0,multiquery_tblastn_querybound_v2
L. delbrueckii,GCF_021600185.1,0,uvrA,b0bcfe00dfb0394c9234e3dcf06b31ecf3af510d8088a7f5dc7995e3a99296ab,37.7,89.7,4.14e-130,424.0,1,multiquery_tblastn_querybound_v2
L. delbrueckii,GCF_021600185.1,0,uvrB,cd8ce439e5e0773e71067145054051d9edbb607ab99279e3a07771507195a791,71.3,99.9,0.0,1008.0,1,multiquery_tblastn_querybound_v2
L. delbrueckii,GCF_021600185.1,0,uvrC,49100507bfe018392aeabafe6aa1bad5f4d9331d8f417710122cd12e8d8cb58a,63.0,99.7,0.0,786.0,1,multiquery_tblastn_querybound_v2
L. delbrueckii,GCF_021600185.1,0,Spx,717b1d41af9f6ee3ec2e96fbd79d0bbb24c7955a45d5081a57840687e0d30263,44.0,93.3,5.2e-34,120.0,1,multiquery_tblastn_querybound_v2
L. delbrueckii,GCF_021600185.1,0,MgsR,3f9152ce3c4d05b93bcfbcd9968de0bd1b286a653cbfb49fe6c7a6b5b9c4da61,100.0,100.0,3.25e-78,246.0,1,multiquery_tblastn_querybound_v2
L. delbrueckii,GCF_021600185.1,0,SOD,43b2482586b259b2094193668820b0e2bb48c0b143f24850c45438bea0ec8a30,,,,,0,multiquery_tblastn_querybound_v2
L. delbrueckii,GCF_021600205.1,0,PerR,8b73744d28b23856a888a836fd88bb6452ffb6a653a9aabeba0ddaa87163b59e,,,,,0,multiquery_tblastn_querybound_v2
L. delbrueckii,GCF_021600205.1,0,OhrR,a8c02a2a7527017769dfb24fc5e536ef983c8fa5fc340c4a1ca2074c042b924a,,,,,0,multiquery_tblastn_querybound_v2
L. delbrueckii,GCF_021600205.1,0,Catalase,00de8f6e7f0bdd780f17ea79cfa1eaaf60798fe947a8078a9dfdcb607a5458d2,,,,,0,multiquery_tblastn_querybound_v2
L. delbrueckii,GCF_021600205.1,0,Fur,,,,,,0,multiquery_tblastn_querybound_v2
L. delbrueckii,GCF_021600205.1,0,Rex,b7b8248dc4b68951cd31396901a7201544fe9d4a7c82b64968cc3cd1a7ae17d8,36.9,98.2,2.22e-30,114.0,1,multiquery_tblastn_querybound_v2
L. delbrueckii,GCF_021600205.1,0,RecA,38695d4d1e9418e3bf4ace59f20c27f83ddbd49933aabbe417390bf8640363d1,100.0,88.9,0.0,568.0,1,multiquery_tblastn_querybound_v2
L. delbrueckii,GCF_021600205.1,0,Mn_transport,ff5ae59a98c602b54710295c1571710f5c0c1334f7cd81b22d40bb13cae3a266,38.3,89.3,1.3e-61,207.0,1,multiquery_tblastn_querybound_v2
L. delbrueckii,GCF_021600205.1,0,Nox,0be76acff1d03cb855968387feff33880e4c3c30ed1611188ef85f90e382e156,25.0,29.1,2.99e-07,49.3,0,multiquery_tblastn_querybound_v2
L. delbrueckii,GCF_021600205.1,0,uvrA,b0bcfe00dfb0394c9234e3dcf06b31ecf3af510d8088a7f5dc7995e3a99296ab,37.7,89.7,3.88e-130,424.0,1,multiquery_tblastn_querybound_v2
L. delbrueckii,GCF_021600205.1,0,uvrB,cd8ce439e5e0773e71067145054051d9edbb607ab99279e3a07771507195a791,71.3,99.9,0.0,1004.0,1,multiquery_tblastn_querybound_v2
L. delbrueckii,GCF_021600205.1,0,uvrC,49100507bfe018392aeabafe6aa1bad5f4d9331d8f417710122cd12e8d8cb58a,63.0,99.7,0.0,786.0,1,multiquery_tblastn_querybound_v2
L. delbrueckii,GCF_021600205.1,0,Spx,717b1d41af9f6ee3ec2e96fbd79d0bbb24c7955a45d5081a57840687e0d30263,44.0,93.3,5.05e-34,120.0,1,multiquery_tblastn_querybound_v2
L. delbrueckii,GCF_021600205.1,0,MgsR,3f9152ce3c4d05b93bcfbcd9968de0bd1b286a653cbfb49fe6c7a6b5b9c4da61,100.0,100.0,3.23e-78,246.0,1,multiquery_tblastn_querybound_v2
L. delbrueckii,GCF_021600205.1,0,SOD,43b2482586b259b2094193668820b0e2bb48c0b143f24850c45438bea0ec8a30,,,,,0,multiquery_tblastn_querybound_v2
L. delbrueckii,GCF_021600245.1,0,PerR,8b73744d28b23856a888a836fd88bb6452ffb6a653a9aabeba0ddaa87163b59e,,,,,0,multiquery_tblastn_querybound_v2
L. delbrueckii,GCF_021600245.1,0,OhrR,a8c02a2a7527017769dfb24fc5e536ef983c8fa5fc340c4a1ca2074c042b924a,,,,,0,multiquery_tblastn_querybound_v2
L. delbrueckii,GCF_021600245.1,0,Catalase,00de8f6e7f0bdd780f17ea79cfa1eaaf60798fe947a8078a9dfdcb607a5458d2,,,,,0,multiquery_tblastn_querybound_v2
L. delbrueckii,GCF_021600245.1,0,Fur,,,,,,0,multiquery_tblastn_querybound_v2
L. delbrueckii,GCF_021600245.1,0,Rex,b7b8248dc4b68951cd31396901a7201544fe9d4a7c82b64968cc3cd1a7ae17d8,36.9,98.2,3.48e-30,114.0,1,multiquery_tblastn_querybound_v2
L. delbrueckii,GCF_021600245.1,0,RecA,38695d4d1e9418e3bf4ace59f20c27f83ddbd49933aabbe417390bf8640363d1,100.0,88.9,0.0,568.0,1,multiquery_tblastn_querybound_v2
L. delbrueckii,GCF_021600245.1,0,Mn_transport,ff5ae59a98c602b54710295c1571710f5c0c1334f7cd81b22d40bb13cae3a266,38.7,89.3,7.38e-62,208.0,1,multiquery_tblastn_querybound_v2
L. delbrueckii,GCF_021600245.1,0,Nox,0be76acff1d03cb855968387feff33880e4c3c30ed1611188ef85f90e382e156,24.2,29.1,2.08e-06,46.6,0,multiquery_tblastn_querybound_v2
L. delbrueckii,GCF_021600245.1,0,uvrA,b0bcfe00dfb0394c9234e3dcf06b31ecf3af510d8088a7f5dc7995e3a99296ab,37.6,89.5,1.34e-130,425.0,1,multiquery_tblastn_querybound_v2
L. delbrueckii,GCF_021600245.1,0,uvrB,cd8ce439e5e0773e71067145054051d9edbb607ab99279e3a07771507195a791,71.3,99.9,0.0,1005.0,1,multiquery_tblastn_querybound_v2
L. delbrueckii,GCF_021600245.1,0,uvrC,49100507bfe018392aeabafe6aa1bad5f4d9331d8f417710122cd12e8d8cb58a,63.0,99.7,0.0,785.0,1,multiquery_tblastn_querybound_v2
L. delbrueckii,GCF_021600245.1,0,Spx,717b1d41af9f6ee3ec2e96fbd79d0bbb24c7955a45d5081a57840687e0d30263,40.2,61.2,2.03e-24,73.2,0,multiquery_tblastn_querybound_v2
L. delbrueckii,GCF_021600245.1,0,MgsR,3f9152ce3c4d05b93bcfbcd9968de0bd1b286a653cbfb49fe6c7a6b5b9c4da61,98.3,100.0,2.95e-77,243.0,1,multiquery_tblastn_querybound_v2
L. delbrueckii,GCF_021600245.1,0,SOD,43b2482586b259b2094193668820b0e2bb48c0b143f24850c45438bea0ec8a30,,,,,0,multiquery_tblastn_querybound_v2
L. delbrueckii,GCF_021600265.1,0,PerR,8b73744d28b23856a888a836fd88bb6452ffb6a653a9aabeba0ddaa87163b59e,,,,,0,multiquery_tblastn_querybound_v2
L. delbrueckii,GCF_021600265.1,0,OhrR,a8c02a2a7527017769dfb24fc5e536ef983c8fa5fc340c4a1ca2074c042b924a,,,,,0,multiquery_tblastn_querybound_v2
L. delbrueckii,GCF_021600265.1,0,Catalase,00de8f6e7f0bdd780f17ea79cfa1eaaf60798fe947a8078a9dfdcb607a5458d2,,,,,0,multiquery_tblastn_querybound_v2
L. delbrueckii,GCF_021600265.1,0,Fur,,,,,,0,multiquery_tblastn_querybound_v2
L. delbrueckii,GCF_021600265.1,0,Rex,b7b8248dc4b68951cd31396901a7201544fe9d4a7c82b64968cc3cd1a7ae17d8,36.9,98.2,2.02e-30,114.0,1,multiquery_tblastn_querybound_v2
L. delbrueckii,GCF_021600265.1,0,RecA,38695d4d1e9418e3bf4ace59f20c27f83ddbd49933aabbe417390bf8640363d1,100.0,88.9,0.0,568.0,1,multiquery_tblastn_querybound_v2
L. delbrueckii,GCF_021600265.1,0,Mn_transport,ff5ae59a98c602b54710295c1571710f5c0c1334f7cd81b22d40bb13cae3a266,38.0,89.3,1.56e-61,207.0,1,multiquery_tblastn_querybound_v2
L. delbrueckii,GCF_021600265.1,0,Nox,0be76acff1d03cb855968387feff33880e4c3c30ed1611188ef85f90e382e156,25.0,29.1,4.18e-07,48.5,0,multiquery_tblastn_querybound_v2
L. delbrueckii,GCF_021600265.1,0,uvrA,b0bcfe00dfb0394c9234e3dcf06b31ecf3af510d8088a7f5dc7995e3a99296ab,38.0,89.7,1.77e-131,427.0,1,multiquery_tblastn_querybound_v2
L. delbrueckii,GCF_021600265.1,0,uvrB,cd8ce439e5e0773e71067145054051d9edbb607ab99279e3a07771507195a791,71.3,99.9,0.0,1005.0,1,multiquery_tblastn_querybound_v2
L. delbrueckii,GCF_021600265.1,0,uvrC,49100507bfe018392aeabafe6aa1bad5f4d9331d8f417710122cd12e8d8cb58a,63.2,99.7,0.0,788.0,1,multiquery_tblastn_querybound_v2
L. delbrueckii,GCF_021600265.1,0,Spx,717b1d41af9f6ee3ec2e96fbd79d0bbb24c7955a45d5081a57840687e0d30263,44.0,93.3,4.99e-34,120.0,1,multiquery_tblastn_querybound_v2
L. delbrueckii,GCF_021600265.1,0,MgsR,3f9152ce3c4d05b93bcfbcd9968de0bd1b286a653cbfb49fe6c7a6b5b9c4da61,100.0,100.0,3.11e-78,246.0,1,multiquery_tblastn_querybound_v2
L. delbrueckii,GCF_021600265.1,0,SOD,43b2482586b259b2094193668820b0e2bb48c0b143f24850c45438bea0ec8a30,,,,,0,multiquery_tblastn_querybound_v2
L. delbrueckii,GCF_021600345.1,0,PerR,8b73744d28b23856a888a836fd88bb6452ffb6a653a9aabeba0ddaa87163b59e,,,,,0,multiquery_tblastn_querybound_v2
L. delbrueckii,GCF_021600345.1,0,OhrR,a8c02a2a7527017769dfb24fc5e536ef983c8fa5fc340c4a1ca2074c042b924a,,,,,0,multiquery_tblastn_querybound_v2
L. delbrueckii,GCF_021600345.1,0,Catalase,00de8f6e7f0bdd780f17ea79cfa1eaaf60798fe947a8078a9dfdcb607a5458d2,,,,,0,multiquery_tblastn_querybound_v2
L. delbrueckii,GCF_021600345.1,0,Fur,,,,,,0,multiquery_tblastn_querybound_v2
L. delbrueckii,GCF_021600345.1,0,Rex,b7b8248dc4b68951cd31396901a7201544fe9d4a7c82b64968cc3cd1a7ae17d8,36.9,98.2,2.2e-30,114.0,1,multiquery_tblastn_querybound_v2
L. delbrueckii,GCF_021600345.1,0,RecA,38695d4d1e9418e3bf4ace59f20c27f83ddbd49933aabbe417390bf8640363d1,100.0,88.9,0.0,568.0,1,multiquery_tblastn_querybound_v2
L. delbrueckii,GCF_021600345.1,0,Mn_transport,ff5ae59a98c602b54710295c1571710f5c0c1334f7cd81b22d40bb13cae3a266,38.3,89.3,2.11e-61,207.0,1,multiquery_tblastn_querybound_v2
L. delbrueckii,GCF_021600345.1,0,Nox,0be76acff1d03cb855968387feff33880e4c3c30ed1611188ef85f90e382e156,25.8,29.1,2.48e-08,52.8,0,multiquery_tblastn_querybound_v2
L. delbrueckii,GCF_021600345.1,0,uvrA,b0bcfe00dfb0394c9234e3dcf06b31ecf3af510d8088a7f5dc7995e3a99296ab,38.0,89.7,3.89e-131,427.0,1,multiquery_tblastn_querybound_v2
L. delbrueckii,GCF_021600345.1,0,uvrB,cd8ce439e5e0773e71067145054051d9edbb607ab99279e3a07771507195a791,71.3,99.9,0.0,1008.0,1,multiquery_tblastn_querybound_v2
L. delbrueckii,GCF_021600345.1,0,uvrC,49100507bfe018392aeabafe6aa1bad5f4d9331d8f417710122cd12e8d8cb58a,62.7,99.7,0.0,783.0,1,multiquery_tblastn_querybound_v2
L. delbrueckii,GCF_021600345.1,0,Spx,717b1d41af9f6ee3ec2e96fbd79d0bbb24c7955a45d5081a57840687e0d30263,44.0,93.3,5.16e-34,120.0,1,multiquery_tblastn_querybound_v2
L. delbrueckii,GCF_021600345.1,0,MgsR,3f9152ce3c4d05b93bcfbcd9968de0bd1b286a653cbfb49fe6c7a6b5b9c4da61,100.0,100.0,3.2e-78,246.0,1,multiquery_tblastn_querybound_v2
L. delbrueckii,GCF_021600345.1,0,SOD,43b2482586b259b2094193668820b0e2bb48c0b143f24850c45438bea0ec8a30,,,,,0,multiquery_tblastn_querybound_v2
L. delbrueckii,GCF_021600365.1,0,PerR,8b73744d28b23856a888a836fd88bb6452ffb6a653a9aabeba0ddaa87163b59e,,,,,0,multiquery_tblastn_querybound_v2
L. delbrueckii,GCF_021600365.1,0,OhrR,a8c02a2a7527017769dfb24fc5e536ef983c8fa5fc340c4a1ca2074c042b924a,,,,,0,multiquery_tblastn_querybound_v2
L. delbrueckii,GCF_021600365.1,0,Catalase,00de8f6e7f0bdd780f17ea79cfa1eaaf60798fe947a8078a9dfdcb607a5458d2,,,,,0,multiquery_tblastn_querybound_v2
L. delbrueckii,GCF_021600365.1,0,Fur,,,,,,0,multiquery_tblastn_querybound_v2
L. delbrueckii,GCF_021600365.1,0,Rex,b7b8248dc4b68951cd31396901a7201544fe9d4a7c82b64968cc3cd1a7ae17d8,36.4,98.2,7.68e-28,107.0,1,multiquery_tblastn_querybound_v2
L. delbrueckii,GCF_021600365.1,0,RecA,38695d4d1e9418e3bf4ace59f20c27f83ddbd49933aabbe417390bf8640363d1,99.7,88.9,0.0,566.0,1,multiquery_tblastn_querybound_v2
L. delbrueckii,GCF_021600365.1,0,Mn_transport,ff5ae59a98c602b54710295c1571710f5c0c1334f7cd81b22d40bb13cae3a266,38.7,89.3,2.07e-62,210.0,1,multiquery_tblastn_querybound_v2
L. delbrueckii,GCF_021600365.1,0,Nox,0be76acff1d03cb855968387feff33880e4c3c30ed1611188ef85f90e382e156,25.8,29.1,1.67e-07,50.1,0,multiquery_tblastn_querybound_v2
L. delbrueckii,GCF_021600365.1,0,uvrA,b0bcfe00dfb0394c9234e3dcf06b31ecf3af510d8088a7f5dc7995e3a99296ab,38.1,89.7,8.81e-132,429.0,1,multiquery_tblastn_querybound_v2
L. delbrueckii,GCF_021600365.1,0,uvrB,cd8ce439e5e0773e71067145054051d9edbb607ab99279e3a07771507195a791,71.0,99.9,0.0,1001.0,1,multiquery_tblastn_querybound_v2
L. delbrueckii,GCF_021600365.1,0,uvrC,49100507bfe018392aeabafe6aa1bad5f4d9331d8f417710122cd12e8d8cb58a,63.3,99.7,0.0,791.0,1,multiquery_tblastn_querybound_v2
L. delbrueckii,GCF_021600365.1,0,Spx,717b1d41af9f6ee3ec2e96fbd79d0bbb24c7955a45d5081a57840687e0d30263,44.0,93.3,5.29e-34,120.0,1,multiquery_tblastn_querybound_v2
L. delbrueckii,GCF_021600365.1,0,MgsR,3f9152ce3c4d05b93bcfbcd9968de0bd1b286a653cbfb49fe6c7a6b5b9c4da61,99.2,100.0,1.95e-77,244.0,1,multiquery_tblastn_querybound_v2
L. delbrueckii,GCF_021600365.1,0,SOD,43b2482586b259b2094193668820b0e2bb48c0b143f24850c45438bea0ec8a30,,,,,0,multiquery_tblastn_querybound_v2
L. delbrueckii,GCF_021600385.1,0,PerR,8b73744d28b23856a888a836fd88bb6452ffb6a653a9aabeba0ddaa87163b59e,,,,,0,multiquery_tblastn_querybound_v2
L. delbrueckii,GCF_021600385.1,0,OhrR,a8c02a2a7527017769dfb24fc5e536ef983c8fa5fc340c4a1ca2074c042b924a,,,,,0,multiquery_tblastn_querybound_v2
L. delbrueckii,GCF_021600385.1,0,Catalase,00de8f6e7f0bdd780f17ea79cfa1eaaf60798fe947a8078a9dfdcb607a5458d2,,,,,0,multiquery_tblastn_querybound_v2
L. delbrueckii,GCF_021600385.1,0,Fur,,,,,,0,multiquery_tblastn_querybound_v2
L. delbrueckii,GCF_021600385.1,0,Rex,b7b8248dc4b68951cd31396901a7201544fe9d4a7c82b64968cc3cd1a7ae17d8,36.9,98.2,2.35e-30,114.0,1,multiquery_tblastn_querybound_v2
L. delbrueckii,GCF_021600385.1,0,RecA,38695d4d1e9418e3bf4ace59f20c27f83ddbd49933aabbe417390bf8640363d1,100.0,88.9,0.0,568.0,1,multiquery_tblastn_querybound_v2
L. delbrueckii,GCF_021600385.1,0,Mn_transport,ff5ae59a98c602b54710295c1571710f5c0c1334f7cd81b22d40bb13cae3a266,38.3,89.3,1.38e-61,207.0,1,multiquery_tblastn_querybound_v2
L. delbrueckii,GCF_021600385.1,0,Nox,0be76acff1d03cb855968387feff33880e4c3c30ed1611188ef85f90e382e156,25.0,29.1,3.15e-07,49.3,0,multiquery_tblastn_querybound_v2
L. delbrueckii,GCF_021600385.1,0,uvrA,b0bcfe00dfb0394c9234e3dcf06b31ecf3af510d8088a7f5dc7995e3a99296ab,37.7,89.7,4.35e-130,424.0,1,multiquery_tblastn_querybound_v2
L. delbrueckii,GCF_021600385.1,0,uvrB,cd8ce439e5e0773e71067145054051d9edbb607ab99279e3a07771507195a791,71.3,99.9,0.0,1004.0,1,multiquery_tblastn_querybound_v2
L. delbrueckii,GCF_021600385.1,0,uvrC,49100507bfe018392aeabafe6aa1bad5f4d9331d8f417710122cd12e8d8cb58a,63.0,99.7,0.0,786.0,1,multiquery_tblastn_querybound_v2
L. delbrueckii,GCF_021600385.1,0,Spx,717b1d41af9f6ee3ec2e96fbd79d0bbb24c7955a45d5081a57840687e0d30263,44.0,93.3,5.46e-34,120.0,1,multiquery_tblastn_querybound_v2
L. delbrueckii,GCF_021600385.1,0,MgsR,3f9152ce3c4d05b93bcfbcd9968de0bd1b286a653cbfb49fe6c7a6b5b9c4da61,99.2,100.0,1.74e-77,244.0,1,multiquery_tblastn_querybound_v2
L. delbrueckii,GCF_021600385.1,0,SOD,43b2482586b259b2094193668820b0e2bb48c0b143f24850c45438bea0ec8a30,,,,,0,multiquery_tblastn_querybound_v2
L. delbrueckii,GCF_021600405.1,0,PerR,8b73744d28b23856a888a836fd88bb6452ffb6a653a9aabeba0ddaa87163b59e,,,,,0,multiquery_tblastn_querybound_v2
L. delbrueckii,GCF_021600405.1,0,OhrR,a8c02a2a7527017769dfb24fc5e536ef983c8fa5fc340c4a1ca2074c042b924a,,,,,0,multiquery_tblastn_querybound_v2
L. delbrueckii,GCF_021600405.1,0,Catalase,00de8f6e7f0bdd780f17ea79cfa1eaaf60798fe947a8078a9dfdcb607a5458d2,,,,,0,multiquery_tblastn_querybound_v2
L. delbrueckii,GCF_021600405.1,0,Fur,,,,,,0,multiquery_tblastn_querybound_v2
L. delbrueckii,GCF_021600405.1,0,Rex,b7b8248dc4b68951cd31396901a7201544fe9d4a7c82b64968cc3cd1a7ae17d8,36.9,98.2,2.29e-30,114.0,1,multiquery_tblastn_querybound_v2
L. delbrueckii,GCF_021600405.1,0,RecA,38695d4d1e9418e3bf4ace59f20c27f83ddbd49933aabbe417390bf8640363d1,100.0,88.9,0.0,568.0,1,multiquery_tblastn_querybound_v2
L. delbrueckii,GCF_021600405.1,0,Mn_transport,ff5ae59a98c602b54710295c1571710f5c0c1334f7cd81b22d40bb13cae3a266,38.3,89.3,1.14e-61,208.0,1,multiquery_tblastn_querybound_v2
L. delbrueckii,GCF_021600405.1,0,Nox,0be76acff1d03cb855968387feff33880e4c3c30ed1611188ef85f90e382e156,25.0,29.1,4.8e-07,48.5,0,multiquery_tblastn_querybound_v2
L. delbrueckii,GCF_021600405.1,0,uvrA,b0bcfe00dfb0394c9234e3dcf06b31ecf3af510d8088a7f5dc7995e3a99296ab,37.8,89.7,1.56e-130,425.0,1,multiquery_tblastn_querybound_v2
L. delbrueckii,GCF_021600405.1,0,uvrB,cd8ce439e5e0773e71067145054051d9edbb607ab99279e3a07771507195a791,71.2,99.9,0.0,1003.0,1,multiquery_tblastn_querybound_v2
L. delbrueckii,GCF_021600405.1,0,uvrC,49100507bfe018392aeabafe6aa1bad5f4d9331d8f417710122cd12e8d8cb58a,63.0,99.7,0.0,786.0,1,multiquery_tblastn_querybound_v2
L. delbrueckii,GCF_021600405.1,0,Spx,717b1d41af9f6ee3ec2e96fbd79d0bbb24c7955a45d5081a57840687e0d30263,44.0,93.3,5.19e-34,120.0,1,multiquery_tblastn_querybound_v2
L. delbrueckii,GCF_021600405.1,0,MgsR,3f9152ce3c4d05b93bcfbcd9968de0bd1b286a653cbfb49fe6c7a6b5b9c4da61,100.0,100.0,3.33e-78,246.0,1,multiquery_tblastn_querybound_v2
L. delbrueckii,GCF_021600405.1,0,SOD,43b2482586b259b2094193668820b0e2bb48c0b143f24850c45438bea0ec8a30,,,,,0,multiquery_tblastn_querybound_v2
L. delbrueckii,GCF_021600425.1,0,PerR,8b73744d28b23856a888a836fd88bb6452ffb6a653a9aabeba0ddaa87163b59e,,,,,0,multiquery_tblastn_querybound_v2
L. delbrueckii,GCF_021600425.1,0,OhrR,a8c02a2a7527017769dfb24fc5e536ef983c8fa5fc340c4a1ca2074c042b924a,,,,,0,multiquery_tblastn_querybound_v2
L. delbrueckii,GCF_021600425.1,0,Catalase,00de8f6e7f0bdd780f17ea79cfa1eaaf60798fe947a8078a9dfdcb607a5458d2,,,,,0,multiquery_tblastn_querybound_v2
L. delbrueckii,GCF_021600425.1,0,Fur,,,,,,0,multiquery_tblastn_querybound_v2
L. delbrueckii,GCF_021600425.1,0,Rex,b7b8248dc4b68951cd31396901a7201544fe9d4a7c82b64968cc3cd1a7ae17d8,36.9,98.2,2.22e-30,114.0,1,multiquery_tblastn_querybound_v2
L. delbrueckii,GCF_021600425.1,0,RecA,38695d4d1e9418e3bf4ace59f20c27f83ddbd49933aabbe417390bf8640363d1,100.0,88.9,0.0,568.0,1,multiquery_tblastn_querybound_v2
L. delbrueckii,GCF_021600425.1,0,Mn_transport,ff5ae59a98c602b54710295c1571710f5c0c1334f7cd81b22d40bb13cae3a266,38.3,89.3,1.32e-61,207.0,1,multiquery_tblastn_querybound_v2
L. delbrueckii,GCF_021600425.1,0,Nox,0be76acff1d03cb855968387feff33880e4c3c30ed1611188ef85f90e382e156,25.0,29.1,4.85e-07,48.5,0,multiquery_tblastn_querybound_v2
L. delbrueckii,GCF_021600425.1,0,uvrA,b0bcfe00dfb0394c9234e3dcf06b31ecf3af510d8088a7f5dc7995e3a99296ab,37.7,89.7,6.46e-131,424.0,1,multiquery_tblastn_querybound_v2
L. delbrueckii,GCF_021600425.1,0,uvrB,cd8ce439e5e0773e71067145054051d9edbb607ab99279e3a07771507195a791,71.2,99.9,0.0,1004.0,1,multiquery_tblastn_querybound_v2
L. delbrueckii,GCF_021600425.1,0,uvrC,49100507bfe018392aeabafe6aa1bad5f4d9331d8f417710122cd12e8d8cb58a,63.0,99.7,0.0,786.0,1,multiquery_tblastn_querybound_v2
L. delbrueckii,GCF_021600425.1,0,Spx,717b1d41af9f6ee3ec2e96fbd79d0bbb24c7955a45d5081a57840687e0d30263,44.0,93.3,5.21e-34,120.0,1,multiquery_tblastn_querybound_v2
L. delbrueckii,GCF_021600425.1,0,MgsR,3f9152ce3c4d05b93bcfbcd9968de0bd1b286a653cbfb49fe6c7a6b5b9c4da61,100.0,100.0,3.26e-78,246.0,1,multiquery_tblastn_querybound_v2
L. delbrueckii,GCF_021600425.1,0,SOD,43b2482586b259b2094193668820b0e2bb48c0b143f24850c45438bea0ec8a30,,,,,0,multiquery_tblastn_querybound_v2
L. delbrueckii,GCF_021600445.1,0,PerR,8b73744d28b23856a888a836fd88bb6452ffb6a653a9aabeba0ddaa87163b59e,,,,,0,multiquery_tblastn_querybound_v2
L. delbrueckii,GCF_021600445.1,0,OhrR,a8c02a2a7527017769dfb24fc5e536ef983c8fa5fc340c4a1ca2074c042b924a,,,,,0,multiquery_tblastn_querybound_v2
L. delbrueckii,GCF_021600445.1,0,Catalase,00de8f6e7f0bdd780f17ea79cfa1eaaf60798fe947a8078a9dfdcb607a5458d2,,,,,0,multiquery_tblastn_querybound_v2
L. delbrueckii,GCF_021600445.1,0,Fur,,,,,,0,multiquery_tblastn_querybound_v2
L. delbrueckii,GCF_021600445.1,0,Rex,b7b8248dc4b68951cd31396901a7201544fe9d4a7c82b64968cc3cd1a7ae17d8,36.4,98.2,7.94e-28,107.0,1,multiquery_tblastn_querybound_v2
L. delbrueckii,GCF_021600445.1,0,RecA,38695d4d1e9418e3bf4ace59f20c27f83ddbd49933aabbe417390bf8640363d1,99.4,88.9,0.0,565.0,1,multiquery_tblastn_querybound_v2
L. delbrueckii,GCF_021600445.1,0,Mn_transport,ff5ae59a98c602b54710295c1571710f5c0c1334f7cd81b22d40bb13cae3a266,38.7,89.3,1.72e-62,210.0,1,multiquery_tblastn_querybound_v2
L. delbrueckii,GCF_021600445.1,0,Nox,0be76acff1d03cb855968387feff33880e4c3c30ed1611188ef85f90e382e156,25.0,29.1,5.57e-07,48.5,0,multiquery_tblastn_querybound_v2
L. delbrueckii,GCF_021600445.1,0,uvrA,b0bcfe00dfb0394c9234e3dcf06b31ecf3af510d8088a7f5dc7995e3a99296ab,37.8,89.7,5.73e-131,426.0,1,multiquery_tblastn_querybound_v2
L. delbrueckii,GCF_021600445.1,0,uvrB,cd8ce439e5e0773e71067145054051d9edbb607ab99279e3a07771507195a791,71.3,99.9,0.0,1005.0,1,multiquery_tblastn_querybound_v2
L. delbrueckii,GCF_021600445.1,0,uvrC,49100507bfe018392aeabafe6aa1bad5f4d9331d8f417710122cd12e8d8cb58a,63.3,99.7,0.0,792.0,1,multiquery_tblastn_querybound_v2
L. delbrueckii,GCF_021600445.1,0,Spx,717b1d41af9f6ee3ec2e96fbd79d0bbb24c7955a45d5081a57840687e0d30263,44.0,93.3,5.54e-34,120.0,1,multiquery_tblastn_querybound_v2
L. delbrueckii,GCF_021600445.1,0,MgsR,3f9152ce3c4d05b93bcfbcd9968de0bd1b286a653cbfb49fe6c7a6b5b9c4da61,98.3,100.0,1.71e-76,241.0,1,multiquery_tblastn_querybound_v2
L. delbrueckii,GCF_021600445.1,0,SOD,43b2482586b259b2094193668820b0e2bb48c0b143f24850c45438bea0ec8a30,,,,,0,multiquery_tblastn_querybound_v2
L. delbrueckii,GCF_021600465.1,0,PerR,8b73744d28b23856a888a836fd88bb6452ffb6a653a9aabeba0ddaa87163b59e,,,,,0,multiquery_tblastn_querybound_v2
L. delbrueckii,GCF_021600465.1,0,OhrR,a8c02a2a7527017769dfb24fc5e536ef983c8fa5fc340c4a1ca2074c042b924a,,,,,0,multiquery_tblastn_querybound_v2
L. delbrueckii,GCF_021600465.1,0,Catalase,00de8f6e7f0bdd780f17ea79cfa1eaaf60798fe947a8078a9dfdcb607a5458d2,,,,,0,multiquery_tblastn_querybound_v2
L. delbrueckii,GCF_021600465.1,0,Fur,,,,,,0,multiquery_tblastn_querybound_v2
L. delbrueckii,GCF_021600465.1,0,Rex,b7b8248dc4b68951cd31396901a7201544fe9d4a7c82b64968cc3cd1a7ae17d8,36.9,98.2,2.29e-30,114.0,1,multiquery_tblastn_querybound_v2
L. delbrueckii,GCF_021600465.1,0,RecA,38695d4d1e9418e3bf4ace59f20c27f83ddbd49933aabbe417390bf8640363d1,100.0,88.9,0.0,568.0,1,multiquery_tblastn_querybound_v2
L. delbrueckii,GCF_021600465.1,0,Mn_transport,ff5ae59a98c602b54710295c1571710f5c0c1334f7cd81b22d40bb13cae3a266,37.6,89.3,7.25e-61,206.0,1,multiquery_tblastn_querybound_v2
L. delbrueckii,GCF_021600465.1,0,Nox,0be76acff1d03cb855968387feff33880e4c3c30ed1611188ef85f90e382e156,32.7,99.8,2.73e-73,247.0,0,multiquery_tblastn_querybound_v2
L. delbrueckii,GCF_021600465.1,0,uvrA,b0bcfe00dfb0394c9234e3dcf06b31ecf3af510d8088a7f5dc7995e3a99296ab,38.0,89.7,3.75e-131,427.0,1,multiquery_tblastn_querybound_v2
L. delbrueckii,GCF_021600465.1,0,uvrB,cd8ce439e5e0773e71067145054051d9edbb607ab99279e3a07771507195a791,71.3,99.9,0.0,1008.0,1,multiquery_tblastn_querybound_v2
L. delbrueckii,GCF_021600465.1,0,uvrC,49100507bfe018392aeabafe6aa1bad5f4d9331d8f417710122cd12e8d8cb58a,62.8,99.7,0.0,784.0,1,multiquery_tblastn_querybound_v2
L. delbrueckii,GCF_021600465.1,0,Spx,717b1d41af9f6ee3ec2e96fbd79d0bbb24c7955a45d5081a57840687e0d30263,44.0,93.3,5.34e-34,120.0,1,multiquery_tblastn_querybound_v2
L. delbrueckii,GCF_021600465.1,0,MgsR,3f9152ce3c4d05b93bcfbcd9968de0bd1b286a653cbfb49fe6c7a6b5b9c4da61,100.0,100.0,3.33e-78,246.0,1,multiquery_tblastn_querybound_v2
L. delbrueckii,GCF_021600465.1,0,SOD,43b2482586b259b2094193668820b0e2bb48c0b143f24850c45438bea0ec8a30,,,,,0,multiquery_tblastn_querybound_v2
L. delbrueckii,GCF_021600485.1,0,PerR,8b73744d28b23856a888a836fd88bb6452ffb6a653a9aabeba0ddaa87163b59e,,,,,0,multiquery_tblastn_querybound_v2
L. delbrueckii,GCF_021600485.1,0,OhrR,a8c02a2a7527017769dfb24fc5e536ef983c8fa5fc340c4a1ca2074c042b924a,,,,,0,multiquery_tblastn_querybound_v2
L. delbrueckii,GCF_021600485.1,0,Catalase,00de8f6e7f0bdd780f17ea79cfa1eaaf60798fe947a8078a9dfdcb607a5458d2,,,,,0,multiquery_tblastn_querybound_v2
L. delbrueckii,GCF_021600485.1,0,Fur,,,,,,0,multiquery_tblastn_querybound_v2
L. delbrueckii,GCF_021600485.1,0,Rex,b7b8248dc4b68951cd31396901a7201544fe9d4a7c82b64968cc3cd1a7ae17d8,36.9,98.2,2.3e-30,114.0,1,multiquery_tblastn_querybound_v2
L. delbrueckii,GCF_021600485.1,0,RecA,38695d4d1e9418e3bf4ace59f20c27f83ddbd49933aabbe417390bf8640363d1,100.0,88.9,0.0,568.0,1,multiquery_tblastn_querybound_v2
L. delbrueckii,GCF_021600485.1,0,Mn_transport,ff5ae59a98c602b54710295c1571710f5c0c1334f7cd81b22d40bb13cae3a266,38.3,89.3,1.39e-61,207.0,1,multiquery_tblastn_querybound_v2
L. delbrueckii,GCF_021600485.1,0,Nox,0be76acff1d03cb855968387feff33880e4c3c30ed1611188ef85f90e382e156,32.7,99.8,6.65e-73,246.0,0,multiquery_tblastn_querybound_v2
L. delbrueckii,GCF_021600485.1,0,uvrA,b0bcfe00dfb0394c9234e3dcf06b31ecf3af510d8088a7f5dc7995e3a99296ab,37.8,89.7,1.57e-130,425.0,1,multiquery_tblastn_querybound_v2
L. delbrueckii,GCF_021600485.1,0,uvrB,cd8ce439e5e0773e71067145054051d9edbb607ab99279e3a07771507195a791,71.2,99.9,0.0,1003.0,1,multiquery_tblastn_querybound_v2
L. delbrueckii,GCF_021600485.1,0,uvrC,49100507bfe018392aeabafe6aa1bad5f4d9331d8f417710122cd12e8d8cb58a,62.8,99.7,0.0,784.0,1,multiquery_tblastn_querybound_v2
L. delbrueckii,GCF_021600485.1,0,Spx,717b1d41af9f6ee3ec2e96fbd79d0bbb24c7955a45d5081a57840687e0d30263,44.0,93.3,5.34e-34,120.0,1,multiquery_tblastn_querybound_v2
L. delbrueckii,GCF_021600485.1,0,MgsR,3f9152ce3c4d05b93bcfbcd9968de0bd1b286a653cbfb49fe6c7a6b5b9c4da61,100.0,100.0,3.35e-78,246.0,1,multiquery_tblastn_querybound_v2
L. delbrueckii,GCF_021600485.1,0,SOD,43b2482586b259b2094193668820b0e2bb48c0b143f24850c45438bea0ec8a30,,,,,0,multiquery_tblastn_querybound_v2
L. delbrueckii,GCF_021600505.1,0,PerR,8b73744d28b23856a888a836fd88bb6452ffb6a653a9aabeba0ddaa87163b59e,,,,,0,multiquery_tblastn_querybound_v2
L. delbrueckii,GCF_021600505.1,0,OhrR,a8c02a2a7527017769dfb24fc5e536ef983c8fa5fc340c4a1ca2074c042b924a,,,,,0,multiquery_tblastn_querybound_v2
L. delbrueckii,GCF_021600505.1,0,Catalase,00de8f6e7f0bdd780f17ea79cfa1eaaf60798fe947a8078a9dfdcb607a5458d2,,,,,0,multiquery_tblastn_querybound_v2
L. delbrueckii,GCF_021600505.1,0,Fur,,,,,,0,multiquery_tblastn_querybound_v2
L. delbrueckii,GCF_021600505.1,0,Rex,b7b8248dc4b68951cd31396901a7201544fe9d4a7c82b64968cc3cd1a7ae17d8,36.9,98.2,2.56e-30,114.0,1,multiquery_tblastn_querybound_v2
L. delbrueckii,GCF_021600505.1,0,RecA,38695d4d1e9418e3bf4ace59f20c27f83ddbd49933aabbe417390bf8640363d1,99.7,88.9,0.0,566.0,1,multiquery_tblastn_querybound_v2
L. delbrueckii,GCF_021600505.1,0,Mn_transport,ff5ae59a98c602b54710295c1571710f5c0c1334f7cd81b22d40bb13cae3a266,38.0,89.3,2.12e-60,204.0,1,multiquery_tblastn_querybound_v2
L. delbrueckii,GCF_021600505.1,0,Nox,0be76acff1d03cb855968387feff33880e4c3c30ed1611188ef85f90e382e156,25.0,29.1,7.29e-07,47.8,0,multiquery_tblastn_querybound_v2
L. delbrueckii,GCF_021600505.1,0,uvrA,b0bcfe00dfb0394c9234e3dcf06b31ecf3af510d8088a7f5dc7995e3a99296ab,37.7,89.7,1.84e-130,425.0,1,multiquery_tblastn_querybound_v2
L. delbrueckii,GCF_021600505.1,0,uvrB,cd8ce439e5e0773e71067145054051d9edbb607ab99279e3a07771507195a791,71.5,99.9,0.0,1005.0,1,multiquery_tblastn_querybound_v2
L. delbrueckii,GCF_021600505.1,0,uvrC,49100507bfe018392aeabafe6aa1bad5f4d9331d8f417710122cd12e8d8cb58a,63.5,99.7,0.0,791.0,1,multiquery_tblastn_querybound_v2
L. delbrueckii,GCF_021600505.1,0,Spx,717b1d41af9f6ee3ec2e96fbd79d0bbb24c7955a45d5081a57840687e0d30263,44.0,93.3,6.11e-34,120.0,1,multiquery_tblastn_querybound_v2
L. delbrueckii,GCF_021600505.1,0,MgsR,3f9152ce3c4d05b93bcfbcd9968de0bd1b286a653cbfb49fe6c7a6b5b9c4da61,100.0,100.0,3.13e-78,246.0,1,multiquery_tblastn_querybound_v2
L. delbrueckii,GCF_021600505.1,0,SOD,43b2482586b259b2094193668820b0e2bb48c0b143f24850c45438bea0ec8a30,,,,,0,multiquery_tblastn_querybound_v2
L. delbrueckii,GCF_021600525.1,0,PerR,8b73744d28b23856a888a836fd88bb6452ffb6a653a9aabeba0ddaa87163b59e,,,,,0,multiquery_tblastn_querybound_v2
L. delbrueckii,GCF_021600525.1,0,OhrR,a8c02a2a7527017769dfb24fc5e536ef983c8fa5fc340c4a1ca2074c042b924a,,,,,0,multiquery_tblastn_querybound_v2
L. delbrueckii,GCF_021600525.1,0,Catalase,00de8f6e7f0bdd780f17ea79cfa1eaaf60798fe947a8078a9dfdcb607a5458d2,,,,,0,multiquery_tblastn_querybound_v2
L. delbrueckii,GCF_021600525.1,0,Fur,,,,,,0,multiquery_tblastn_querybound_v2
L. delbrueckii,GCF_021600525.1,0,Rex,b7b8248dc4b68951cd31396901a7201544fe9d4a7c82b64968cc3cd1a7ae17d8,36.4,98.2,8.13e-28,107.0,1,multiquery_tblastn_querybound_v2
L. delbrueckii,GCF_021600525.1,0,RecA,38695d4d1e9418e3bf4ace59f20c27f83ddbd49933aabbe417390bf8640363d1,99.4,88.9,0.0,565.0,1,multiquery_tblastn_querybound_v2
L. delbrueckii,GCF_021600525.1,0,Mn_transport,ff5ae59a98c602b54710295c1571710f5c0c1334f7cd81b22d40bb13cae3a266,38.7,89.3,1.76e-62,210.0,1,multiquery_tblastn_querybound_v2
L. delbrueckii,GCF_021600525.1,0,Nox,0be76acff1d03cb855968387feff33880e4c3c30ed1611188ef85f90e382e156,25.0,29.1,5.72e-07,48.5,0,multiquery_tblastn_querybound_v2
L. delbrueckii,GCF_021600525.1,0,uvrA,b0bcfe00dfb0394c9234e3dcf06b31ecf3af510d8088a7f5dc7995e3a99296ab,37.8,89.7,5.29e-131,426.0,1,multiquery_tblastn_querybound_v2
L. delbrueckii,GCF_021600525.1,0,uvrB,cd8ce439e5e0773e71067145054051d9edbb607ab99279e3a07771507195a791,71.3,99.9,0.0,1005.0,1,multiquery_tblastn_querybound_v2
L. delbrueckii,GCF_021600525.1,0,uvrC,49100507bfe018392aeabafe6aa1bad5f4d9331d8f417710122cd12e8d8cb58a,63.3,99.7,0.0,792.0,1,multiquery_tblastn_querybound_v2
L. delbrueckii,GCF_021600525.1,0,Spx,717b1d41af9f6ee3ec2e96fbd79d0bbb24c7955a45d5081a57840687e0d30263,44.0,93.3,5.67e-34,120.0,1,multiquery_tblastn_querybound_v2
L. delbrueckii,GCF_021600525.1,0,MgsR,3f9152ce3c4d05b93bcfbcd9968de0bd1b286a653cbfb49fe6c7a6b5b9c4da61,98.3,100.0,1.76e-76,241.0,1,multiquery_tblastn_querybound_v2
L. delbrueckii,GCF_021600525.1,0,SOD,43b2482586b259b2094193668820b0e2bb48c0b143f24850c45438bea0ec8a30,,,,,0,multiquery_tblastn_querybound_v2
L. delbrueckii,GCF_021600545.1,0,PerR,8b73744d28b23856a888a836fd88bb6452ffb6a653a9aabeba0ddaa87163b59e,,,,,0,multiquery_tblastn_querybound_v2
L. delbrueckii,GCF_021600545.1,0,OhrR,a8c02a2a7527017769dfb24fc5e536ef983c8fa5fc340c4a1ca2074c042b924a,,,,,0,multiquery_tblastn_querybound_v2
L. delbrueckii,GCF_021600545.1,0,Catalase,00de8f6e7f0bdd780f17ea79cfa1eaaf60798fe947a8078a9dfdcb607a5458d2,,,,,0,multiquery_tblastn_querybound_v2
L. delbrueckii,GCF_021600545.1,0,Fur,,,,,,0,multiquery_tblastn_querybound_v2
L. delbrueckii,GCF_021600545.1,0,Rex,b7b8248dc4b68951cd31396901a7201544fe9d4a7c82b64968cc3cd1a7ae17d8,36.9,98.2,2.23e-30,114.0,1,multiquery_tblastn_querybound_v2
L. delbrueckii,GCF_021600545.1,0,RecA,38695d4d1e9418e3bf4ace59f20c27f83ddbd49933aabbe417390bf8640363d1,100.0,88.9,0.0,568.0,1,multiquery_tblastn_querybound_v2
L. delbrueckii,GCF_021600545.1,0,Mn_transport,ff5ae59a98c602b54710295c1571710f5c0c1334f7cd81b22d40bb13cae3a266,38.3,89.3,2.26e-61,207.0,1,multiquery_tblastn_querybound_v2
L. delbrueckii,GCF_021600545.1,0,Nox,0be76acff1d03cb855968387feff33880e4c3c30ed1611188ef85f90e382e156,25.0,29.1,9.29e-07,47.8,0,multiquery_tblastn_querybound_v2
L. delbrueckii,GCF_021600545.1,0,uvrA,b0bcfe00dfb0394c9234e3dcf06b31ecf3af510d8088a7f5dc7995e3a99296ab,38.0,89.7,3.68e-131,427.0,1,multiquery_tblastn_querybound_v2
L. delbrueckii,GCF_021600545.1,0,uvrB,cd8ce439e5e0773e71067145054051d9edbb607ab99279e3a07771507195a791,71.3,99.9,0.0,1008.0,1,multiquery_tblastn_querybound_v2
L. delbrueckii,GCF_021600545.1,0,uvrC,49100507bfe018392aeabafe6aa1bad5f4d9331d8f417710122cd12e8d8cb58a,62.8,99.7,0.0,785.0,1,multiquery_tblastn_querybound_v2
L. delbrueckii,GCF_021600545.1,0,Spx,717b1d41af9f6ee3ec2e96fbd79d0bbb24c7955a45d5081a57840687e0d30263,44.0,93.3,5.21e-34,120.0,1,multiquery_tblastn_querybound_v2
L. delbrueckii,GCF_021600545.1,0,MgsR,3f9152ce3c4d05b93bcfbcd9968de0bd1b286a653cbfb49fe6c7a6b5b9c4da61,100.0,100.0,3.24e-78,246.0,1,multiquery_tblastn_querybound_v2
L. delbrueckii,GCF_021600545.1,0,SOD,43b2482586b259b2094193668820b0e2bb48c0b143f24850c45438bea0ec8a30,,,,,0,multiquery_tblastn_querybound_v2
L. delbrueckii,GCF_021600565.1,0,PerR,8b73744d28b23856a888a836fd88bb6452ffb6a653a9aabeba0ddaa87163b59e,,,,,0,multiquery_tblastn_querybound_v2
L. delbrueckii,GCF_021600565.1,0,OhrR,a8c02a2a7527017769dfb24fc5e536ef983c8fa5fc340c4a1ca2074c042b924a,,,,,0,multiquery_tblastn_querybound_v2
L. delbrueckii,GCF_021600565.1,0,Catalase,00de8f6e7f0bdd780f17ea79cfa1eaaf60798fe947a8078a9dfdcb607a5458d2,,,,,0,multiquery_tblastn_querybound_v2
L. delbrueckii,GCF_021600565.1,0,Fur,,,,,,0,multiquery_tblastn_querybound_v2
L. delbrueckii,GCF_021600565.1,0,Rex,b7b8248dc4b68951cd31396901a7201544fe9d4a7c82b64968cc3cd1a7ae17d8,36.9,98.2,2.21e-30,114.0,1,multiquery_tblastn_querybound_v2
L. delbrueckii,GCF_021600565.1,0,RecA,38695d4d1e9418e3bf4ace59f20c27f83ddbd49933aabbe417390bf8640363d1,100.0,88.9,0.0,568.0,1,multiquery_tblastn_querybound_v2
L. delbrueckii,GCF_021600565.1,0,Mn_transport,ff5ae59a98c602b54710295c1571710f5c0c1334f7cd81b22d40bb13cae3a266,38.7,89.3,7.77e-62,208.0,1,multiquery_tblastn_querybound_v2
L. delbrueckii,GCF_021600565.1,0,Nox,0be76acff1d03cb855968387feff33880e4c3c30ed1611188ef85f90e382e156,32.7,99.8,3.11e-73,247.0,0,multiquery_tblastn_querybound_v2
L. delbrueckii,GCF_021600565.1,0,uvrA,b0bcfe00dfb0394c9234e3dcf06b31ecf3af510d8088a7f5dc7995e3a99296ab,37.7,89.7,5.06e-130,423.0,1,multiquery_tblastn_querybound_v2
L. delbrueckii,GCF_021600565.1,0,uvrB,cd8ce439e5e0773e71067145054051d9edbb607ab99279e3a07771507195a791,71.3,99.9,0.0,1005.0,1,multiquery_tblastn_querybound_v2
L. delbrueckii,GCF_021600565.1,0,uvrC,49100507bfe018392aeabafe6aa1bad5f4d9331d8f417710122cd12e8d8cb58a,63.2,99.7,0.0,787.0,1,multiquery_tblastn_querybound_v2
L. delbrueckii,GCF_021600565.1,0,Spx,717b1d41af9f6ee3ec2e96fbd79d0bbb24c7955a45d5081a57840687e0d30263,44.0,93.3,5.17e-34,120.0,1,multiquery_tblastn_querybound_v2
L. delbrueckii,GCF_021600565.1,0,MgsR,3f9152ce3c4d05b93bcfbcd9968de0bd1b286a653cbfb49fe6c7a6b5b9c4da61,99.2,100.0,1.54e-77,244.0,1,multiquery_tblastn_querybound_v2
L. delbrueckii,GCF_021600565.1,0,SOD,43b2482586b259b2094193668820b0e2bb48c0b143f24850c45438bea0ec8a30,,,,,0,multiquery_tblastn_querybound_v2
L. delbrueckii,GCF_021600585.1,0,PerR,8b73744d28b23856a888a836fd88bb6452ffb6a653a9aabeba0ddaa87163b59e,,,,,0,multiquery_tblastn_querybound_v2
L. delbrueckii,GCF_021600585.1,0,OhrR,a8c02a2a7527017769dfb24fc5e536ef983c8fa5fc340c4a1ca2074c042b924a,,,,,0,multiquery_tblastn_querybound_v2
L. delbrueckii,GCF_021600585.1,0,Catalase,00de8f6e7f0bdd780f17ea79cfa1eaaf60798fe947a8078a9dfdcb607a5458d2,,,,,0,multiquery_tblastn_querybound_v2
L. delbrueckii,GCF_021600585.1,0,Fur,,,,,,0,multiquery_tblastn_querybound_v2
L. delbrueckii,GCF_021600585.1,0,Rex,b7b8248dc4b68951cd31396901a7201544fe9d4a7c82b64968cc3cd1a7ae17d8,36.9,98.2,2.3e-30,114.0,1,multiquery_tblastn_querybound_v2
L. delbrueckii,GCF_021600585.1,0,RecA,38695d4d1e9418e3bf4ace59f20c27f83ddbd49933aabbe417390bf8640363d1,100.0,88.9,0.0,568.0,1,multiquery_tblastn_querybound_v2
L. delbrueckii,GCF_021600585.1,0,Mn_transport,ff5ae59a98c602b54710295c1571710f5c0c1334f7cd81b22d40bb13cae3a266,38.3,89.3,1.36e-61,207.0,1,multiquery_tblastn_querybound_v2
L. delbrueckii,GCF_021600585.1,0,Nox,0be76acff1d03cb855968387feff33880e4c3c30ed1611188ef85f90e382e156,25.0,29.1,1.46e-07,50.1,0,multiquery_tblastn_querybound_v2
L. delbrueckii,GCF_021600585.1,0,uvrA,b0bcfe00dfb0394c9234e3dcf06b31ecf3af510d8088a7f5dc7995e3a99296ab,38.0,89.7,1.67e-131,427.0,1,multiquery_tblastn_querybound_v2
L. delbrueckii,GCF_021600585.1,0,uvrB,cd8ce439e5e0773e71067145054051d9edbb607ab99279e3a07771507195a791,71.3,99.9,0.0,1004.0,1,multiquery_tblastn_querybound_v2
L. delbrueckii,GCF_021600585.1,0,uvrC,49100507bfe018392aeabafe6aa1bad5f4d9331d8f417710122cd12e8d8cb58a,64.8,53.3,2.95e-145,461.0,0,multiquery_tblastn_querybound_v2
L. delbrueckii,GCF_021600585.1,0,Spx,717b1d41af9f6ee3ec2e96fbd79d0bbb24c7955a45d5081a57840687e0d30263,44.0,93.3,5.36e-34,120.0,1,multiquery_tblastn_querybound_v2
L. delbrueckii,GCF_021600585.1,0,MgsR,3f9152ce3c4d05b93bcfbcd9968de0bd1b286a653cbfb49fe6c7a6b5b9c4da61,100.0,100.0,3.34e-78,246.0,1,multiquery_tblastn_querybound_v2
L. delbrueckii,GCF_021600585.1,0,SOD,43b2482586b259b2094193668820b0e2bb48c0b143f24850c45438bea0ec8a30,,,,,0,multiquery_tblastn_querybound_v2
L. delbrueckii,GCF_021600605.1,0,PerR,8b73744d28b23856a888a836fd88bb6452ffb6a653a9aabeba0ddaa87163b59e,,,,,0,multiquery_tblastn_querybound_v2
L. delbrueckii,GCF_021600605.1,0,OhrR,a8c02a2a7527017769dfb24fc5e536ef983c8fa5fc340c4a1ca2074c042b924a,,,,,0,multiquery_tblastn_querybound_v2
L. delbrueckii,GCF_021600605.1,0,Catalase,00de8f6e7f0bdd780f17ea79cfa1eaaf60798fe947a8078a9dfdcb607a5458d2,,,,,0,multiquery_tblastn_querybound_v2
L. delbrueckii,GCF_021600605.1,0,Fur,,,,,,0,multiquery_tblastn_querybound_v2
L. delbrueckii,GCF_021600605.1,0,Rex,b7b8248dc4b68951cd31396901a7201544fe9d4a7c82b64968cc3cd1a7ae17d8,36.9,98.2,2.29e-30,114.0,1,multiquery_tblastn_querybound_v2
L. delbrueckii,GCF_021600605.1,0,RecA,38695d4d1e9418e3bf4ace59f20c27f83ddbd49933aabbe417390bf8640363d1,100.0,88.9,0.0,568.0,1,multiquery_tblastn_querybound_v2
L. delbrueckii,GCF_021600605.1,0,Mn_transport,ff5ae59a98c602b54710295c1571710f5c0c1334f7cd81b22d40bb13cae3a266,38.3,89.3,1.39e-61,207.0,1,multiquery_tblastn_querybound_v2
L. delbrueckii,GCF_021600605.1,0,Nox,0be76acff1d03cb855968387feff33880e4c3c30ed1611188ef85f90e382e156,25.0,29.1,1.48e-07,50.1,0,multiquery_tblastn_querybound_v2
L. delbrueckii,GCF_021600605.1,0,uvrA,b0bcfe00dfb0394c9234e3dcf06b31ecf3af510d8088a7f5dc7995e3a99296ab,38.0,89.7,1.78e-131,427.0,1,multiquery_tblastn_querybound_v2
L. delbrueckii,GCF_021600605.1,0,uvrB,cd8ce439e5e0773e71067145054051d9edbb607ab99279e3a07771507195a791,71.3,99.9,0.0,1004.0,1,multiquery_tblastn_querybound_v2
L. delbrueckii,GCF_021600605.1,0,uvrC,49100507bfe018392aeabafe6aa1bad5f4d9331d8f417710122cd12e8d8cb58a,63.0,99.7,0.0,786.0,1,multiquery_tblastn_querybound_v2
L. delbrueckii,GCF_021600605.1,0,Spx,717b1d41af9f6ee3ec2e96fbd79d0bbb24c7955a45d5081a57840687e0d30263,44.0,93.3,5.35e-34,120.0,1,multiquery_tblastn_querybound_v2
L. delbrueckii,GCF_021600605.1,0,MgsR,3f9152ce3c4d05b93bcfbcd9968de0bd1b286a653cbfb49fe6c7a6b5b9c4da61,100.0,100.0,3.35e-78,246.0,1,multiquery_tblastn_querybound_v2
L. delbrueckii,GCF_021600605.1,0,SOD,43b2482586b259b2094193668820b0e2bb48c0b143f24850c45438bea0ec8a30,,,,,0,multiquery_tblastn_querybound_v2
L. delbrueckii,GCF_021600625.1,0,PerR,8b73744d28b23856a888a836fd88bb6452ffb6a653a9aabeba0ddaa87163b59e,,,,,0,multiquery_tblastn_querybound_v2
L. delbrueckii,GCF_021600625.1,0,OhrR,a8c02a2a7527017769dfb24fc5e536ef983c8fa5fc340c4a1ca2074c042b924a,,,,,0,multiquery_tblastn_querybound_v2
L. delbrueckii,GCF_021600625.1,0,Catalase,00de8f6e7f0bdd780f17ea79cfa1eaaf60798fe947a8078a9dfdcb607a5458d2,,,,,0,multiquery_tblastn_querybound_v2
L. delbrueckii,GCF_021600625.1,0,Fur,,,,,,0,multiquery_tblastn_querybound_v2
L. delbrueckii,GCF_021600625.1,0,Rex,b7b8248dc4b68951cd31396901a7201544fe9d4a7c82b64968cc3cd1a7ae17d8,36.9,98.2,2.31e-30,114.0,1,multiquery_tblastn_querybound_v2
L. delbrueckii,GCF_021600625.1,0,RecA,38695d4d1e9418e3bf4ace59f20c27f83ddbd49933aabbe417390bf8640363d1,100.0,88.9,0.0,568.0,1,multiquery_tblastn_querybound_v2
L. delbrueckii,GCF_021600625.1,0,Mn_transport,ff5ae59a98c602b54710295c1571710f5c0c1334f7cd81b22d40bb13cae3a266,38.3,89.3,1.39e-61,207.0,1,multiquery_tblastn_querybound_v2
L. delbrueckii,GCF_021600625.1,0,Nox,0be76acff1d03cb855968387feff33880e4c3c30ed1611188ef85f90e382e156,25.0,29.1,1.49e-07,50.1,0,multiquery_tblastn_querybound_v2
L. delbrueckii,GCF_021600625.1,0,uvrA,b0bcfe00dfb0394c9234e3dcf06b31ecf3af510d8088a7f5dc7995e3a99296ab,38.0,89.7,1.79e-131,427.0,1,multiquery_tblastn_querybound_v2
L. delbrueckii,GCF_021600625.1,0,uvrB,cd8ce439e5e0773e71067145054051d9edbb607ab99279e3a07771507195a791,71.3,99.9,0.0,1004.0,1,multiquery_tblastn_querybound_v2
L. delbrueckii,GCF_021600625.1,0,uvrC,49100507bfe018392aeabafe6aa1bad5f4d9331d8f417710122cd12e8d8cb58a,63.0,99.7,0.0,786.0,1,multiquery_tblastn_querybound_v2
L. delbrueckii,GCF_021600625.1,0,Spx,717b1d41af9f6ee3ec2e96fbd79d0bbb24c7955a45d5081a57840687e0d30263,44.0,93.3,5.38e-34,120.0,1,multiquery_tblastn_querybound_v2
L. delbrueckii,GCF_021600625.1,0,MgsR,3f9152ce3c4d05b93bcfbcd9968de0bd1b286a653cbfb49fe6c7a6b5b9c4da61,100.0,100.0,3.36e-78,246.0,1,multiquery_tblastn_querybound_v2
L. delbrueckii,GCF_021600625.1,0,SOD,43b2482586b259b2094193668820b0e2bb48c0b143f24850c45438bea0ec8a30,,,,,0,multiquery_tblastn_querybound_v2
L. delbrueckii,GCF_021600645.1,0,PerR,8b73744d28b23856a888a836fd88bb6452ffb6a653a9aabeba0ddaa87163b59e,,,,,0,multiquery_tblastn_querybound_v2
L. delbrueckii,GCF_021600645.1,0,OhrR,a8c02a2a7527017769dfb24fc5e536ef983c8fa5fc340c4a1ca2074c042b924a,,,,,0,multiquery_tblastn_querybound_v2
L. delbrueckii,GCF_021600645.1,0,Catalase,00de8f6e7f0bdd780f17ea79cfa1eaaf60798fe947a8078a9dfdcb607a5458d2,,,,,0,multiquery_tblastn_querybound_v2
L. delbrueckii,GCF_021600645.1,0,Fur,,,,,,0,multiquery_tblastn_querybound_v2
L. delbrueckii,GCF_021600645.1,0,Rex,b7b8248dc4b68951cd31396901a7201544fe9d4a7c82b64968cc3cd1a7ae17d8,36.9,98.2,4.34e-30,113.0,1,multiquery_tblastn_querybound_v2
L. delbrueckii,GCF_021600645.1,0,RecA,38695d4d1e9418e3bf4ace59f20c27f83ddbd49933aabbe417390bf8640363d1,100.0,88.9,0.0,568.0,1,multiquery_tblastn_querybound_v2
L. delbrueckii,GCF_021600645.1,0,Mn_transport,ff5ae59a98c602b54710295c1571710f5c0c1334f7cd81b22d40bb13cae3a266,38.3,89.3,1.41e-61,207.0,1,multiquery_tblastn_querybound_v2
L. delbrueckii,GCF_021600645.1,0,Nox,0be76acff1d03cb855968387feff33880e4c3c30ed1611188ef85f90e382e156,25.8,29.1,4.27e-08,52.0,0,multiquery_tblastn_querybound_v2
L. delbrueckii,GCF_021600645.1,0,uvrA,b0bcfe00dfb0394c9234e3dcf06b31ecf3af510d8088a7f5dc7995e3a99296ab,37.7,89.7,6.61e-131,426.0,1,multiquery_tblastn_querybound_v2
L. delbrueckii,GCF_021600645.1,0,uvrB,cd8ce439e5e0773e71067145054051d9edbb607ab99279e3a07771507195a791,71.3,99.9,0.0,1005.0,1,multiquery_tblastn_querybound_v2
L. delbrueckii,GCF_021600645.1,0,uvrC,49100507bfe018392aeabafe6aa1bad5f4d9331d8f417710122cd12e8d8cb58a,62.7,99.7,0.0,783.0,1,multiquery_tblastn_querybound_v2
L. delbrueckii,GCF_021600645.1,0,Spx,717b1d41af9f6ee3ec2e96fbd79d0bbb24c7955a45d5081a57840687e0d30263,44.0,93.3,7.07e-34,120.0,1,multiquery_tblastn_querybound_v2
L. delbrueckii,GCF_021600645.1,0,MgsR,3f9152ce3c4d05b93bcfbcd9968de0bd1b286a653cbfb49fe6c7a6b5b9c4da61,99.2,100.0,1.63e-77,244.0,1,multiquery_tblastn_querybound_v2
L. delbrueckii,GCF_021600645.1,0,SOD,43b2482586b259b2094193668820b0e2bb48c0b143f24850c45438bea0ec8a30,,,,,0,multiquery_tblastn_querybound_v2
L. delbrueckii,IAHAHI,1,PerR,8b73744d28b23856a888a836fd88bb6452ffb6a653a9aabeba0ddaa87163b59e,,,,,0,multiquery_tblastn_querybound_v2
L. delbrueckii,IAHAHI,1,OhrR,a8c02a2a7527017769dfb24fc5e536ef983c8fa5fc340c4a1ca2074c042b924a,,,,,0,multiquery_tblastn_querybound_v2
L. delbrueckii,IAHAHI,1,Catalase,00de8f6e7f0bdd780f17ea79cfa1eaaf60798fe947a8078a9dfdcb607a5458d2,,,,,0,multiquery_tblastn_querybound_v2
L. delbrueckii,IAHAHI,1,Fur,,,,,,0,multiquery_tblastn_querybound_v2
L. delbrueckii,IAHAHI,1,Rex,b7b8248dc4b68951cd31396901a7201544fe9d4a7c82b64968cc3cd1a7ae17d8,42.6,45.7,1.92e-22,86.7,0,multiquery_tblastn_querybound_v2
L. delbrueckii,IAHAHI,1,RecA,38695d4d1e9418e3bf4ace59f20c27f83ddbd49933aabbe417390bf8640363d1,99.4,88.9,0.0,565.0,1,multiquery_tblastn_querybound_v2
L. delbrueckii,IAHAHI,1,Mn_transport,ff5ae59a98c602b54710295c1571710f5c0c1334f7cd81b22d40bb13cae3a266,38.0,89.3,1.39e-59,202.0,1,multiquery_tblastn_querybound_v2
L. delbrueckii,IAHAHI,1,Nox,0be76acff1d03cb855968387feff33880e4c3c30ed1611188ef85f90e382e156,,,,,0,multiquery_tblastn_querybound_v2
L. delbrueckii,IAHAHI,1,uvrA,b0bcfe00dfb0394c9234e3dcf06b31ecf3af510d8088a7f5dc7995e3a99296ab,37.8,89.7,3.88e-130,424.0,1,multiquery_tblastn_querybound_v2
L. delbrueckii,IAHAHI,1,uvrB,cd8ce439e5e0773e71067145054051d9edbb607ab99279e3a07771507195a791,71.2,99.9,0.0,1003.0,1,multiquery_tblastn_querybound_v2
L. delbrueckii,IAHAHI,1,uvrC,49100507bfe018392aeabafe6aa1bad5f4d9331d8f417710122cd12e8d8cb58a,63.2,99.7,0.0,788.0,1,multiquery_tblastn_querybound_v2
L. delbrueckii,IAHAHI,1,Spx,717b1d41af9f6ee3ec2e96fbd79d0bbb24c7955a45d5081a57840687e0d30263,44.0,93.3,4.63e-34,120.0,1,multiquery_tblastn_querybound_v2
L. delbrueckii,IAHAHI,1,MgsR,3f9152ce3c4d05b93bcfbcd9968de0bd1b286a653cbfb49fe6c7a6b5b9c4da61,99.2,100.0,1.38e-77,244.0,1,multiquery_tblastn_querybound_v2
L. delbrueckii,IAHAHI,1,SOD,43b2482586b259b2094193668820b0e2bb48c0b143f24850c45438bea0ec8a30,,,,,0,multiquery_tblastn_querybound_v2
L. plantarum,GCF_000687495.1,0,PerR,8b73744d28b23856a888a836fd88bb6452ffb6a653a9aabeba0ddaa87163b59e,50.4,91.1,1.11e-35,127.0,1,multiquery_tblastn_querybound_v2
L. plantarum,GCF_000687495.1,0,OhrR,a8c02a2a7527017769dfb24fc5e536ef983c8fa5fc340c4a1ca2074c042b924a,100.0,100.0,2.5e-92,289.0,1,multiquery_tblastn_querybound_v2
L. plantarum,GCF_000687495.1,0,Catalase,00de8f6e7f0bdd780f17ea79cfa1eaaf60798fe947a8078a9dfdcb607a5458d2,100.0,100.0,0.0,979.0,1,multiquery_tblastn_querybound_v2
L. plantarum,GCF_000687495.1,0,Fur,,,,,,0,multiquery_tblastn_querybound_v2
L. plantarum,GCF_000687495.1,0,Rex,b7b8248dc4b68951cd31396901a7201544fe9d4a7c82b64968cc3cd1a7ae17d8,37.3,95.9,1.23e-37,135.0,1,multiquery_tblastn_querybound_v2
L. plantarum,GCF_000687495.1,0,RecA,38695d4d1e9418e3bf4ace59f20c27f83ddbd49933aabbe417390bf8640363d1,79.6,88.9,3.47e-148,460.0,1,multiquery_tblastn_querybound_v2
L. plantarum,GCF_000687495.1,0,Mn_transport,ff5ae59a98c602b54710295c1571710f5c0c1334f7cd81b22d40bb13cae3a266,100.0,100.0,0.0,604.0,1,multiquery_tblastn_querybound_v2
L. plantarum,GCF_000687495.1,0,Nox,0be76acff1d03cb855968387feff33880e4c3c30ed1611188ef85f90e382e156,53.0,97.1,1.15e-151,474.0,1,multiquery_tblastn_querybound_v2
L. plantarum,GCF_000687495.1,0,uvrA,b0bcfe00dfb0394c9234e3dcf06b31ecf3af510d8088a7f5dc7995e3a99296ab,99.6,100.0,0.0,1485.0,1,multiquery_tblastn_querybound_v2
L. plantarum,GCF_000687495.1,0,uvrB,cd8ce439e5e0773e71067145054051d9edbb607ab99279e3a07771507195a791,77.0,100.0,0.0,1085.0,1,multiquery_tblastn_querybound_v2
L. plantarum,GCF_000687495.1,0,uvrC,49100507bfe018392aeabafe6aa1bad5f4d9331d8f417710122cd12e8d8cb58a,74.6,98.7,0.0,900.0,1,multiquery_tblastn_querybound_v2
L. plantarum,GCF_000687495.1,0,Spx,717b1d41af9f6ee3ec2e96fbd79d0bbb24c7955a45d5081a57840687e0d30263,99.3,100.0,3.4e-89,279.0,1,multiquery_tblastn_querybound_v2
L. plantarum,GCF_000687495.1,0,MgsR,3f9152ce3c4d05b93bcfbcd9968de0bd1b286a653cbfb49fe6c7a6b5b9c4da61,30.4,97.5,1.08e-12,60.1,0,multiquery_tblastn_querybound_v2
L. plantarum,GCF_000687495.1,0,SOD,43b2482586b259b2094193668820b0e2bb48c0b143f24850c45438bea0ec8a30,,,,,0,multiquery_tblastn_querybound_v2
L. plantarum,GCF_000731855.1,0,PerR,8b73744d28b23856a888a836fd88bb6452ffb6a653a9aabeba0ddaa87163b59e,50.4,91.1,1.07e-35,127.0,1,multiquery_tblastn_querybound_v2
L. plantarum,GCF_000731855.1,0,OhrR,a8c02a2a7527017769dfb24fc5e536ef983c8fa5fc340c4a1ca2074c042b924a,100.0,100.0,2.41e-92,289.0,1,multiquery_tblastn_querybound_v2
L. plantarum,GCF_000731855.1,0,Catalase,00de8f6e7f0bdd780f17ea79cfa1eaaf60798fe947a8078a9dfdcb607a5458d2,99.8,100.0,0.0,976.0,1,multiquery_tblastn_querybound_v2
L. plantarum,GCF_000731855.1,0,Fur,,,,,,0,multiquery_tblastn_querybound_v2
L. plantarum,GCF_000731855.1,0,Rex,b7b8248dc4b68951cd31396901a7201544fe9d4a7c82b64968cc3cd1a7ae17d8,37.3,95.9,1.18e-37,135.0,1,multiquery_tblastn_querybound_v2
L. plantarum,GCF_000731855.1,0,RecA,38695d4d1e9418e3bf4ace59f20c27f83ddbd49933aabbe417390bf8640363d1,79.6,88.9,3.18e-148,460.0,1,multiquery_tblastn_querybound_v2
L. plantarum,GCF_000731855.1,0,Mn_transport,ff5ae59a98c602b54710295c1571710f5c0c1334f7cd81b22d40bb13cae3a266,100.0,100.0,0.0,604.0,1,multiquery_tblastn_querybound_v2
L. plantarum,GCF_000731855.1,0,Nox,0be76acff1d03cb855968387feff33880e4c3c30ed1611188ef85f90e382e156,52.7,98.9,2.94e-154,481.0,1,multiquery_tblastn_querybound_v2
L. plantarum,GCF_000731855.1,0,uvrA,b0bcfe00dfb0394c9234e3dcf06b31ecf3af510d8088a7f5dc7995e3a99296ab,99.7,100.0,0.0,1486.0,1,multiquery_tblastn_querybound_v2
L. plantarum,GCF_000731855.1,0,uvrB,cd8ce439e5e0773e71067145054051d9edbb607ab99279e3a07771507195a791,77.0,100.0,0.0,1085.0,1,multiquery_tblastn_querybound_v2
L. plantarum,GCF_000731855.1,0,uvrC,49100507bfe018392aeabafe6aa1bad5f4d9331d8f417710122cd12e8d8cb58a,74.6,98.7,0.0,900.0,1,multiquery_tblastn_querybound_v2
L. plantarum,GCF_000731855.1,0,Spx,717b1d41af9f6ee3ec2e96fbd79d0bbb24c7955a45d5081a57840687e0d30263,99.3,100.0,3.28e-89,279.0,1,multiquery_tblastn_querybound_v2
L. plantarum,GCF_000731855.1,0,MgsR,3f9152ce3c4d05b93bcfbcd9968de0bd1b286a653cbfb49fe6c7a6b5b9c4da61,30.4,97.5,1.05e-12,60.1,0,multiquery_tblastn_querybound_v2
L. plantarum,GCF_000731855.1,0,SOD,43b2482586b259b2094193668820b0e2bb48c0b143f24850c45438bea0ec8a30,,,,,0,multiquery_tblastn_querybound_v2
L. plantarum,GCF_000743895.1,0,PerR,8b73744d28b23856a888a836fd88bb6452ffb6a653a9aabeba0ddaa87163b59e,50.4,91.1,1.03e-35,127.0,1,multiquery_tblastn_querybound_v2
L. plantarum,GCF_000743895.1,0,OhrR,a8c02a2a7527017769dfb24fc5e536ef983c8fa5fc340c4a1ca2074c042b924a,99.3,100.0,1.62e-91,286.0,1,multiquery_tblastn_querybound_v2
L. plantarum,GCF_000743895.1,0,Catalase,00de8f6e7f0bdd780f17ea79cfa1eaaf60798fe947a8078a9dfdcb607a5458d2,99.6,100.0,0.0,977.0,1,multiquery_tblastn_querybound_v2
L. plantarum,GCF_000743895.1,0,Fur,,,,,,0,multiquery_tblastn_querybound_v2
L. plantarum,GCF_000743895.1,0,Rex,b7b8248dc4b68951cd31396901a7201544fe9d4a7c82b64968cc3cd1a7ae17d8,37.3,95.9,1.14e-37,135.0,1,multiquery_tblastn_querybound_v2
L. plantarum,GCF_000743895.1,0,RecA,38695d4d1e9418e3bf4ace59f20c27f83ddbd49933aabbe417390bf8640363d1,79.6,88.9,3.06e-148,460.0,1,multiquery_tblastn_querybound_v2
L. plantarum,GCF_000743895.1,0,Mn_transport,ff5ae59a98c602b54710295c1571710f5c0c1334f7cd81b22d40bb13cae3a266,100.0,100.0,0.0,604.0,1,multiquery_tblastn_querybound_v2
L. plantarum,GCF_000743895.1,0,Nox,0be76acff1d03cb855968387feff33880e4c3c30ed1611188ef85f90e382e156,52.7,98.9,2.81e-154,481.0,1,multiquery_tblastn_querybound_v2
L. plantarum,GCF_000743895.1,0,uvrA,b0bcfe00dfb0394c9234e3dcf06b31ecf3af510d8088a7f5dc7995e3a99296ab,99.5,100.0,0.0,1483.0,1,multiquery_tblastn_querybound_v2
L. plantarum,GCF_000743895.1,0,uvrB,cd8ce439e5e0773e71067145054051d9edbb607ab99279e3a07771507195a791,77.0,100.0,0.0,1085.0,1,multiquery_tblastn_querybound_v2
L. plantarum,GCF_000743895.1,0,uvrC,49100507bfe018392aeabafe6aa1bad5f4d9331d8f417710122cd12e8d8cb58a,74.6,98.7,0.0,900.0,1,multiquery_tblastn_querybound_v2
L. plantarum,GCF_000743895.1,0,Spx,717b1d41af9f6ee3ec2e96fbd79d0bbb24c7955a45d5081a57840687e0d30263,99.3,100.0,3.14e-89,279.0,1,multiquery_tblastn_querybound_v2
L. plantarum,GCF_000743895.1,0,MgsR,3f9152ce3c4d05b93bcfbcd9968de0bd1b286a653cbfb49fe6c7a6b5b9c4da61,30.4,97.5,1.01e-12,60.1,0,multiquery_tblastn_querybound_v2
L. plantarum,GCF_000743895.1,0,SOD,43b2482586b259b2094193668820b0e2bb48c0b143f24850c45438bea0ec8a30,,,,,0,multiquery_tblastn_querybound_v2
L. plantarum,GCF_000764285.1,0,PerR,8b73744d28b23856a888a836fd88bb6452ffb6a653a9aabeba0ddaa87163b59e,50.4,91.1,1.07e-35,127.0,1,multiquery_tblastn_querybound_v2
L. plantarum,GCF_000764285.1,0,OhrR,a8c02a2a7527017769dfb24fc5e536ef983c8fa5fc340c4a1ca2074c042b924a,100.0,100.0,2.4e-92,289.0,1,multiquery_tblastn_querybound_v2
L. plantarum,GCF_000764285.1,0,Catalase,00de8f6e7f0bdd780f17ea79cfa1eaaf60798fe947a8078a9dfdcb607a5458d2,99.8,100.0,0.0,975.0,1,multiquery_tblastn_querybound_v2
L. plantarum,GCF_000764285.1,0,Fur,,,,,,0,multiquery_tblastn_querybound_v2
L. plantarum,GCF_000764285.1,0,Rex,b7b8248dc4b68951cd31396901a7201544fe9d4a7c82b64968cc3cd1a7ae17d8,37.3,95.9,1.18e-37,135.0,1,multiquery_tblastn_querybound_v2
L. plantarum,GCF_000764285.1,0,RecA,38695d4d1e9418e3bf4ace59f20c27f83ddbd49933aabbe417390bf8640363d1,79.6,88.9,3.34e-148,460.0,1,multiquery_tblastn_querybound_v2
L. plantarum,GCF_000764285.1,0,Mn_transport,ff5ae59a98c602b54710295c1571710f5c0c1334f7cd81b22d40bb13cae3a266,99.7,100.0,0.0,601.0,1,multiquery_tblastn_querybound_v2
L. plantarum,GCF_000764285.1,0,Nox,0be76acff1d03cb855968387feff33880e4c3c30ed1611188ef85f90e382e156,53.0,97.1,4.82e-152,475.0,1,multiquery_tblastn_querybound_v2
L. plantarum,GCF_000764285.1,0,uvrA,b0bcfe00dfb0394c9234e3dcf06b31ecf3af510d8088a7f5dc7995e3a99296ab,99.3,100.0,0.0,1479.0,1,multiquery_tblastn_querybound_v2
L. plantarum,GCF_000764285.1,0,uvrB,cd8ce439e5e0773e71067145054051d9edbb607ab99279e3a07771507195a791,77.0,100.0,0.0,1085.0,1,multiquery_tblastn_querybound_v2
L. plantarum,GCF_000764285.1,0,uvrC,49100507bfe018392aeabafe6aa1bad5f4d9331d8f417710122cd12e8d8cb58a,74.6,98.7,0.0,900.0,1,multiquery_tblastn_querybound_v2
L. plantarum,GCF_000764285.1,0,Spx,717b1d41af9f6ee3ec2e96fbd79d0bbb24c7955a45d5081a57840687e0d30263,100.0,100.0,9.46e-90,281.0,1,multiquery_tblastn_querybound_v2
L. plantarum,GCF_000764285.1,0,MgsR,3f9152ce3c4d05b93bcfbcd9968de0bd1b286a653cbfb49fe6c7a6b5b9c4da61,29.6,97.5,3.6e-11,55.8,0,multiquery_tblastn_querybound_v2
L. plantarum,GCF_000764285.1,0,SOD,43b2482586b259b2094193668820b0e2bb48c0b143f24850c45438bea0ec8a30,,,,,0,multiquery_tblastn_querybound_v2
L. plantarum,GCF_000931425.2,0,PerR,8b73744d28b23856a888a836fd88bb6452ffb6a653a9aabeba0ddaa87163b59e,50.4,91.1,1.07e-35,127.0,1,multiquery_tblastn_querybound_v2
L. plantarum,GCF_000931425.2,0,OhrR,a8c02a2a7527017769dfb24fc5e536ef983c8fa5fc340c4a1ca2074c042b924a,100.0,100.0,2.4e-92,289.0,1,multiquery_tblastn_querybound_v2
L. plantarum,GCF_000931425.2,0,Catalase,00de8f6e7f0bdd780f17ea79cfa1eaaf60798fe947a8078a9dfdcb607a5458d2,100.0,100.0,0.0,979.0,1,multiquery_tblastn_querybound_v2
L. plantarum,GCF_000931425.2,0,Fur,,,,,,0,multiquery_tblastn_querybound_v2
L. plantarum,GCF_000931425.2,0,Rex,b7b8248dc4b68951cd31396901a7201544fe9d4a7c82b64968cc3cd1a7ae17d8,37.3,95.9,1.18e-37,135.0,1,multiquery_tblastn_querybound_v2
L. plantarum,GCF_000931425.2,0,RecA,38695d4d1e9418e3bf4ace59f20c27f83ddbd49933aabbe417390bf8640363d1,79.6,88.9,3.33e-148,460.0,1,multiquery_tblastn_querybound_v2
L. plantarum,GCF_000931425.2,0,Mn_transport,ff5ae59a98c602b54710295c1571710f5c0c1334f7cd81b22d40bb13cae3a266,100.0,100.0,0.0,604.0,1,multiquery_tblastn_querybound_v2
L. plantarum,GCF_000931425.2,0,Nox,0be76acff1d03cb855968387feff33880e4c3c30ed1611188ef85f90e382e156,52.7,98.9,2.93e-154,481.0,1,multiquery_tblastn_querybound_v2
L. plantarum,GCF_000931425.2,0,uvrA,b0bcfe00dfb0394c9234e3dcf06b31ecf3af510d8088a7f5dc7995e3a99296ab,99.7,100.0,0.0,1486.0,1,multiquery_tblastn_querybound_v2
L. plantarum,GCF_000931425.2,0,uvrB,cd8ce439e5e0773e71067145054051d9edbb607ab99279e3a07771507195a791,77.0,100.0,0.0,1085.0,1,multiquery_tblastn_querybound_v2
L. plantarum,GCF_000931425.2,0,uvrC,49100507bfe018392aeabafe6aa1bad5f4d9331d8f417710122cd12e8d8cb58a,74.6,98.7,0.0,900.0,1,multiquery_tblastn_querybound_v2
L. plantarum,GCF_000931425.2,0,Spx,717b1d41af9f6ee3ec2e96fbd79d0bbb24c7955a45d5081a57840687e0d30263,99.3,100.0,3.27e-89,279.0,1,multiquery_tblastn_querybound_v2
L. plantarum,GCF_000931425.2,0,MgsR,3f9152ce3c4d05b93bcfbcd9968de0bd1b286a653cbfb49fe6c7a6b5b9c4da61,30.4,97.5,1.04e-12,60.1,0,multiquery_tblastn_querybound_v2
L. plantarum,GCF_000931425.2,0,SOD,43b2482586b259b2094193668820b0e2bb48c0b143f24850c45438bea0ec8a30,,,,,0,multiquery_tblastn_querybound_v2
L. plantarum,GCF_000956195.1,0,PerR,8b73744d28b23856a888a836fd88bb6452ffb6a653a9aabeba0ddaa87163b59e,50.4,91.1,1.04e-35,127.0,1,multiquery_tblastn_querybound_v2
L. plantarum,GCF_000956195.1,0,OhrR,a8c02a2a7527017769dfb24fc5e536ef983c8fa5fc340c4a1ca2074c042b924a,99.3,100.0,1.64e-91,286.0,1,multiquery_tblastn_querybound_v2
L. plantarum,GCF_000956195.1,0,Catalase,00de8f6e7f0bdd780f17ea79cfa1eaaf60798fe947a8078a9dfdcb607a5458d2,99.8,100.0,0.0,978.0,1,multiquery_tblastn_querybound_v2
L. plantarum,GCF_000956195.1,0,Fur,,,,,,0,multiquery_tblastn_querybound_v2
L. plantarum,GCF_000956195.1,0,Rex,b7b8248dc4b68951cd31396901a7201544fe9d4a7c82b64968cc3cd1a7ae17d8,37.3,95.9,1.14e-37,135.0,1,multiquery_tblastn_querybound_v2
L. plantarum,GCF_000956195.1,0,RecA,38695d4d1e9418e3bf4ace59f20c27f83ddbd49933aabbe417390bf8640363d1,79.6,88.9,3.1e-148,460.0,1,multiquery_tblastn_querybound_v2
L. plantarum,GCF_000956195.1,0,Mn_transport,ff5ae59a98c602b54710295c1571710f5c0c1334f7cd81b22d40bb13cae3a266,100.0,100.0,0.0,604.0,1,multiquery_tblastn_querybound_v2
L. plantarum,GCF_000956195.1,0,Nox,0be76acff1d03cb855968387feff33880e4c3c30ed1611188ef85f90e382e156,53.0,97.1,5.98e-152,474.0,1,multiquery_tblastn_querybound_v2
L. plantarum,GCF_000956195.1,0,uvrA,b0bcfe00dfb0394c9234e3dcf06b31ecf3af510d8088a7f5dc7995e3a99296ab,99.5,100.0,0.0,1483.0,1,multiquery_tblastn_querybound_v2
L. plantarum,GCF_000956195.1,0,uvrB,cd8ce439e5e0773e71067145054051d9edbb607ab99279e3a07771507195a791,77.0,100.0,0.0,1085.0,1,multiquery_tblastn_querybound_v2
L. plantarum,GCF_000956195.1,0,uvrC,49100507bfe018392aeabafe6aa1bad5f4d9331d8f417710122cd12e8d8cb58a,74.6,98.7,0.0,900.0,1,multiquery_tblastn_querybound_v2
L. plantarum,GCF_000956195.1,0,Spx,717b1d41af9f6ee3ec2e96fbd79d0bbb24c7955a45d5081a57840687e0d30263,99.3,100.0,3.18e-89,279.0,1,multiquery_tblastn_querybound_v2
L. plantarum,GCF_000956195.1,0,MgsR,3f9152ce3c4d05b93bcfbcd9968de0bd1b286a653cbfb49fe6c7a6b5b9c4da61,30.4,97.5,1.02e-12,60.1,0,multiquery_tblastn_querybound_v2
L. plantarum,GCF_000956195.1,0,SOD,43b2482586b259b2094193668820b0e2bb48c0b143f24850c45438bea0ec8a30,,,,,0,multiquery_tblastn_querybound_v2
L. plantarum,GCF_000966475.1,0,PerR,8b73744d28b23856a888a836fd88bb6452ffb6a653a9aabeba0ddaa87163b59e,50.4,91.1,1.08e-35,127.0,1,multiquery_tblastn_querybound_v2
L. plantarum,GCF_000966475.1,0,OhrR,a8c02a2a7527017769dfb24fc5e536ef983c8fa5fc340c4a1ca2074c042b924a,98.6,100.0,5.71e-91,285.0,1,multiquery_tblastn_querybound_v2
L. plantarum,GCF_000966475.1,0,Catalase,00de8f6e7f0bdd780f17ea79cfa1eaaf60798fe947a8078a9dfdcb607a5458d2,99.4,100.0,0.0,972.0,1,multiquery_tblastn_querybound_v2
L. plantarum,GCF_000966475.1,0,Fur,,,,,,0,multiquery_tblastn_querybound_v2
L. plantarum,GCF_000966475.1,0,Rex,b7b8248dc4b68951cd31396901a7201544fe9d4a7c82b64968cc3cd1a7ae17d8,37.3,95.9,1.2e-37,135.0,1,multiquery_tblastn_querybound_v2
L. plantarum,GCF_000966475.1,0,RecA,38695d4d1e9418e3bf4ace59f20c27f83ddbd49933aabbe417390bf8640363d1,79.6,88.9,3.36e-148,460.0,1,multiquery_tblastn_querybound_v2
L. plantarum,GCF_000966475.1,0,Mn_transport,ff5ae59a98c602b54710295c1571710f5c0c1334f7cd81b22d40bb13cae3a266,100.0,100.0,0.0,604.0,1,multiquery_tblastn_querybound_v2
L. plantarum,GCF_000966475.1,0,Nox,0be76acff1d03cb855968387feff33880e4c3c30ed1611188ef85f90e382e156,52.7,97.1,5.07e-151,472.0,1,multiquery_tblastn_querybound_v2
L. plantarum,GCF_000966475.1,0,uvrA,b0bcfe00dfb0394c9234e3dcf06b31ecf3af510d8088a7f5dc7995e3a99296ab,98.8,100.0,0.0,1471.0,1,multiquery_tblastn_querybound_v2
L. plantarum,GCF_000966475.1,0,uvrB,cd8ce439e5e0773e71067145054051d9edbb607ab99279e3a07771507195a791,77.0,100.0,0.0,1085.0,1,multiquery_tblastn_querybound_v2
L. plantarum,GCF_000966475.1,0,uvrC,49100507bfe018392aeabafe6aa1bad5f4d9331d8f417710122cd12e8d8cb58a,74.4,98.7,0.0,899.0,1,multiquery_tblastn_querybound_v2
L. plantarum,GCF_000966475.1,0,Spx,717b1d41af9f6ee3ec2e96fbd79d0bbb24c7955a45d5081a57840687e0d30263,99.3,100.0,3.3e-89,279.0,1,multiquery_tblastn_querybound_v2
L. plantarum,GCF_000966475.1,0,MgsR,3f9152ce3c4d05b93bcfbcd9968de0bd1b286a653cbfb49fe6c7a6b5b9c4da61,30.4,97.5,1.06e-12,60.1,0,multiquery_tblastn_querybound_v2
L. plantarum,GCF_000966475.1,0,SOD,43b2482586b259b2094193668820b0e2bb48c0b143f24850c45438bea0ec8a30,,,,,0,multiquery_tblastn_querybound_v2
L. plantarum,GCF_001005695.1,0,PerR,8b73744d28b23856a888a836fd88bb6452ffb6a653a9aabeba0ddaa87163b59e,48.6,94.5,6.91e-37,130.0,1,multiquery_tblastn_querybound_v2
L. plantarum,GCF_001005695.1,0,OhrR,a8c02a2a7527017769dfb24fc5e536ef983c8fa5fc340c4a1ca2074c042b924a,98.6,100.0,2.34e-91,286.0,1,multiquery_tblastn_querybound_v2
L. plantarum,GCF_001005695.1,0,Catalase,00de8f6e7f0bdd780f17ea79cfa1eaaf60798fe947a8078a9dfdcb607a5458d2,99.8,100.0,0.0,978.0,1,multiquery_tblastn_querybound_v2
L. plantarum,GCF_001005695.1,0,Fur,,,,,,0,multiquery_tblastn_querybound_v2
L. plantarum,GCF_001005695.1,0,Rex,b7b8248dc4b68951cd31396901a7201544fe9d4a7c82b64968cc3cd1a7ae17d8,37.3,95.9,1.37e-37,135.0,1,multiquery_tblastn_querybound_v2
L. plantarum,GCF_001005695.1,0,RecA,38695d4d1e9418e3bf4ace59f20c27f83ddbd49933aabbe417390bf8640363d1,79.6,88.9,2.98e-148,460.0,1,multiquery_tblastn_querybound_v2
L. plantarum,GCF_001005695.1,0,Mn_transport,ff5ae59a98c602b54710295c1571710f5c0c1334f7cd81b22d40bb13cae3a266,100.0,100.0,0.0,604.0,1,multiquery_tblastn_querybound_v2
L. plantarum,GCF_001005695.1,0,Nox,0be76acff1d03cb855968387feff33880e4c3c30ed1611188ef85f90e382e156,53.0,97.1,4.19e-152,475.0,1,multiquery_tblastn_querybound_v2
L. plantarum,GCF_001005695.1,0,uvrA,b0bcfe00dfb0394c9234e3dcf06b31ecf3af510d8088a7f5dc7995e3a99296ab,99.3,100.0,0.0,1461.0,1,multiquery_tblastn_querybound_v2
L. plantarum,GCF_001005695.1,0,uvrB,cd8ce439e5e0773e71067145054051d9edbb607ab99279e3a07771507195a791,77.0,100.0,0.0,1085.0,1,multiquery_tblastn_querybound_v2
L. plantarum,GCF_001005695.1,0,uvrC,49100507bfe018392aeabafe6aa1bad5f4d9331d8f417710122cd12e8d8cb58a,74.6,98.7,0.0,900.0,1,multiquery_tblastn_querybound_v2
L. plantarum,GCF_001005695.1,0,Spx,717b1d41af9f6ee3ec2e96fbd79d0bbb24c7955a45d5081a57840687e0d30263,99.3,100.0,3.03e-89,279.0,1,multiquery_tblastn_querybound_v2
L. plantarum,GCF_001005695.1,0,MgsR,3f9152ce3c4d05b93bcfbcd9968de0bd1b286a653cbfb49fe6c7a6b5b9c4da61,30.4,97.5,9.67e-13,60.1,0,multiquery_tblastn_querybound_v2
L. plantarum,GCF_001005695.1,0,SOD,43b2482586b259b2094193668820b0e2bb48c0b143f24850c45438bea0ec8a30,,,,,0,multiquery_tblastn_querybound_v2
L. plantarum,GCF_001005805.1,0,PerR,8b73744d28b23856a888a836fd88bb6452ffb6a653a9aabeba0ddaa87163b59e,50.4,91.1,1.08e-35,127.0,1,multiquery_tblastn_querybound_v2
L. plantarum,GCF_001005805.1,0,OhrR,a8c02a2a7527017769dfb24fc5e536ef983c8fa5fc340c4a1ca2074c042b924a,100.0,100.0,2.41e-92,289.0,1,multiquery_tblastn_querybound_v2
L. plantarum,GCF_001005805.1,0,Catalase,00de8f6e7f0bdd780f17ea79cfa1eaaf60798fe947a8078a9dfdcb607a5458d2,100.0,100.0,0.0,979.0,1,multiquery_tblastn_querybound_v2
L. plantarum,GCF_001005805.1,0,Fur,,,,,,0,multiquery_tblastn_querybound_v2
L. plantarum,GCF_001005805.1,0,Rex,b7b8248dc4b68951cd31396901a7201544fe9d4a7c82b64968cc3cd1a7ae17d8,37.3,95.9,1.19e-37,135.0,1,multiquery_tblastn_querybound_v2
L. plantarum,GCF_001005805.1,0,RecA,38695d4d1e9418e3bf4ace59f20c27f83ddbd49933aabbe417390bf8640363d1,79.6,88.9,3.35e-148,460.0,1,multiquery_tblastn_querybound_v2
L. plantarum,GCF_001005805.1,0,Mn_transport,ff5ae59a98c602b54710295c1571710f5c0c1334f7cd81b22d40bb13cae3a266,100.0,100.0,0.0,604.0,1,multiquery_tblastn_querybound_v2
L. plantarum,GCF_001005805.1,0,Nox,0be76acff1d03cb855968387feff33880e4c3c30ed1611188ef85f90e382e156,52.7,98.9,2.95e-154,481.0,1,multiquery_tblastn_querybound_v2
L. plantarum,GCF_001005805.1,0,uvrA,b0bcfe00dfb0394c9234e3dcf06b31ecf3af510d8088a7f5dc7995e3a99296ab,99.7,100.0,0.0,1486.0,1,multiquery_tblastn_querybound_v2
L. plantarum,GCF_001005805.1,0,uvrB,cd8ce439e5e0773e71067145054051d9edbb607ab99279e3a07771507195a791,77.0,100.0,0.0,1085.0,1,multiquery_tblastn_querybound_v2
L. plantarum,GCF_001005805.1,0,uvrC,49100507bfe018392aeabafe6aa1bad5f4d9331d8f417710122cd12e8d8cb58a,74.6,98.7,0.0,900.0,1,multiquery_tblastn_querybound_v2
L. plantarum,GCF_001005805.1,0,Spx,717b1d41af9f6ee3ec2e96fbd79d0bbb24c7955a45d5081a57840687e0d30263,99.3,100.0,3.28e-89,279.0,1,multiquery_tblastn_querybound_v2
L. plantarum,GCF_001005805.1,0,MgsR,3f9152ce3c4d05b93bcfbcd9968de0bd1b286a653cbfb49fe6c7a6b5b9c4da61,30.4,97.5,1.05e-12,60.1,0,multiquery_tblastn_querybound_v2
L. plantarum,GCF_001005805.1,0,SOD,43b2482586b259b2094193668820b0e2bb48c0b143f24850c45438bea0ec8a30,,,,,0,multiquery_tblastn_querybound_v2
L. plantarum,GCF_001010175.1,0,PerR,8b73744d28b23856a888a836fd88bb6452ffb6a653a9aabeba0ddaa87163b59e,50.4,91.1,9.11e-36,127.0,1,multiquery_tblastn_querybound_v2
L. plantarum,GCF_001010175.1,0,OhrR,a8c02a2a7527017769dfb24fc5e536ef983c8fa5fc340c4a1ca2074c042b924a,99.3,100.0,1.69e-91,286.0,1,multiquery_tblastn_querybound_v2
L. plantarum,GCF_001010175.1,0,Catalase,00de8f6e7f0bdd780f17ea79cfa1eaaf60798fe947a8078a9dfdcb607a5458d2,100.0,100.0,0.0,979.0,1,multiquery_tblastn_querybound_v2
L. plantarum,GCF_001010175.1,0,Fur,,,,,,0,multiquery_tblastn_querybound_v2
L. plantarum,GCF_001010175.1,0,Rex,b7b8248dc4b68951cd31396901a7201544fe9d4a7c82b64968cc3cd1a7ae17d8,37.3,95.9,1.19e-37,135.0,1,multiquery_tblastn_querybound_v2
L. plantarum,GCF_001010175.1,0,RecA,38695d4d1e9418e3bf4ace59f20c27f83ddbd49933aabbe417390bf8640363d1,79.6,88.9,3.34e-148,460.0,1,multiquery_tblastn_querybound_v2
L. plantarum,GCF_001010175.1,0,Mn_transport,ff5ae59a98c602b54710295c1571710f5c0c1334f7cd81b22d40bb13cae3a266,100.0,100.0,0.0,604.0,1,multiquery_tblastn_querybound_v2
L. plantarum,GCF_001010175.1,0,Nox,0be76acff1d03cb855968387feff33880e4c3c30ed1611188ef85f90e382e156,53.0,97.1,4.84e-152,475.0,1,multiquery_tblastn_querybound_v2
L. plantarum,GCF_001010175.1,0,uvrA,b0bcfe00dfb0394c9234e3dcf06b31ecf3af510d8088a7f5dc7995e3a99296ab,99.3,100.0,0.0,1480.0,1,multiquery_tblastn_querybound_v2
L. plantarum,GCF_001010175.1,0,uvrB,cd8ce439e5e0773e71067145054051d9edbb607ab99279e3a07771507195a791,77.0,100.0,0.0,1085.0,1,multiquery_tblastn_querybound_v2
L. plantarum,GCF_001010175.1,0,uvrC,49100507bfe018392aeabafe6aa1bad5f4d9331d8f417710122cd12e8d8cb58a,74.6,98.7,0.0,900.0,1,multiquery_tblastn_querybound_v2
L. plantarum,GCF_001010175.1,0,Spx,717b1d41af9f6ee3ec2e96fbd79d0bbb24c7955a45d5081a57840687e0d30263,99.3,100.0,3.28e-89,279.0,1,multiquery_tblastn_querybound_v2
L. plantarum,GCF_001010175.1,0,MgsR,3f9152ce3c4d05b93bcfbcd9968de0bd1b286a653cbfb49fe6c7a6b5b9c4da61,30.4,97.5,1.05e-12,60.1,0,multiquery_tblastn_querybound_v2
L. plantarum,GCF_001010175.1,0,SOD,43b2482586b259b2094193668820b0e2bb48c0b143f24850c45438bea0ec8a30,,,,,0,multiquery_tblastn_querybound_v2
L. plantarum,GCF_001267905.1,0,PerR,8b73744d28b23856a888a836fd88bb6452ffb6a653a9aabeba0ddaa87163b59e,50.4,91.1,1.04e-35,127.0,1,multiquery_tblastn_querybound_v2
L. plantarum,GCF_001267905.1,0,OhrR,a8c02a2a7527017769dfb24fc5e536ef983c8fa5fc340c4a1ca2074c042b924a,97.9,100.0,7.76e-91,285.0,1,multiquery_tblastn_querybound_v2
L. plantarum,GCF_001267905.1,0,Catalase,00de8f6e7f0bdd780f17ea79cfa1eaaf60798fe947a8078a9dfdcb607a5458d2,99.4,100.0,0.0,975.0,1,multiquery_tblastn_querybound_v2
L. plantarum,GCF_001267905.1,0,Fur,,,,,,0,multiquery_tblastn_querybound_v2
L. plantarum,GCF_001267905.1,0,Rex,b7b8248dc4b68951cd31396901a7201544fe9d4a7c82b64968cc3cd1a7ae17d8,37.3,95.9,1.15e-37,135.0,1,multiquery_tblastn_querybound_v2
L. plantarum,GCF_001267905.1,0,RecA,38695d4d1e9418e3bf4ace59f20c27f83ddbd49933aabbe417390bf8640363d1,79.6,88.9,3.23e-148,460.0,1,multiquery_tblastn_querybound_v2
L. plantarum,GCF_001267905.1,0,Mn_transport,ff5ae59a98c602b54710295c1571710f5c0c1334f7cd81b22d40bb13cae3a266,100.0,100.0,0.0,603.0,1,multiquery_tblastn_querybound_v2
L. plantarum,GCF_001267905.1,0,Nox,0be76acff1d03cb855968387feff33880e4c3c30ed1611188ef85f90e382e156,53.0,97.1,4.65e-152,475.0,1,multiquery_tblastn_querybound_v2
L. plantarum,GCF_001267905.1,0,uvrA,b0bcfe00dfb0394c9234e3dcf06b31ecf3af510d8088a7f5dc7995e3a99296ab,99.5,100.0,0.0,1481.0,1,multiquery_tblastn_querybound_v2
L. plantarum,GCF_001267905.1,0,uvrB,cd8ce439e5e0773e71067145054051d9edbb607ab99279e3a07771507195a791,77.0,100.0,0.0,1085.0,1,multiquery_tblastn_querybound_v2
L. plantarum,GCF_001267905.1,0,uvrC,49100507bfe018392aeabafe6aa1bad5f4d9331d8f417710122cd12e8d8cb58a,74.6,98.7,0.0,900.0,1,multiquery_tblastn_querybound_v2
L. plantarum,GCF_001267905.1,0,Spx,717b1d41af9f6ee3ec2e96fbd79d0bbb24c7955a45d5081a57840687e0d30263,99.3,100.0,3.17e-89,279.0,1,multiquery_tblastn_querybound_v2
L. plantarum,GCF_001267905.1,0,MgsR,3f9152ce3c4d05b93bcfbcd9968de0bd1b286a653cbfb49fe6c7a6b5b9c4da61,30.4,97.5,1.01e-12,60.1,0,multiquery_tblastn_querybound_v2
L. plantarum,GCF_001267905.1,0,SOD,43b2482586b259b2094193668820b0e2bb48c0b143f24850c45438bea0ec8a30,,,,,0,multiquery_tblastn_querybound_v2
L. plantarum,GCF_001278015.1,0,PerR,8b73744d28b23856a888a836fd88bb6452ffb6a653a9aabeba0ddaa87163b59e,50.4,91.1,1.05e-35,127.0,1,multiquery_tblastn_querybound_v2
L. plantarum,GCF_001278015.1,0,OhrR,a8c02a2a7527017769dfb24fc5e536ef983c8fa5fc340c4a1ca2074c042b924a,99.3,100.0,1.65e-91,286.0,1,multiquery_tblastn_querybound_v2
L. plantarum,GCF_001278015.1,0,Catalase,00de8f6e7f0bdd780f17ea79cfa1eaaf60798fe947a8078a9dfdcb607a5458d2,100.0,100.0,0.0,979.0,1,multiquery_tblastn_querybound_v2
L. plantarum,GCF_001278015.1,0,Fur,,,,,,0,multiquery_tblastn_querybound_v2
L. plantarum,GCF_001278015.1,0,Rex,b7b8248dc4b68951cd31396901a7201544fe9d4a7c82b64968cc3cd1a7ae17d8,37.3,95.9,1.16e-37,135.0,1,multiquery_tblastn_querybound_v2
L. plantarum,GCF_001278015.1,0,RecA,38695d4d1e9418e3bf4ace59f20c27f83ddbd49933aabbe417390bf8640363d1,79.6,88.9,3.26e-148,460.0,1,multiquery_tblastn_querybound_v2
L. plantarum,GCF_001278015.1,0,Mn_transport,ff5ae59a98c602b54710295c1571710f5c0c1334f7cd81b22d40bb13cae3a266,100.0,100.0,0.0,604.0,1,multiquery_tblastn_querybound_v2
L. plantarum,GCF_001278015.1,0,Nox,0be76acff1d03cb855968387feff33880e4c3c30ed1611188ef85f90e382e156,53.0,97.1,4.71e-152,475.0,1,multiquery_tblastn_querybound_v2
L. plantarum,GCF_001278015.1,0,uvrA,b0bcfe00dfb0394c9234e3dcf06b31ecf3af510d8088a7f5dc7995e3a99296ab,99.6,100.0,0.0,1485.0,1,multiquery_tblastn_querybound_v2
L. plantarum,GCF_001278015.1,0,uvrB,cd8ce439e5e0773e71067145054051d9edbb607ab99279e3a07771507195a791,77.0,100.0,0.0,1085.0,1,multiquery_tblastn_querybound_v2
L. plantarum,GCF_001278015.1,0,uvrC,49100507bfe018392aeabafe6aa1bad5f4d9331d8f417710122cd12e8d8cb58a,74.6,98.7,0.0,900.0,1,multiquery_tblastn_querybound_v2
L. plantarum,GCF_001278015.1,0,Spx,717b1d41af9f6ee3ec2e96fbd79d0bbb24c7955a45d5081a57840687e0d30263,99.3,100.0,3.19e-89,279.0,1,multiquery_tblastn_querybound_v2
L. plantarum,GCF_001278015.1,0,MgsR,3f9152ce3c4d05b93bcfbcd9968de0bd1b286a653cbfb49fe6c7a6b5b9c4da61,30.4,97.5,6.53e-13,60.8,0,multiquery_tblastn_querybound_v2
L. plantarum,GCF_001278015.1,0,SOD,43b2482586b259b2094193668820b0e2bb48c0b143f24850c45438bea0ec8a30,,,,,0,multiquery_tblastn_querybound_v2
L. plantarum,GCF_001296095.1,0,PerR,8b73744d28b23856a888a836fd88bb6452ffb6a653a9aabeba0ddaa87163b59e,50.4,91.1,1.03e-35,127.0,1,multiquery_tblastn_querybound_v2
L. plantarum,GCF_001296095.1,0,OhrR,a8c02a2a7527017769dfb24fc5e536ef983c8fa5fc340c4a1ca2074c042b924a,98.6,100.0,3.78e-90,282.0,1,multiquery_tblastn_querybound_v2
L. plantarum,GCF_001296095.1,0,Catalase,00de8f6e7f0bdd780f17ea79cfa1eaaf60798fe947a8078a9dfdcb607a5458d2,99.8,100.0,0.0,977.0,1,multiquery_tblastn_querybound_v2
L. plantarum,GCF_001296095.1,0,Fur,,,,,,0,multiquery_tblastn_querybound_v2
L. plantarum,GCF_001296095.1,0,Rex,b7b8248dc4b68951cd31396901a7201544fe9d4a7c82b64968cc3cd1a7ae17d8,37.3,95.9,1.14e-37,135.0,1,multiquery_tblastn_querybound_v2
L. plantarum,GCF_001296095.1,0,RecA,38695d4d1e9418e3bf4ace59f20c27f83ddbd49933aabbe417390bf8640363d1,79.6,88.9,3.22e-148,460.0,1,multiquery_tblastn_querybound_v2
L. plantarum,GCF_001296095.1,0,Mn_transport,ff5ae59a98c602b54710295c1571710f5c0c1334f7cd81b22d40bb13cae3a266,99.7,100.0,0.0,602.0,1,multiquery_tblastn_querybound_v2
L. plantarum,GCF_001296095.1,0,Nox,0be76acff1d03cb855968387feff33880e4c3c30ed1611188ef85f90e382e156,53.0,97.1,4.65e-152,475.0,1,multiquery_tblastn_querybound_v2
L. plantarum,GCF_001296095.1,0,uvrA,b0bcfe00dfb0394c9234e3dcf06b31ecf3af510d8088a7f5dc7995e3a99296ab,99.3,100.0,0.0,1481.0,1,multiquery_tblastn_querybound_v2
L. plantarum,GCF_001296095.1,0,uvrB,cd8ce439e5e0773e71067145054051d9edbb607ab99279e3a07771507195a791,77.0,100.0,0.0,1084.0,1,multiquery_tblastn_querybound_v2
L. plantarum,GCF_001296095.1,0,uvrC,49100507bfe018392aeabafe6aa1bad5f4d9331d8f417710122cd12e8d8cb58a,74.6,98.7,0.0,900.0,1,multiquery_tblastn_querybound_v2
L. plantarum,GCF_001296095.1,0,Spx,717b1d41af9f6ee3ec2e96fbd79d0bbb24c7955a45d5081a57840687e0d30263,99.3,100.0,3.16e-89,279.0,1,multiquery_tblastn_querybound_v2
L. plantarum,GCF_001296095.1,0,MgsR,3f9152ce3c4d05b93bcfbcd9968de0bd1b286a653cbfb49fe6c7a6b5b9c4da61,29.6,97.5,2.9e-12,58.9,0,multiquery_tblastn_querybound_v2
L. plantarum,GCF_001296095.1,0,SOD,43b2482586b259b2094193668820b0e2bb48c0b143f24850c45438bea0ec8a30,,,,,0,multiquery_tblastn_querybound_v2
L. plantarum,GCF_001302645.1,0,PerR,8b73744d28b23856a888a836fd88bb6452ffb6a653a9aabeba0ddaa87163b59e,50.4,91.1,1.1e-35,127.0,1,multiquery_tblastn_querybound_v2
L. plantarum,GCF_001302645.1,0,OhrR,a8c02a2a7527017769dfb24fc5e536ef983c8fa5fc340c4a1ca2074c042b924a,99.3,100.0,1.73e-91,286.0,1,multiquery_tblastn_querybound_v2
L. plantarum,GCF_001302645.1,0,Catalase,00de8f6e7f0bdd780f17ea79cfa1eaaf60798fe947a8078a9dfdcb607a5458d2,99.2,100.0,0.0,971.0,1,multiquery_tblastn_querybound_v2
L. plantarum,GCF_001302645.1,0,Fur,,,,,,0,multiquery_tblastn_querybound_v2
L. plantarum,GCF_001302645.1,0,Rex,b7b8248dc4b68951cd31396901a7201544fe9d4a7c82b64968cc3cd1a7ae17d8,37.3,95.9,1.22e-37,135.0,1,multiquery_tblastn_querybound_v2
L. plantarum,GCF_001302645.1,0,RecA,38695d4d1e9418e3bf4ace59f20c27f83ddbd49933aabbe417390bf8640363d1,79.6,88.9,3.43e-148,460.0,1,multiquery_tblastn_querybound_v2
L. plantarum,GCF_001302645.1,0,Mn_transport,ff5ae59a98c602b54710295c1571710f5c0c1334f7cd81b22d40bb13cae3a266,100.0,100.0,0.0,604.0,1,multiquery_tblastn_querybound_v2
L. plantarum,GCF_001302645.1,0,Nox,0be76acff1d03cb855968387feff33880e4c3c30ed1611188ef85f90e382e156,53.0,97.1,4.95e-152,475.0,1,multiquery_tblastn_querybound_v2
L. plantarum,GCF_001302645.1,0,uvrA,b0bcfe00dfb0394c9234e3dcf06b31ecf3af510d8088a7f5dc7995e3a99296ab,100.0,100.0,0.0,1492.0,1,multiquery_tblastn_querybound_v2
L. plantarum,GCF_001302645.1,0,uvrB,cd8ce439e5e0773e71067145054051d9edbb607ab99279e3a07771507195a791,77.0,100.0,0.0,1085.0,1,multiquery_tblastn_querybound_v2
L. plantarum,GCF_001302645.1,0,uvrC,49100507bfe018392aeabafe6aa1bad5f4d9331d8f417710122cd12e8d8cb58a,74.6,98.7,0.0,900.0,1,multiquery_tblastn_querybound_v2
L. plantarum,GCF_001302645.1,0,Spx,717b1d41af9f6ee3ec2e96fbd79d0bbb24c7955a45d5081a57840687e0d30263,99.3,100.0,3.36e-89,279.0,1,multiquery_tblastn_querybound_v2
L. plantarum,GCF_001302645.1,0,MgsR,3f9152ce3c4d05b93bcfbcd9968de0bd1b286a653cbfb49fe6c7a6b5b9c4da61,30.1,95.8,3.37e-12,58.5,0,multiquery_tblastn_querybound_v2
L. plantarum,GCF_001302645.1,0,SOD,43b2482586b259b2094193668820b0e2bb48c0b143f24850c45438bea0ec8a30,,,,,0,multiquery_tblastn_querybound_v2
L. plantarum,GCF_001308305.1,0,PerR,8b73744d28b23856a888a836fd88bb6452ffb6a653a9aabeba0ddaa87163b59e,50.4,91.1,1.05e-35,127.0,1,multiquery_tblastn_querybound_v2
L. plantarum,GCF_001308305.1,0,OhrR,a8c02a2a7527017769dfb24fc5e536ef983c8fa5fc340c4a1ca2074c042b924a,100.0,100.0,2.34e-92,289.0,1,multiquery_tblastn_querybound_v2
L. plantarum,GCF_001308305.1,0,Catalase,00de8f6e7f0bdd780f17ea79cfa1eaaf60798fe947a8078a9dfdcb607a5458d2,100.0,100.0,0.0,979.0,1,multiquery_tblastn_querybound_v2
L. plantarum,GCF_001308305.1,0,Fur,,,,,,0,multiquery_tblastn_querybound_v2
L. plantarum,GCF_001308305.1,0,Rex,b7b8248dc4b68951cd31396901a7201544fe9d4a7c82b64968cc3cd1a7ae17d8,37.3,95.9,1.16e-37,135.0,1,multiquery_tblastn_querybound_v2
L. plantarum,GCF_001308305.1,0,RecA,38695d4d1e9418e3bf4ace59f20c27f83ddbd49933aabbe417390bf8640363d1,79.6,88.9,3.25e-148,460.0,1,multiquery_tblastn_querybound_v2
L. plantarum,GCF_001308305.1,0,Mn_transport,ff5ae59a98c602b54710295c1571710f5c0c1334f7cd81b22d40bb13cae3a266,100.0,100.0,0.0,604.0,1,multiquery_tblastn_querybound_v2
L. plantarum,GCF_001308305.1,0,Nox,0be76acff1d03cb855968387feff33880e4c3c30ed1611188ef85f90e382e156,53.0,97.1,4.7e-152,475.0,1,multiquery_tblastn_querybound_v2
L. plantarum,GCF_001308305.1,0,uvrA,b0bcfe00dfb0394c9234e3dcf06b31ecf3af510d8088a7f5dc7995e3a99296ab,99.3,100.0,0.0,1480.0,1,multiquery_tblastn_querybound_v2
L. plantarum,GCF_001308305.1,0,uvrB,cd8ce439e5e0773e71067145054051d9edbb607ab99279e3a07771507195a791,77.0,100.0,0.0,1085.0,1,multiquery_tblastn_querybound_v2
L. plantarum,GCF_001308305.1,0,uvrC,49100507bfe018392aeabafe6aa1bad5f4d9331d8f417710122cd12e8d8cb58a,74.6,98.7,0.0,900.0,1,multiquery_tblastn_querybound_v2
L. plantarum,GCF_001308305.1,0,Spx,717b1d41af9f6ee3ec2e96fbd79d0bbb24c7955a45d5081a57840687e0d30263,99.3,100.0,3.19e-89,279.0,1,multiquery_tblastn_querybound_v2
L. plantarum,GCF_001308305.1,0,MgsR,3f9152ce3c4d05b93bcfbcd9968de0bd1b286a653cbfb49fe6c7a6b5b9c4da61,30.4,97.5,1.02e-12,60.1,0,multiquery_tblastn_querybound_v2
L. plantarum,GCF_001308305.1,0,SOD,43b2482586b259b2094193668820b0e2bb48c0b143f24850c45438bea0ec8a30,,,,,0,multiquery_tblastn_querybound_v2
L. plantarum,GCF_001331925.2,0,PerR,8b73744d28b23856a888a836fd88bb6452ffb6a653a9aabeba0ddaa87163b59e,50.4,91.1,1.02e-35,127.0,1,multiquery_tblastn_querybound_v2
L. plantarum,GCF_001331925.2,0,OhrR,a8c02a2a7527017769dfb24fc5e536ef983c8fa5fc340c4a1ca2074c042b924a,97.3,102.7,1.65e-90,283.0,1,multiquery_tblastn_querybound_v2
L. plantarum,GCF_001331925.2,0,Catalase,00de8f6e7f0bdd780f17ea79cfa1eaaf60798fe947a8078a9dfdcb607a5458d2,100.0,100.0,0.0,979.0,1,multiquery_tblastn_querybound_v2
L. plantarum,GCF_001331925.2,0,Fur,,,,,,0,multiquery_tblastn_querybound_v2
L. plantarum,GCF_001331925.2,0,Rex,b7b8248dc4b68951cd31396901a7201544fe9d4a7c82b64968cc3cd1a7ae17d8,37.3,95.9,1.12e-37,135.0,1,multiquery_tblastn_querybound_v2
L. plantarum,GCF_001331925.2,0,RecA,38695d4d1e9418e3bf4ace59f20c27f83ddbd49933aabbe417390bf8640363d1,79.6,88.9,3.16e-148,460.0,1,multiquery_tblastn_querybound_v2
L. plantarum,GCF_001331925.2,0,Mn_transport,ff5ae59a98c602b54710295c1571710f5c0c1334f7cd81b22d40bb13cae3a266,100.0,100.0,0.0,604.0,1,multiquery_tblastn_querybound_v2
L. plantarum,GCF_001331925.2,0,Nox,0be76acff1d03cb855968387feff33880e4c3c30ed1611188ef85f90e382e156,53.0,97.1,4.57e-152,475.0,1,multiquery_tblastn_querybound_v2
L. plantarum,GCF_001331925.2,0,uvrA,b0bcfe00dfb0394c9234e3dcf06b31ecf3af510d8088a7f5dc7995e3a99296ab,99.2,100.0,0.0,1478.0,1,multiquery_tblastn_querybound_v2
L. plantarum,GCF_001331925.2,0,uvrB,cd8ce439e5e0773e71067145054051d9edbb607ab99279e3a07771507195a791,77.0,100.0,0.0,1085.0,1,multiquery_tblastn_querybound_v2
L. plantarum,GCF_001331925.2,0,uvrC,49100507bfe018392aeabafe6aa1bad5f4d9331d8f417710122cd12e8d8cb58a,74.6,98.7,0.0,900.0,1,multiquery_tblastn_querybound_v2
L. plantarum,GCF_001331925.2,0,Spx,717b1d41af9f6ee3ec2e96fbd79d0bbb24c7955a45d5081a57840687e0d30263,99.3,100.0,3.1e-89,279.0,1,multiquery_tblastn_querybound_v2
L. plantarum,GCF_001331925.2,0,MgsR,3f9152ce3c4d05b93bcfbcd9968de0bd1b286a653cbfb49fe6c7a6b5b9c4da61,30.4,97.5,9.9e-13,60.1,0,multiquery_tblastn_querybound_v2
L. plantarum,GCF_001331925.2,0,SOD,43b2482586b259b2094193668820b0e2bb48c0b143f24850c45438bea0ec8a30,,,,,0,multiquery_tblastn_querybound_v2
L. plantarum,GCF_001368775.1,0,PerR,8b73744d28b23856a888a836fd88bb6452ffb6a653a9aabeba0ddaa87163b59e,50.4,91.1,1.04e-35,127.0,1,multiquery_tblastn_querybound_v2
L. plantarum,GCF_001368775.1,0,OhrR,a8c02a2a7527017769dfb24fc5e536ef983c8fa5fc340c4a1ca2074c042b924a,99.3,100.0,1.64e-91,286.0,1,multiquery_tblastn_querybound_v2
L. plantarum,GCF_001368775.1,0,Catalase,00de8f6e7f0bdd780f17ea79cfa1eaaf60798fe947a8078a9dfdcb607a5458d2,99.6,100.0,0.0,971.0,1,multiquery_tblastn_querybound_v2
L. plantarum,GCF_001368775.1,0,Fur,,,,,,0,multiquery_tblastn_querybound_v2
L. plantarum,GCF_001368775.1,0,Rex,b7b8248dc4b68951cd31396901a7201544fe9d4a7c82b64968cc3cd1a7ae17d8,37.3,95.9,1.15e-37,135.0,1,multiquery_tblastn_querybound_v2
L. plantarum,GCF_001368775.1,0,RecA,38695d4d1e9418e3bf4ace59f20c27f83ddbd49933aabbe417390bf8640363d1,79.6,88.9,3.23e-148,460.0,1,multiquery_tblastn_querybound_v2
L. plantarum,GCF_001368775.1,0,Mn_transport,ff5ae59a98c602b54710295c1571710f5c0c1334f7cd81b22d40bb13cae3a266,99.3,100.0,0.0,599.0,1,multiquery_tblastn_querybound_v2
L. plantarum,GCF_001368775.1,0,Nox,0be76acff1d03cb855968387feff33880e4c3c30ed1611188ef85f90e382e156,52.7,98.9,2.82e-154,481.0,1,multiquery_tblastn_querybound_v2
L. plantarum,GCF_001368775.1,0,uvrA,b0bcfe00dfb0394c9234e3dcf06b31ecf3af510d8088a7f5dc7995e3a99296ab,99.7,100.0,0.0,1486.0,1,multiquery_tblastn_querybound_v2
L. plantarum,GCF_001368775.1,0,uvrB,cd8ce439e5e0773e71067145054051d9edbb607ab99279e3a07771507195a791,77.0,100.0,0.0,1085.0,1,multiquery_tblastn_querybound_v2
L. plantarum,GCF_001368775.1,0,uvrC,49100507bfe018392aeabafe6aa1bad5f4d9331d8f417710122cd12e8d8cb58a,74.6,98.7,0.0,900.0,1,multiquery_tblastn_querybound_v2
L. plantarum,GCF_001368775.1,0,Spx,717b1d41af9f6ee3ec2e96fbd79d0bbb24c7955a45d5081a57840687e0d30263,99.3,100.0,3.17e-89,279.0,1,multiquery_tblastn_querybound_v2
L. plantarum,GCF_001368775.1,0,MgsR,3f9152ce3c4d05b93bcfbcd9968de0bd1b286a653cbfb49fe6c7a6b5b9c4da61,30.4,97.5,1.01e-12,60.1,0,multiquery_tblastn_querybound_v2
L. plantarum,GCF_001368775.1,0,SOD,43b2482586b259b2094193668820b0e2bb48c0b143f24850c45438bea0ec8a30,,,,,0,multiquery_tblastn_querybound_v2
L. plantarum,GCF_001436855.1,0,PerR,8b73744d28b23856a888a836fd88bb6452ffb6a653a9aabeba0ddaa87163b59e,50.4,91.1,1.11e-35,127.0,1,multiquery_tblastn_querybound_v2
L. plantarum,GCF_001436855.1,0,OhrR,a8c02a2a7527017769dfb24fc5e536ef983c8fa5fc340c4a1ca2074c042b924a,100.0,100.0,2.49e-92,289.0,1,multiquery_tblastn_querybound_v2
L. plantarum,GCF_001436855.1,0,Catalase,00de8f6e7f0bdd780f17ea79cfa1eaaf60798fe947a8078a9dfdcb607a5458d2,100.0,100.0,0.0,979.0,1,multiquery_tblastn_querybound_v2
L. plantarum,GCF_001436855.1,0,Fur,,,,,,0,multiquery_tblastn_querybound_v2
L. plantarum,GCF_001436855.1,0,Rex,b7b8248dc4b68951cd31396901a7201544fe9d4a7c82b64968cc3cd1a7ae17d8,37.3,95.9,1.23e-37,135.0,1,multiquery_tblastn_querybound_v2
L. plantarum,GCF_001436855.1,0,RecA,38695d4d1e9418e3bf4ace59f20c27f83ddbd49933aabbe417390bf8640363d1,79.6,88.9,3.43e-148,460.0,1,multiquery_tblastn_querybound_v2
L. plantarum,GCF_001436855.1,0,Mn_transport,ff5ae59a98c602b54710295c1571710f5c0c1334f7cd81b22d40bb13cae3a266,100.0,100.0,0.0,604.0,1,multiquery_tblastn_querybound_v2
L. plantarum,GCF_001436855.1,0,Nox,0be76acff1d03cb855968387feff33880e4c3c30ed1611188ef85f90e382e156,53.0,97.1,4.98e-152,475.0,1,multiquery_tblastn_querybound_v2
L. plantarum,GCF_001436855.1,0,uvrA,b0bcfe00dfb0394c9234e3dcf06b31ecf3af510d8088a7f5dc7995e3a99296ab,99.3,100.0,0.0,1479.0,1,multiquery_tblastn_querybound_v2
L. plantarum,GCF_001436855.1,0,uvrB,cd8ce439e5e0773e71067145054051d9edbb607ab99279e3a07771507195a791,77.0,100.0,0.0,1085.0,1,multiquery_tblastn_querybound_v2
L. plantarum,GCF_001436855.1,0,uvrC,49100507bfe018392aeabafe6aa1bad5f4d9331d8f417710122cd12e8d8cb58a,74.6,98.7,0.0,900.0,1,multiquery_tblastn_querybound_v2
L. plantarum,GCF_001436855.1,0,Spx,717b1d41af9f6ee3ec2e96fbd79d0bbb24c7955a45d5081a57840687e0d30263,99.3,100.0,3.39e-89,279.0,1,multiquery_tblastn_querybound_v2
L. plantarum,GCF_001436855.1,0,MgsR,3f9152ce3c4d05b93bcfbcd9968de0bd1b286a653cbfb49fe6c7a6b5b9c4da61,30.4,97.5,1.08e-12,60.1,0,multiquery_tblastn_querybound_v2
L. plantarum,GCF_001436855.1,0,SOD,43b2482586b259b2094193668820b0e2bb48c0b143f24850c45438bea0ec8a30,,,,,0,multiquery_tblastn_querybound_v2
L. plantarum,GCF_001444495.1,0,PerR,8b73744d28b23856a888a836fd88bb6452ffb6a653a9aabeba0ddaa87163b59e,50.4,91.1,1.04e-35,127.0,1,multiquery_tblastn_querybound_v2
L. plantarum,GCF_001444495.1,0,OhrR,a8c02a2a7527017769dfb24fc5e536ef983c8fa5fc340c4a1ca2074c042b924a,100.0,100.0,2.34e-92,289.0,1,multiquery_tblastn_querybound_v2
L. plantarum,GCF_001444495.1,0,Catalase,00de8f6e7f0bdd780f17ea79cfa1eaaf60798fe947a8078a9dfdcb607a5458d2,100.0,100.0,0.0,979.0,1,multiquery_tblastn_querybound_v2
L. plantarum,GCF_001444495.1,0,Fur,,,,,,0,multiquery_tblastn_querybound_v2
L. plantarum,GCF_001444495.1,0,Rex,b7b8248dc4b68951cd31396901a7201544fe9d4a7c82b64968cc3cd1a7ae17d8,37.3,95.9,1.15e-37,135.0,1,multiquery_tblastn_querybound_v2
L. plantarum,GCF_001444495.1,0,RecA,38695d4d1e9418e3bf4ace59f20c27f83ddbd49933aabbe417390bf8640363d1,79.6,88.9,3.25e-148,460.0,1,multiquery_tblastn_querybound_v2
L. plantarum,GCF_001444495.1,0,Mn_transport,ff5ae59a98c602b54710295c1571710f5c0c1334f7cd81b22d40bb13cae3a266,100.0,100.0,0.0,604.0,1,multiquery_tblastn_querybound_v2
L. plantarum,GCF_001444495.1,0,Nox,0be76acff1d03cb855968387feff33880e4c3c30ed1611188ef85f90e382e156,53.0,97.1,4.69e-152,475.0,1,multiquery_tblastn_querybound_v2
L. plantarum,GCF_001444495.1,0,uvrA,b0bcfe00dfb0394c9234e3dcf06b31ecf3af510d8088a7f5dc7995e3a99296ab,99.3,100.0,0.0,1479.0,1,multiquery_tblastn_querybound_v2
L. plantarum,GCF_001444495.1,0,uvrB,cd8ce439e5e0773e71067145054051d9edbb607ab99279e3a07771507195a791,77.0,100.0,0.0,1085.0,1,multiquery_tblastn_querybound_v2
L. plantarum,GCF_001444495.1,0,uvrC,49100507bfe018392aeabafe6aa1bad5f4d9331d8f417710122cd12e8d8cb58a,74.6,98.7,0.0,900.0,1,multiquery_tblastn_querybound_v2
L. plantarum,GCF_001444495.1,0,Spx,717b1d41af9f6ee3ec2e96fbd79d0bbb24c7955a45d5081a57840687e0d30263,99.3,100.0,3.18e-89,279.0,1,multiquery_tblastn_querybound_v2
L. plantarum,GCF_001444495.1,0,MgsR,3f9152ce3c4d05b93bcfbcd9968de0bd1b286a653cbfb49fe6c7a6b5b9c4da61,30.4,97.5,1.02e-12,60.1,0,multiquery_tblastn_querybound_v2
L. plantarum,GCF_001444495.1,0,SOD,43b2482586b259b2094193668820b0e2bb48c0b143f24850c45438bea0ec8a30,,,,,0,multiquery_tblastn_querybound_v2
L. plantarum,GCF_001484005.1,0,PerR,8b73744d28b23856a888a836fd88bb6452ffb6a653a9aabeba0ddaa87163b59e,50.4,91.1,1.07e-35,127.0,1,multiquery_tblastn_querybound_v2
L. plantarum,GCF_001484005.1,0,OhrR,a8c02a2a7527017769dfb24fc5e536ef983c8fa5fc340c4a1ca2074c042b924a,100.0,100.0,2.41e-92,289.0,1,multiquery_tblastn_querybound_v2
L. plantarum,GCF_001484005.1,0,Catalase,00de8f6e7f0bdd780f17ea79cfa1eaaf60798fe947a8078a9dfdcb607a5458d2,99.8,100.0,0.0,975.0,1,multiquery_tblastn_querybound_v2
L. plantarum,GCF_001484005.1,0,Fur,,,,,,0,multiquery_tblastn_querybound_v2
L. plantarum,GCF_001484005.1,0,Rex,b7b8248dc4b68951cd31396901a7201544fe9d4a7c82b64968cc3cd1a7ae17d8,37.3,95.9,1.19e-37,135.0,1,multiquery_tblastn_querybound_v2
L. plantarum,GCF_001484005.1,0,RecA,38695d4d1e9418e3bf4ace59f20c27f83ddbd49933aabbe417390bf8640363d1,79.6,88.9,3.35e-148,460.0,1,multiquery_tblastn_querybound_v2
L. plantarum,GCF_001484005.1,0,Mn_transport,ff5ae59a98c602b54710295c1571710f5c0c1334f7cd81b22d40bb13cae3a266,100.0,100.0,0.0,604.0,1,multiquery_tblastn_querybound_v2
L. plantarum,GCF_001484005.1,0,Nox,0be76acff1d03cb855968387feff33880e4c3c30ed1611188ef85f90e382e156,53.0,97.1,4.83e-152,475.0,1,multiquery_tblastn_querybound_v2
L. plantarum,GCF_001484005.1,0,uvrA,b0bcfe00dfb0394c9234e3dcf06b31ecf3af510d8088a7f5dc7995e3a99296ab,99.3,100.0,0.0,1479.0,1,multiquery_tblastn_querybound_v2
L. plantarum,GCF_001484005.1,0,uvrB,cd8ce439e5e0773e71067145054051d9edbb607ab99279e3a07771507195a791,77.0,100.0,0.0,1085.0,1,multiquery_tblastn_querybound_v2
L. plantarum,GCF_001484005.1,0,uvrC,49100507bfe018392aeabafe6aa1bad5f4d9331d8f417710122cd12e8d8cb58a,74.6,98.7,0.0,900.0,1,multiquery_tblastn_querybound_v2
L. plantarum,GCF_001484005.1,0,Spx,717b1d41af9f6ee3ec2e96fbd79d0bbb24c7955a45d5081a57840687e0d30263,100.0,100.0,9.49e-90,281.0,1,multiquery_tblastn_querybound_v2
L. plantarum,GCF_001484005.1,0,MgsR,3f9152ce3c4d05b93bcfbcd9968de0bd1b286a653cbfb49fe6c7a6b5b9c4da61,30.4,97.5,1.05e-12,60.1,0,multiquery_tblastn_querybound_v2
L. plantarum,GCF_001484005.1,0,SOD,43b2482586b259b2094193668820b0e2bb48c0b143f24850c45438bea0ec8a30,,,,,0,multiquery_tblastn_querybound_v2
L. plantarum,GCF_001540925.1,0,PerR,8b73744d28b23856a888a836fd88bb6452ffb6a653a9aabeba0ddaa87163b59e,50.4,91.1,1.07e-35,127.0,1,multiquery_tblastn_querybound_v2
L. plantarum,GCF_001540925.1,0,OhrR,a8c02a2a7527017769dfb24fc5e536ef983c8fa5fc340c4a1ca2074c042b924a,100.0,100.0,2.39e-92,289.0,1,multiquery_tblastn_querybound_v2
L. plantarum,GCF_001540925.1,0,Catalase,00de8f6e7f0bdd780f17ea79cfa1eaaf60798fe947a8078a9dfdcb607a5458d2,100.0,100.0,0.0,979.0,1,multiquery_tblastn_querybound_v2
L. plantarum,GCF_001540925.1,0,Fur,,,,,,0,multiquery_tblastn_querybound_v2
L. plantarum,GCF_001540925.1,0,Rex,b7b8248dc4b68951cd31396901a7201544fe9d4a7c82b64968cc3cd1a7ae17d8,37.3,95.9,1.18e-37,135.0,1,multiquery_tblastn_querybound_v2
L. plantarum,GCF_001540925.1,0,RecA,38695d4d1e9418e3bf4ace59f20c27f83ddbd49933aabbe417390bf8640363d1,79.6,88.9,3.3e-148,460.0,1,multiquery_tblastn_querybound_v2
L. plantarum,GCF_001540925.1,0,Mn_transport,ff5ae59a98c602b54710295c1571710f5c0c1334f7cd81b22d40bb13cae3a266,99.7,100.0,0.0,602.0,1,multiquery_tblastn_querybound_v2
L. plantarum,GCF_001540925.1,0,Nox,0be76acff1d03cb855968387feff33880e4c3c30ed1611188ef85f90e382e156,53.0,97.1,4.78e-152,475.0,1,multiquery_tblastn_querybound_v2
L. plantarum,GCF_001540925.1,0,uvrA,b0bcfe00dfb0394c9234e3dcf06b31ecf3af510d8088a7f5dc7995e3a99296ab,99.3,100.0,0.0,1480.0,1,multiquery_tblastn_querybound_v2
L. plantarum,GCF_001540925.1,0,uvrB,cd8ce439e5e0773e71067145054051d9edbb607ab99279e3a07771507195a791,77.0,100.0,0.0,1085.0,1,multiquery_tblastn_querybound_v2
L. plantarum,GCF_001540925.1,0,uvrC,49100507bfe018392aeabafe6aa1bad5f4d9331d8f417710122cd12e8d8cb58a,74.6,98.7,0.0,900.0,1,multiquery_tblastn_querybound_v2
L. plantarum,GCF_001540925.1,0,Spx,717b1d41af9f6ee3ec2e96fbd79d0bbb24c7955a45d5081a57840687e0d30263,99.3,100.0,3.25e-89,279.0,1,multiquery_tblastn_querybound_v2
L. plantarum,GCF_001540925.1,0,MgsR,3f9152ce3c4d05b93bcfbcd9968de0bd1b286a653cbfb49fe6c7a6b5b9c4da61,30.4,97.5,1.04e-12,60.1,0,multiquery_tblastn_querybound_v2
L. plantarum,GCF_001540925.1,0,SOD,43b2482586b259b2094193668820b0e2bb48c0b143f24850c45438bea0ec8a30,,,,,0,multiquery_tblastn_querybound_v2
L. plantarum,GCF_001540965.1,0,PerR,8b73744d28b23856a888a836fd88bb6452ffb6a653a9aabeba0ddaa87163b59e,50.4,91.1,1.05e-35,127.0,1,multiquery_tblastn_querybound_v2
L. plantarum,GCF_001540965.1,0,OhrR,a8c02a2a7527017769dfb24fc5e536ef983c8fa5fc340c4a1ca2074c042b924a,98.6,100.0,2.47e-91,286.0,1,multiquery_tblastn_querybound_v2
L. plantarum,GCF_001540965.1,0,Catalase,00de8f6e7f0bdd780f17ea79cfa1eaaf60798fe947a8078a9dfdcb607a5458d2,99.8,100.0,0.0,977.0,1,multiquery_tblastn_querybound_v2
L. plantarum,GCF_001540965.1,0,Fur,,,,,,0,multiquery_tblastn_querybound_v2
L. plantarum,GCF_001540965.1,0,Rex,b7b8248dc4b68951cd31396901a7201544fe9d4a7c82b64968cc3cd1a7ae17d8,37.3,95.9,1.16e-37,135.0,1,multiquery_tblastn_querybound_v2
L. plantarum,GCF_001540965.1,0,RecA,38695d4d1e9418e3bf4ace59f20c27f83ddbd49933aabbe417390bf8640363d1,79.6,88.9,3.22e-148,460.0,1,multiquery_tblastn_querybound_v2
L. plantarum,GCF_001540965.1,0,Mn_transport,ff5ae59a98c602b54710295c1571710f5c0c1334f7cd81b22d40bb13cae3a266,100.0,100.0,0.0,604.0,1,multiquery_tblastn_querybound_v2
L. plantarum,GCF_001540965.1,0,Nox,0be76acff1d03cb855968387feff33880e4c3c30ed1611188ef85f90e382e156,53.0,97.1,1.08e-151,474.0,1,multiquery_tblastn_querybound_v2
L. plantarum,GCF_001540965.1,0,uvrA,b0bcfe00dfb0394c9234e3dcf06b31ecf3af510d8088a7f5dc7995e3a99296ab,99.5,100.0,0.0,1481.0,1,multiquery_tblastn_querybound_v2
L. plantarum,GCF_001540965.1,0,uvrB,cd8ce439e5e0773e71067145054051d9edbb607ab99279e3a07771507195a791,77.0,100.0,0.0,1085.0,1,multiquery_tblastn_querybound_v2
L. plantarum,GCF_001540965.1,0,uvrC,49100507bfe018392aeabafe6aa1bad5f4d9331d8f417710122cd12e8d8cb58a,74.6,98.7,0.0,900.0,1,multiquery_tblastn_querybound_v2
L. plantarum,GCF_001540965.1,0,Spx,717b1d41af9f6ee3ec2e96fbd79d0bbb24c7955a45d5081a57840687e0d30263,99.3,100.0,3.19e-89,279.0,1,multiquery_tblastn_querybound_v2
L. plantarum,GCF_001540965.1,0,MgsR,3f9152ce3c4d05b93bcfbcd9968de0bd1b286a653cbfb49fe6c7a6b5b9c4da61,30.4,97.5,1.02e-12,60.1,0,multiquery_tblastn_querybound_v2
L. plantarum,GCF_001540965.1,0,SOD,43b2482586b259b2094193668820b0e2bb48c0b143f24850c45438bea0ec8a30,,,,,0,multiquery_tblastn_querybound_v2
L. plantarum,GCF_001581895.1,0,PerR,8b73744d28b23856a888a836fd88bb6452ffb6a653a9aabeba0ddaa87163b59e,50.4,91.1,9.55e-36,127.0,1,multiquery_tblastn_querybound_v2
L. plantarum,GCF_001581895.1,0,OhrR,a8c02a2a7527017769dfb24fc5e536ef983c8fa5fc340c4a1ca2074c042b924a,99.3,100.0,1.5e-91,286.0,1,multiquery_tblastn_querybound_v2
L. plantarum,GCF_001581895.1,0,Catalase,00de8f6e7f0bdd780f17ea79cfa1eaaf60798fe947a8078a9dfdcb607a5458d2,99.8,100.0,0.0,978.0,1,multiquery_tblastn_querybound_v2
L. plantarum,GCF_001581895.1,0,Fur,,,,,,0,multiquery_tblastn_querybound_v2
L. plantarum,GCF_001581895.1,0,Rex,b7b8248dc4b68951cd31396901a7201544fe9d4a7c82b64968cc3cd1a7ae17d8,37.3,95.9,1.06e-37,135.0,1,multiquery_tblastn_querybound_v2
L. plantarum,GCF_001581895.1,0,RecA,38695d4d1e9418e3bf4ace59f20c27f83ddbd49933aabbe417390bf8640363d1,79.6,88.9,2.97e-148,460.0,1,multiquery_tblastn_querybound_v2
L. plantarum,GCF_001581895.1,0,Mn_transport,ff5ae59a98c602b54710295c1571710f5c0c1334f7cd81b22d40bb13cae3a266,100.0,100.0,0.0,604.0,1,multiquery_tblastn_querybound_v2
L. plantarum,GCF_001581895.1,0,Nox,0be76acff1d03cb855968387feff33880e4c3c30ed1611188ef85f90e382e156,53.0,97.1,5.85e-152,474.0,1,multiquery_tblastn_querybound_v2
L. plantarum,GCF_001581895.1,0,uvrA,b0bcfe00dfb0394c9234e3dcf06b31ecf3af510d8088a7f5dc7995e3a99296ab,99.5,100.0,0.0,1483.0,1,multiquery_tblastn_querybound_v2
L. plantarum,GCF_001581895.1,0,uvrB,cd8ce439e5e0773e71067145054051d9edbb607ab99279e3a07771507195a791,77.0,100.0,0.0,1085.0,1,multiquery_tblastn_querybound_v2
L. plantarum,GCF_001581895.1,0,uvrC,49100507bfe018392aeabafe6aa1bad5f4d9331d8f417710122cd12e8d8cb58a,74.6,98.7,0.0,900.0,1,multiquery_tblastn_querybound_v2
L. plantarum,GCF_001581895.1,0,Spx,717b1d41af9f6ee3ec2e96fbd79d0bbb24c7955a45d5081a57840687e0d30263,99.3,100.0,2.91e-89,279.0,1,multiquery_tblastn_querybound_v2
L. plantarum,GCF_001581895.1,0,MgsR,3f9152ce3c4d05b93bcfbcd9968de0bd1b286a653cbfb49fe6c7a6b5b9c4da61,30.4,97.5,9.31e-13,60.1,0,multiquery_tblastn_querybound_v2
L. plantarum,GCF_001581895.1,0,SOD,43b2482586b259b2094193668820b0e2bb48c0b143f24850c45438bea0ec8a30,,,,,0,multiquery_tblastn_querybound_v2
L. plantarum,GCF_001595615.1,0,PerR,8b73744d28b23856a888a836fd88bb6452ffb6a653a9aabeba0ddaa87163b59e,49.3,94.5,1.23e-36,129.0,1,multiquery_tblastn_querybound_v2
L. plantarum,GCF_001595615.1,0,OhrR,a8c02a2a7527017769dfb24fc5e536ef983c8fa5fc340c4a1ca2074c042b924a,99.3,100.0,1.67e-91,286.0,1,multiquery_tblastn_querybound_v2
L. plantarum,GCF_001595615.1,0,Catalase,00de8f6e7f0bdd780f17ea79cfa1eaaf60798fe947a8078a9dfdcb607a5458d2,100.0,100.0,0.0,979.0,1,multiquery_tblastn_querybound_v2
L. plantarum,GCF_001595615.1,0,Fur,,,,,,0,multiquery_tblastn_querybound_v2
L. plantarum,GCF_001595615.1,0,Rex,b7b8248dc4b68951cd31396901a7201544fe9d4a7c82b64968cc3cd1a7ae17d8,37.3,95.9,1.16e-37,135.0,1,multiquery_tblastn_querybound_v2
L. plantarum,GCF_001595615.1,0,RecA,38695d4d1e9418e3bf4ace59f20c27f83ddbd49933aabbe417390bf8640363d1,79.6,88.9,3.1e-148,460.0,1,multiquery_tblastn_querybound_v2
L. plantarum,GCF_001595615.1,0,Mn_transport,ff5ae59a98c602b54710295c1571710f5c0c1334f7cd81b22d40bb13cae3a266,100.0,100.0,0.0,604.0,1,multiquery_tblastn_querybound_v2
L. plantarum,GCF_001595615.1,0,Nox,0be76acff1d03cb855968387feff33880e4c3c30ed1611188ef85f90e382e156,53.0,97.1,4.7e-152,475.0,1,multiquery_tblastn_querybound_v2
L. plantarum,GCF_001595615.1,0,uvrA,b0bcfe00dfb0394c9234e3dcf06b31ecf3af510d8088a7f5dc7995e3a99296ab,99.6,100.0,0.0,1485.0,1,multiquery_tblastn_querybound_v2
L. plantarum,GCF_001595615.1,0,uvrB,cd8ce439e5e0773e71067145054051d9edbb607ab99279e3a07771507195a791,76.9,100.0,0.0,1085.0,1,multiquery_tblastn_querybound_v2
L. plantarum,GCF_001595615.1,0,uvrC,49100507bfe018392aeabafe6aa1bad5f4d9331d8f417710122cd12e8d8cb58a,74.6,98.7,0.0,900.0,1,multiquery_tblastn_querybound_v2
L. plantarum,GCF_001595615.1,0,Spx,717b1d41af9f6ee3ec2e96fbd79d0bbb24c7955a45d5081a57840687e0d30263,99.3,100.0,3.24e-89,279.0,1,multiquery_tblastn_querybound_v2
L. plantarum,GCF_001595615.1,0,MgsR,3f9152ce3c4d05b93bcfbcd9968de0bd1b286a653cbfb49fe6c7a6b5b9c4da61,30.4,97.5,6.63e-13,60.8,0,multiquery_tblastn_querybound_v2
L. plantarum,GCF_001595615.1,0,SOD,43b2482586b259b2094193668820b0e2bb48c0b143f24850c45438bea0ec8a30,,,,,0,multiquery_tblastn_querybound_v2
L. plantarum,GCF_001596095.1,0,PerR,8b73744d28b23856a888a836fd88bb6452ffb6a653a9aabeba0ddaa87163b59e,50.4,91.1,1.06e-35,127.0,1,multiquery_tblastn_querybound_v2
L. plantarum,GCF_001596095.1,0,OhrR,a8c02a2a7527017769dfb24fc5e536ef983c8fa5fc340c4a1ca2074c042b924a,100.0,100.0,2.37e-92,289.0,1,multiquery_tblastn_querybound_v2
L. plantarum,GCF_001596095.1,0,Catalase,00de8f6e7f0bdd780f17ea79cfa1eaaf60798fe947a8078a9dfdcb607a5458d2,100.0,100.0,0.0,979.0,1,multiquery_tblastn_querybound_v2
L. plantarum,GCF_001596095.1,0,Fur,,,,,,0,multiquery_tblastn_querybound_v2
L. plantarum,GCF_001596095.1,0,Rex,b7b8248dc4b68951cd31396901a7201544fe9d4a7c82b64968cc3cd1a7ae17d8,37.3,95.9,1.17e-37,135.0,1,multiquery_tblastn_querybound_v2
L. plantarum,GCF_001596095.1,0,RecA,38695d4d1e9418e3bf4ace59f20c27f83ddbd49933aabbe417390bf8640363d1,79.6,88.9,3.28e-148,460.0,1,multiquery_tblastn_querybound_v2
L. plantarum,GCF_001596095.1,0,Mn_transport,ff5ae59a98c602b54710295c1571710f5c0c1334f7cd81b22d40bb13cae3a266,100.0,100.0,0.0,604.0,1,multiquery_tblastn_querybound_v2
L. plantarum,GCF_001596095.1,0,Nox,0be76acff1d03cb855968387feff33880e4c3c30ed1611188ef85f90e382e156,53.0,97.1,4.74e-152,475.0,1,multiquery_tblastn_querybound_v2
L. plantarum,GCF_001596095.1,0,uvrA,b0bcfe00dfb0394c9234e3dcf06b31ecf3af510d8088a7f5dc7995e3a99296ab,99.3,100.0,0.0,1480.0,1,multiquery_tblastn_querybound_v2
L. plantarum,GCF_001596095.1,0,uvrB,cd8ce439e5e0773e71067145054051d9edbb607ab99279e3a07771507195a791,77.0,100.0,0.0,1085.0,1,multiquery_tblastn_querybound_v2
L. plantarum,GCF_001596095.1,0,uvrC,49100507bfe018392aeabafe6aa1bad5f4d9331d8f417710122cd12e8d8cb58a,74.6,98.7,0.0,900.0,1,multiquery_tblastn_querybound_v2
L. plantarum,GCF_001596095.1,0,Spx,717b1d41af9f6ee3ec2e96fbd79d0bbb24c7955a45d5081a57840687e0d30263,99.3,100.0,3.22e-89,279.0,1,multiquery_tblastn_querybound_v2
L. plantarum,GCF_001596095.1,0,MgsR,3f9152ce3c4d05b93bcfbcd9968de0bd1b286a653cbfb49fe6c7a6b5b9c4da61,30.4,97.5,1.03e-12,60.1,0,multiquery_tblastn_querybound_v2
L. plantarum,GCF_001596095.1,0,SOD,43b2482586b259b2094193668820b0e2bb48c0b143f24850c45438bea0ec8a30,,,,,0,multiquery_tblastn_querybound_v2
L. plantarum,GCF_001596195.1,0,PerR,8b73744d28b23856a888a836fd88bb6452ffb6a653a9aabeba0ddaa87163b59e,50.4,91.1,1.16e-35,127.0,1,multiquery_tblastn_querybound_v2
L. plantarum,GCF_001596195.1,0,OhrR,a8c02a2a7527017769dfb24fc5e536ef983c8fa5fc340c4a1ca2074c042b924a,99.3,100.0,1.83e-91,286.0,1,multiquery_tblastn_querybound_v2
L. plantarum,GCF_001596195.1,0,Catalase,00de8f6e7f0bdd780f17ea79cfa1eaaf60798fe947a8078a9dfdcb607a5458d2,99.6,100.0,0.0,974.0,1,multiquery_tblastn_querybound_v2
L. plantarum,GCF_001596195.1,0,Fur,,,,,,0,multiquery_tblastn_querybound_v2
L. plantarum,GCF_001596195.1,0,Rex,b7b8248dc4b68951cd31396901a7201544fe9d4a7c82b64968cc3cd1a7ae17d8,37.3,95.9,1.28e-37,135.0,1,multiquery_tblastn_querybound_v2
L. plantarum,GCF_001596195.1,0,RecA,38695d4d1e9418e3bf4ace59f20c27f83ddbd49933aabbe417390bf8640363d1,79.6,88.9,3.61e-148,460.0,1,multiquery_tblastn_querybound_v2
L. plantarum,GCF_001596195.1,0,Mn_transport,ff5ae59a98c602b54710295c1571710f5c0c1334f7cd81b22d40bb13cae3a266,100.0,100.0,0.0,604.0,1,multiquery_tblastn_querybound_v2
L. plantarum,GCF_001596195.1,0,Nox,0be76acff1d03cb855968387feff33880e4c3c30ed1611188ef85f90e382e156,52.7,98.9,3.17e-154,481.0,1,multiquery_tblastn_querybound_v2
L. plantarum,GCF_001596195.1,0,uvrA,b0bcfe00dfb0394c9234e3dcf06b31ecf3af510d8088a7f5dc7995e3a99296ab,99.6,100.0,0.0,1485.0,1,multiquery_tblastn_querybound_v2
L. plantarum,GCF_001596195.1,0,uvrB,cd8ce439e5e0773e71067145054051d9edbb607ab99279e3a07771507195a791,77.0,100.0,0.0,1085.0,1,multiquery_tblastn_querybound_v2
L. plantarum,GCF_001596195.1,0,uvrC,49100507bfe018392aeabafe6aa1bad5f4d9331d8f417710122cd12e8d8cb58a,74.6,98.7,0.0,900.0,1,multiquery_tblastn_querybound_v2
L. plantarum,GCF_001596195.1,0,Spx,717b1d41af9f6ee3ec2e96fbd79d0bbb24c7955a45d5081a57840687e0d30263,99.3,100.0,3.55e-89,279.0,1,multiquery_tblastn_querybound_v2
L. plantarum,GCF_001596195.1,0,MgsR,3f9152ce3c4d05b93bcfbcd9968de0bd1b286a653cbfb49fe6c7a6b5b9c4da61,30.4,97.5,1.14e-12,60.1,0,multiquery_tblastn_querybound_v2
L. plantarum,GCF_001596195.1,0,SOD,43b2482586b259b2094193668820b0e2bb48c0b143f24850c45438bea0ec8a30,,,,,0,multiquery_tblastn_querybound_v2
L. plantarum,GCF_001597605.1,0,PerR,8b73744d28b23856a888a836fd88bb6452ffb6a653a9aabeba0ddaa87163b59e,50.4,91.1,1.17e-35,127.0,1,multiquery_tblastn_querybound_v2
L. plantarum,GCF_001597605.1,0,OhrR,a8c02a2a7527017769dfb24fc5e536ef983c8fa5fc340c4a1ca2074c042b924a,99.3,100.0,1.84e-91,286.0,1,multiquery_tblastn_querybound_v2
L. plantarum,GCF_001597605.1,0,Catalase,00de8f6e7f0bdd780f17ea79cfa1eaaf60798fe947a8078a9dfdcb607a5458d2,99.6,100.0,0.0,974.0,1,multiquery_tblastn_querybound_v2
L. plantarum,GCF_001597605.1,0,Fur,,,,,,0,multiquery_tblastn_querybound_v2
L. plantarum,GCF_001597605.1,0,Rex,b7b8248dc4b68951cd31396901a7201544fe9d4a7c82b64968cc3cd1a7ae17d8,37.3,95.9,1.29e-37,135.0,1,multiquery_tblastn_querybound_v2
L. plantarum,GCF_001597605.1,0,RecA,38695d4d1e9418e3bf4ace59f20c27f83ddbd49933aabbe417390bf8640363d1,79.6,88.9,3.63e-148,460.0,1,multiquery_tblastn_querybound_v2
L. plantarum,GCF_001597605.1,0,Mn_transport,ff5ae59a98c602b54710295c1571710f5c0c1334f7cd81b22d40bb13cae3a266,100.0,100.0,0.0,604.0,1,multiquery_tblastn_querybound_v2
L. plantarum,GCF_001597605.1,0,Nox,0be76acff1d03cb855968387feff33880e4c3c30ed1611188ef85f90e382e156,52.7,98.9,3.18e-154,481.0,1,multiquery_tblastn_querybound_v2
L. plantarum,GCF_001597605.1,0,uvrA,b0bcfe00dfb0394c9234e3dcf06b31ecf3af510d8088a7f5dc7995e3a99296ab,99.6,100.0,0.0,1485.0,1,multiquery_tblastn_querybound_v2
L. plantarum,GCF_001597605.1,0,uvrB,cd8ce439e5e0773e71067145054051d9edbb607ab99279e3a07771507195a791,77.0,100.0,0.0,1085.0,1,multiquery_tblastn_querybound_v2
L. plantarum,GCF_001597605.1,0,uvrC,49100507bfe018392aeabafe6aa1bad5f4d9331d8f417710122cd12e8d8cb58a,74.6,98.7,0.0,900.0,1,multiquery_tblastn_querybound_v2
L. plantarum,GCF_001597605.1,0,Spx,717b1d41af9f6ee3ec2e96fbd79d0bbb24c7955a45d5081a57840687e0d30263,99.3,100.0,3.56e-89,279.0,1,multiquery_tblastn_querybound_v2
L. plantarum,GCF_001597605.1,0,MgsR,3f9152ce3c4d05b93bcfbcd9968de0bd1b286a653cbfb49fe6c7a6b5b9c4da61,30.4,97.5,1.14e-12,60.1,0,multiquery_tblastn_querybound_v2
L. plantarum,GCF_001597605.1,0,SOD,43b2482586b259b2094193668820b0e2bb48c0b143f24850c45438bea0ec8a30,,,,,0,multiquery_tblastn_querybound_v2
L. plantarum,GCF_001617525.2,0,PerR,8b73744d28b23856a888a836fd88bb6452ffb6a653a9aabeba0ddaa87163b59e,50.4,91.1,1.06e-35,127.0,1,multiquery_tblastn_querybound_v2
L. plantarum,GCF_001617525.2,0,OhrR,a8c02a2a7527017769dfb24fc5e536ef983c8fa5fc340c4a1ca2074c042b924a,100.0,100.0,2.38e-92,289.0,1,multiquery_tblastn_querybound_v2
L. plantarum,GCF_001617525.2,0,Catalase,00de8f6e7f0bdd780f17ea79cfa1eaaf60798fe947a8078a9dfdcb607a5458d2,99.8,100.0,0.0,975.0,1,multiquery_tblastn_querybound_v2
L. plantarum,GCF_001617525.2,0,Fur,,,,,,0,multiquery_tblastn_querybound_v2
L. plantarum,GCF_001617525.2,0,Rex,b7b8248dc4b68951cd31396901a7201544fe9d4a7c82b64968cc3cd1a7ae17d8,37.3,95.9,1.17e-37,135.0,1,multiquery_tblastn_querybound_v2
L. plantarum,GCF_001617525.2,0,RecA,38695d4d1e9418e3bf4ace59f20c27f83ddbd49933aabbe417390bf8640363d1,79.6,88.9,3.3e-148,460.0,1,multiquery_tblastn_querybound_v2
L. plantarum,GCF_001617525.2,0,Mn_transport,ff5ae59a98c602b54710295c1571710f5c0c1334f7cd81b22d40bb13cae3a266,100.0,100.0,0.0,604.0,1,multiquery_tblastn_querybound_v2
L. plantarum,GCF_001617525.2,0,Nox,0be76acff1d03cb855968387feff33880e4c3c30ed1611188ef85f90e382e156,53.0,97.1,4.76e-152,475.0,1,multiquery_tblastn_querybound_v2
L. plantarum,GCF_001617525.2,0,uvrA,b0bcfe00dfb0394c9234e3dcf06b31ecf3af510d8088a7f5dc7995e3a99296ab,99.3,100.0,0.0,1479.0,1,multiquery_tblastn_querybound_v2
L. plantarum,GCF_001617525.2,0,uvrB,cd8ce439e5e0773e71067145054051d9edbb607ab99279e3a07771507195a791,77.0,100.0,0.0,1085.0,1,multiquery_tblastn_querybound_v2
L. plantarum,GCF_001617525.2,0,uvrC,49100507bfe018392aeabafe6aa1bad5f4d9331d8f417710122cd12e8d8cb58a,74.6,98.7,0.0,900.0,1,multiquery_tblastn_querybound_v2
L. plantarum,GCF_001617525.2,0,Spx,717b1d41af9f6ee3ec2e96fbd79d0bbb24c7955a45d5081a57840687e0d30263,100.0,100.0,9.35e-90,281.0,1,multiquery_tblastn_querybound_v2
L. plantarum,GCF_001617525.2,0,MgsR,3f9152ce3c4d05b93bcfbcd9968de0bd1b286a653cbfb49fe6c7a6b5b9c4da61,30.4,97.5,1.03e-12,60.1,0,multiquery_tblastn_querybound_v2
L. plantarum,GCF_001617525.2,0,SOD,43b2482586b259b2094193668820b0e2bb48c0b143f24850c45438bea0ec8a30,,,,,0,multiquery_tblastn_querybound_v2
L. plantarum,GCF_001619265.1,0,PerR,8b73744d28b23856a888a836fd88bb6452ffb6a653a9aabeba0ddaa87163b59e,50.4,91.1,1.03e-35,127.0,1,multiquery_tblastn_querybound_v2
L. plantarum,GCF_001619265.1,0,OhrR,a8c02a2a7527017769dfb24fc5e536ef983c8fa5fc340c4a1ca2074c042b924a,100.0,100.0,2.3e-92,289.0,1,multiquery_tblastn_querybound_v2
L. plantarum,GCF_001619265.1,0,Catalase,00de8f6e7f0bdd780f17ea79cfa1eaaf60798fe947a8078a9dfdcb607a5458d2,99.8,100.0,0.0,975.0,1,multiquery_tblastn_querybound_v2
L. plantarum,GCF_001619265.1,0,Fur,,,,,,0,multiquery_tblastn_querybound_v2
L. plantarum,GCF_001619265.1,0,Rex,b7b8248dc4b68951cd31396901a7201544fe9d4a7c82b64968cc3cd1a7ae17d8,37.3,95.9,1.13e-37,135.0,1,multiquery_tblastn_querybound_v2
L. plantarum,GCF_001619265.1,0,RecA,38695d4d1e9418e3bf4ace59f20c27f83ddbd49933aabbe417390bf8640363d1,79.6,88.9,3.12e-148,460.0,1,multiquery_tblastn_querybound_v2
L. plantarum,GCF_001619265.1,0,Mn_transport,ff5ae59a98c602b54710295c1571710f5c0c1334f7cd81b22d40bb13cae3a266,100.0,100.0,0.0,604.0,1,multiquery_tblastn_querybound_v2
L. plantarum,GCF_001619265.1,0,Nox,0be76acff1d03cb855968387feff33880e4c3c30ed1611188ef85f90e382e156,53.0,97.1,4.6e-152,475.0,1,multiquery_tblastn_querybound_v2
L. plantarum,GCF_001619265.1,0,uvrA,b0bcfe00dfb0394c9234e3dcf06b31ecf3af510d8088a7f5dc7995e3a99296ab,99.3,100.0,0.0,1479.0,1,multiquery_tblastn_querybound_v2
L. plantarum,GCF_001619265.1,0,uvrB,cd8ce439e5e0773e71067145054051d9edbb607ab99279e3a07771507195a791,77.0,100.0,0.0,1085.0,1,multiquery_tblastn_querybound_v2
L. plantarum,GCF_001619265.1,0,uvrC,49100507bfe018392aeabafe6aa1bad5f4d9331d8f417710122cd12e8d8cb58a,74.6,98.7,0.0,900.0,1,multiquery_tblastn_querybound_v2
L. plantarum,GCF_001619265.1,0,Spx,717b1d41af9f6ee3ec2e96fbd79d0bbb24c7955a45d5081a57840687e0d30263,100.0,100.0,9.04e-90,281.0,1,multiquery_tblastn_querybound_v2
L. plantarum,GCF_001619265.1,0,MgsR,3f9152ce3c4d05b93bcfbcd9968de0bd1b286a653cbfb49fe6c7a6b5b9c4da61,30.4,97.5,1e-12,60.1,0,multiquery_tblastn_querybound_v2
L. plantarum,GCF_001619265.1,0,SOD,43b2482586b259b2094193668820b0e2bb48c0b143f24850c45438bea0ec8a30,,,,,0,multiquery_tblastn_querybound_v2
L. plantarum,GCF_009913655.1,0,PerR,8b73744d28b23856a888a836fd88bb6452ffb6a653a9aabeba0ddaa87163b59e,50.4,91.1,1.04e-35,127.0,1,multiquery_tblastn_querybound_v2
L. plantarum,GCF_009913655.1,0,OhrR,a8c02a2a7527017769dfb24fc5e536ef983c8fa5fc340c4a1ca2074c042b924a,99.3,100.0,1.64e-91,286.0,1,multiquery_tblastn_querybound_v2
L. plantarum,GCF_009913655.1,0,Catalase,00de8f6e7f0bdd780f17ea79cfa1eaaf60798fe947a8078a9dfdcb607a5458d2,100.0,100.0,0.0,979.0,1,multiquery_tblastn_querybound_v2
L. plantarum,GCF_009913655.1,0,Fur,,,,,,0,multiquery_tblastn_querybound_v2
L. plantarum,GCF_009913655.1,0,Rex,b7b8248dc4b68951cd31396901a7201544fe9d4a7c82b64968cc3cd1a7ae17d8,37.3,95.9,1.15e-37,135.0,1,multiquery_tblastn_querybound_v2
L. plantarum,GCF_009913655.1,0,RecA,38695d4d1e9418e3bf4ace59f20c27f83ddbd49933aabbe417390bf8640363d1,79.6,88.9,3.25e-148,460.0,1,multiquery_tblastn_querybound_v2
L. plantarum,GCF_009913655.1,0,Mn_transport,ff5ae59a98c602b54710295c1571710f5c0c1334f7cd81b22d40bb13cae3a266,100.0,100.0,0.0,604.0,1,multiquery_tblastn_querybound_v2
L. plantarum,GCF_009913655.1,0,Nox,0be76acff1d03cb855968387feff33880e4c3c30ed1611188ef85f90e382e156,53.0,97.1,4.69e-152,475.0,1,multiquery_tblastn_querybound_v2
L. plantarum,GCF_009913655.1,0,uvrA,b0bcfe00dfb0394c9234e3dcf06b31ecf3af510d8088a7f5dc7995e3a99296ab,99.6,100.0,0.0,1483.0,1,multiquery_tblastn_querybound_v2
L. plantarum,GCF_009913655.1,0,uvrB,cd8ce439e5e0773e71067145054051d9edbb607ab99279e3a07771507195a791,77.0,100.0,0.0,1085.0,1,multiquery_tblastn_querybound_v2
L. plantarum,GCF_009913655.1,0,uvrC,49100507bfe018392aeabafe6aa1bad5f4d9331d8f417710122cd12e8d8cb58a,74.6,98.7,0.0,900.0,1,multiquery_tblastn_querybound_v2
L. plantarum,GCF_009913655.1,0,Spx,717b1d41af9f6ee3ec2e96fbd79d0bbb24c7955a45d5081a57840687e0d30263,99.3,100.0,3.18e-89,279.0,1,multiquery_tblastn_querybound_v2
L. plantarum,GCF_009913655.1,0,MgsR,3f9152ce3c4d05b93bcfbcd9968de0bd1b286a653cbfb49fe6c7a6b5b9c4da61,30.4,97.5,1.02e-12,60.1,0,multiquery_tblastn_querybound_v2
L. plantarum,GCF_009913655.1,0,SOD,43b2482586b259b2094193668820b0e2bb48c0b143f24850c45438bea0ec8a30,,,,,0,multiquery_tblastn_querybound_v2
L. plantarum,ZPZ,1,PerR,8b73744d28b23856a888a836fd88bb6452ffb6a653a9aabeba0ddaa87163b59e,50.4,91.1,1.07e-35,127.0,1,multiquery_tblastn_querybound_v2
L. plantarum,ZPZ,1,OhrR,a8c02a2a7527017769dfb24fc5e536ef983c8fa5fc340c4a1ca2074c042b924a,99.3,100.0,1.68e-91,286.0,1,multiquery_tblastn_querybound_v2
L. plantarum,ZPZ,1,Catalase,00de8f6e7f0bdd780f17ea79cfa1eaaf60798fe947a8078a9dfdcb607a5458d2,99.8,100.0,0.0,978.0,1,multiquery_tblastn_querybound_v2
L. plantarum,ZPZ,1,Fur,,,,,,0,multiquery_tblastn_querybound_v2
L. plantarum,ZPZ,1,Rex,b7b8248dc4b68951cd31396901a7201544fe9d4a7c82b64968cc3cd1a7ae17d8,37.3,95.9,1.18e-37,135.0,1,multiquery_tblastn_querybound_v2
L. plantarum,ZPZ,1,RecA,38695d4d1e9418e3bf4ace59f20c27f83ddbd49933aabbe417390bf8640363d1,79.6,88.9,3.3e-148,460.0,1,multiquery_tblastn_querybound_v2
L. plantarum,ZPZ,1,Mn_transport,ff5ae59a98c602b54710295c1571710f5c0c1334f7cd81b22d40bb13cae3a266,100.0,100.0,0.0,604.0,1,multiquery_tblastn_querybound_v2
L. plantarum,ZPZ,1,Nox,0be76acff1d03cb855968387feff33880e4c3c30ed1611188ef85f90e382e156,53.0,97.1,3.31e-152,475.0,1,multiquery_tblastn_querybound_v2
L. plantarum,ZPZ,1,uvrA,b0bcfe00dfb0394c9234e3dcf06b31ecf3af510d8088a7f5dc7995e3a99296ab,99.5,100.0,0.0,1483.0,1,multiquery_tblastn_querybound_v2
L. plantarum,ZPZ,1,uvrB,cd8ce439e5e0773e71067145054051d9edbb607ab99279e3a07771507195a791,77.0,100.0,0.0,1085.0,1,multiquery_tblastn_querybound_v2
L. plantarum,ZPZ,1,uvrC,49100507bfe018392aeabafe6aa1bad5f4d9331d8f417710122cd12e8d8cb58a,74.4,98.7,0.0,899.0,1,multiquery_tblastn_querybound_v2
L. plantarum,ZPZ,1,Spx,717b1d41af9f6ee3ec2e96fbd79d0bbb24c7955a45d5081a57840687e0d30263,99.3,100.0,3.26e-89,279.0,1,multiquery_tblastn_querybound_v2
L. plantarum,ZPZ,1,MgsR,3f9152ce3c4d05b93bcfbcd9968de0bd1b286a653cbfb49fe6c7a6b5b9c4da61,30.4,97.5,1.04e-12,60.1,0,multiquery_tblastn_querybound_v2
L. plantarum,ZPZ,1,SOD,43b2482586b259b2094193668820b0e2bb48c0b143f24850c45438bea0ec8a30,,,,,0,multiquery_tblastn_querybound_v2
