record_type,species,accession,query_class,query_accession,subject_locus,pident,alignment_length,query_length,subject_length,coverage,evalue,bitscore,normalized_bitscore,query_set_hash,method_version
hit,L. rhamnosus,GCF_000743075.1,Fur,P54574,P1AB6110E8_02645,30.37,135.0,149.0,146.0,90.60402684563758,3.21e-23,85.5,0.5738255033557047,ad8389143129f15739e5c07ff32d0f06a029c5a21752047d37cf9e9ed8991fd1,reviewed_refs_competitive_blastp_context_v2
hit,L. rhamnosus,GCF_000743075.1,Fur,P54574,P1AB6110E8_02061,26.119,134.0,149.0,150.0,89.93288590604027,2.77e-11,54.7,0.36711409395973155,ad8389143129f15739e5c07ff32d0f06a029c5a21752047d37cf9e9ed8991fd1,reviewed_refs_competitive_blastp_context_v2
hit,L. rhamnosus,GCF_000743075.1,Zur,P54479,P1AB6110E8_02061,38.235,136.0,145.0,150.0,93.79310344827586,2.3e-33,111.0,0.7655172413793103,ad8389143129f15739e5c07ff32d0f06a029c5a21752047d37cf9e9ed8991fd1,reviewed_refs_competitive_blastp_context_v2
hit,L. rhamnosus,GCF_000743075.1,Zur,P54479,P1AB6110E8_02645,32.394,142.0,145.0,146.0,97.93103448275862,3.19e-19,75.1,0.5179310344827586,ad8389143129f15739e5c07ff32d0f06a029c5a21752047d37cf9e9ed8991fd1,reviewed_refs_competitive_blastp_context_v2
hit,L. rhamnosus,GCF_000743075.1,PerR,P71086,P1AB6110E8_02645,56.296,135.0,145.0,146.0,93.10344827586206,7.17e-56,168.0,1.1586206896551725,ad8389143129f15739e5c07ff32d0f06a029c5a21752047d37cf9e9ed8991fd1,reviewed_refs_competitive_blastp_context_v2
hit,L. rhamnosus,GCF_000743075.1,PerR,P71086,P1AB6110E8_02061,32.847,137.0,145.0,150.0,94.48275862068965,7.7e-21,79.3,0.5468965517241379,ad8389143129f15739e5c07ff32d0f06a029c5a21752047d37cf9e9ed8991fd1,reviewed_refs_competitive_blastp_context_v2
hit,L. rhamnosus,GCF_000743075.1,Spx,O31602,P1AB6110E8_01202,68.702,131.0,131.0,132.0,100.0,5.59e-68,197.0,1.5038167938931297,ad8389143129f15739e5c07ff32d0f06a029c5a21752047d37cf9e9ed8991fd1,reviewed_refs_competitive_blastp_context_v2
hit,L. rhamnosus,GCF_000743075.1,Spx,O31602,P1AB6110E8_02080,45.238,126.0,131.0,133.0,96.18320610687023,1.86e-38,123.0,0.9389312977099237,ad8389143129f15739e5c07ff32d0f06a029c5a21752047d37cf9e9ed8991fd1,reviewed_refs_competitive_blastp_context_v2
hit,L. rhamnosus,GCF_000743075.1,Spx,O31602,P1AB6110E8_00186,34.247,73.0,131.0,76.0,55.725190839694655,2e-09,47.4,0.3618320610687023,ad8389143129f15739e5c07ff32d0f06a029c5a21752047d37cf9e9ed8991fd1,reviewed_refs_competitive_blastp_context_v2
hit,L. rhamnosus,GCF_000743075.1,MgsR,P54503,P1AB6110E8_01202,44.037,109.0,126.0,132.0,86.5079365079365,1.3e-34,113.0,0.8968253968253969,ad8389143129f15739e5c07ff32d0f06a029c5a21752047d37cf9e9ed8991fd1,reviewed_refs_competitive_blastp_context_v2
hit,L. rhamnosus,GCF_000743075.1,MgsR,P54503,P1AB6110E8_02080,31.429,105.0,126.0,133.0,83.33333333333333,4.3e-24,86.7,0.6880952380952381,ad8389143129f15739e5c07ff32d0f06a029c5a21752047d37cf9e9ed8991fd1,reviewed_refs_competitive_blastp_context_v2
hit,L. rhamnosus,GCF_000743075.1,OhrR,O34777,P1AB6110E8_00540,39.706,136.0,147.0,151.0,92.51700680272108,4.18e-31,105.0,0.7142857142857143,ad8389143129f15739e5c07ff32d0f06a029c5a21752047d37cf9e9ed8991fd1,reviewed_refs_competitive_blastp_context_v2
hit,L. rhamnosus,GCF_000743075.1,Rex,O05521,P1AB6110E8_00754,60.68,206.0,215.0,217.0,95.81395348837209,1.2e-90,262.0,1.2186046511627906,ad8389143129f15739e5c07ff32d0f06a029c5a21752047d37cf9e9ed8991fd1,reviewed_refs_competitive_blastp_context_v2
hit,L. rhamnosus,GCF_000743075.1,Rex,O05521,P1AB6110E8_01533,41.262,206.0,215.0,221.0,95.81395348837209,1.6e-51,162.0,0.7534883720930232,ad8389143129f15739e5c07ff32d0f06a029c5a21752047d37cf9e9ed8991fd1,reviewed_refs_competitive_blastp_context_v2
status,L. rhamnosus,GCF_000743075.1,,,,,,,,,,,,ad8389143129f15739e5c07ff32d0f06a029c5a21752047d37cf9e9ed8991fd1,reviewed_refs_competitive_blastp_context_v2
hit,L. rhamnosus,GCF_000801045.1,Fur,P54574,P159FD3029_02702,30.37,135.0,149.0,146.0,90.60402684563758,4.3e-23,85.1,0.5711409395973154,ad8389143129f15739e5c07ff32d0f06a029c5a21752047d37cf9e9ed8991fd1,reviewed_refs_competitive_blastp_context_v2
hit,L. rhamnosus,GCF_000801045.1,Fur,P54574,P159FD3029_01662,26.866,134.0,149.0,150.0,89.93288590604027,5.62e-12,56.6,0.37986577181208053,ad8389143129f15739e5c07ff32d0f06a029c5a21752047d37cf9e9ed8991fd1,reviewed_refs_competitive_blastp_context_v2
hit,L. rhamnosus,GCF_000801045.1,Zur,P54479,P159FD3029_01662,37.5,136.0,145.0,150.0,93.79310344827586,2.96e-33,111.0,0.7655172413793103,ad8389143129f15739e5c07ff32d0f06a029c5a21752047d37cf9e9ed8991fd1,reviewed_refs_competitive_blastp_context_v2
hit,L. rhamnosus,GCF_000801045.1,Zur,P54479,P159FD3029_02702,31.69,142.0,145.0,146.0,97.93103448275862,5.46e-19,74.7,0.5151724137931035,ad8389143129f15739e5c07ff32d0f06a029c5a21752047d37cf9e9ed8991fd1,reviewed_refs_competitive_blastp_context_v2
hit,L. rhamnosus,GCF_000801045.1,PerR,P71086,P159FD3029_02702,55.556,135.0,145.0,146.0,93.10344827586206,1.4e-55,167.0,1.1517241379310346,ad8389143129f15739e5c07ff32d0f06a029c5a21752047d37cf9e9ed8991fd1,reviewed_refs_competitive_blastp_context_v2
hit,L. rhamnosus,GCF_000801045.1,PerR,P71086,P159FD3029_01662,33.577,137.0,145.0,150.0,94.48275862068965,1.59e-21,81.3,0.5606896551724138,ad8389143129f15739e5c07ff32d0f06a029c5a21752047d37cf9e9ed8991fd1,reviewed_refs_competitive_blastp_context_v2
hit,L. rhamnosus,GCF_000801045.1,Spx,O31602,P159FD3029_01845,68.702,131.0,131.0,132.0,100.0,5.66e-68,197.0,1.5038167938931297,ad8389143129f15739e5c07ff32d0f06a029c5a21752047d37cf9e9ed8991fd1,reviewed_refs_competitive_blastp_context_v2
hit,L. rhamnosus,GCF_000801045.1,Spx,O31602,P159FD3029_01681,43.651,126.0,131.0,133.0,96.18320610687023,7.12e-37,119.0,0.9083969465648855,ad8389143129f15739e5c07ff32d0f06a029c5a21752047d37cf9e9ed8991fd1,reviewed_refs_competitive_blastp_context_v2
hit,L. rhamnosus,GCF_000801045.1,Spx,O31602,P159FD3029_01443,34.247,73.0,131.0,76.0,55.725190839694655,2.02e-09,47.4,0.3618320610687023,ad8389143129f15739e5c07ff32d0f06a029c5a21752047d37cf9e9ed8991fd1,reviewed_refs_competitive_blastp_context_v2
hit,L. rhamnosus,GCF_000801045.1,MgsR,P54503,P159FD3029_01845,44.037,109.0,126.0,132.0,86.5079365079365,1.32e-34,113.0,0.8968253968253969,ad8389143129f15739e5c07ff32d0f06a029c5a21752047d37cf9e9ed8991fd1,reviewed_refs_competitive_blastp_context_v2
hit,L. rhamnosus,GCF_000801045.1,MgsR,P54503,P159FD3029_01681,30.476,105.0,126.0,133.0,83.33333333333333,3.64e-23,84.3,0.669047619047619,ad8389143129f15739e5c07ff32d0f06a029c5a21752047d37cf9e9ed8991fd1,reviewed_refs_competitive_blastp_context_v2
hit,L. rhamnosus,GCF_000801045.1,OhrR,O34777,P159FD3029_00141,39.706,136.0,147.0,151.0,92.51700680272108,4.23e-31,105.0,0.7142857142857143,ad8389143129f15739e5c07ff32d0f06a029c5a21752047d37cf9e9ed8991fd1,reviewed_refs_competitive_blastp_context_v2
hit,L. rhamnosus,GCF_000801045.1,OhrR,O34777,P159FD3029_01793,23.009,113.0,147.0,165.0,76.87074829931973,4.88e-08,46.2,0.3142857142857143,ad8389143129f15739e5c07ff32d0f06a029c5a21752047d37cf9e9ed8991fd1,reviewed_refs_competitive_blastp_context_v2
hit,L. rhamnosus,GCF_000801045.1,Rex,O05521,P159FD3029_00825,60.68,206.0,215.0,217.0,95.81395348837209,1.21e-90,262.0,1.2186046511627906,ad8389143129f15739e5c07ff32d0f06a029c5a21752047d37cf9e9ed8991fd1,reviewed_refs_competitive_blastp_context_v2
hit,L. rhamnosus,GCF_000801045.1,Rex,O05521,P159FD3029_02375,42.564,195.0,215.0,221.0,90.69767441860465,3.22e-50,159.0,0.7395348837209302,ad8389143129f15739e5c07ff32d0f06a029c5a21752047d37cf9e9ed8991fd1,reviewed_refs_competitive_blastp_context_v2
status,L. rhamnosus,GCF_000801045.1,,,,,,,,,,,,ad8389143129f15739e5c07ff32d0f06a029c5a21752047d37cf9e9ed8991fd1,reviewed_refs_competitive_blastp_context_v2
hit,L. rhamnosus,GCF_000814485.1,Fur,P54574,P16F326D0F_02891,30.37,135.0,149.0,146.0,90.60402684563758,4.45e-23,85.1,0.5711409395973154,ad8389143129f15739e5c07ff32d0f06a029c5a21752047d37cf9e9ed8991fd1,reviewed_refs_competitive_blastp_context_v2
hit,L. rhamnosus,GCF_000814485.1,Fur,P54574,P16F326D0F_02790,26.866,134.0,149.0,150.0,89.93288590604027,9.11e-12,55.8,0.374496644295302,ad8389143129f15739e5c07ff32d0f06a029c5a21752047d37cf9e9ed8991fd1,reviewed_refs_competitive_blastp_context_v2
hit,L. rhamnosus,GCF_000814485.1,Zur,P54479,P16F326D0F_02790,37.5,136.0,145.0,150.0,93.79310344827586,4.78e-33,110.0,0.7586206896551724,ad8389143129f15739e5c07ff32d0f06a029c5a21752047d37cf9e9ed8991fd1,reviewed_refs_competitive_blastp_context_v2
hit,L. rhamnosus,GCF_000814485.1,Zur,P54479,P16F326D0F_02891,31.69,142.0,145.0,146.0,97.93103448275862,5.64e-19,74.7,0.5151724137931035,ad8389143129f15739e5c07ff32d0f06a029c5a21752047d37cf9e9ed8991fd1,reviewed_refs_competitive_blastp_context_v2
hit,L. rhamnosus,GCF_000814485.1,PerR,P71086,P16F326D0F_02891,55.556,135.0,145.0,146.0,93.10344827586206,1.45e-55,167.0,1.1517241379310346,ad8389143129f15739e5c07ff32d0f06a029c5a21752047d37cf9e9ed8991fd1,reviewed_refs_competitive_blastp_context_v2
hit,L. rhamnosus,GCF_000814485.1,PerR,P71086,P16F326D0F_02790,33.577,137.0,145.0,150.0,94.48275862068965,2.75e-21,80.5,0.5551724137931034,ad8389143129f15739e5c07ff32d0f06a029c5a21752047d37cf9e9ed8991fd1,reviewed_refs_competitive_blastp_context_v2
hit,L. rhamnosus,GCF_000814485.1,Spx,O31602,P16F326D0F_00191,68.702,131.0,131.0,132.0,100.0,5.85e-68,197.0,1.5038167938931297,ad8389143129f15739e5c07ff32d0f06a029c5a21752047d37cf9e9ed8991fd1,reviewed_refs_competitive_blastp_context_v2
hit,L. rhamnosus,GCF_000814485.1,Spx,O31602,P16F326D0F_02897,44.444,126.0,131.0,133.0,96.18320610687023,1.74e-37,120.0,0.916030534351145,ad8389143129f15739e5c07ff32d0f06a029c5a21752047d37cf9e9ed8991fd1,reviewed_refs_competitive_blastp_context_v2
hit,L. rhamnosus,GCF_000814485.1,Spx,O31602,P16F326D0F_01351,34.247,73.0,131.0,76.0,55.725190839694655,2.09e-09,47.4,0.3618320610687023,ad8389143129f15739e5c07ff32d0f06a029c5a21752047d37cf9e9ed8991fd1,reviewed_refs_competitive_blastp_context_v2
hit,L. rhamnosus,GCF_000814485.1,MgsR,P54503,P16F326D0F_00191,44.037,109.0,126.0,132.0,86.5079365079365,1.36e-34,113.0,0.8968253968253969,ad8389143129f15739e5c07ff32d0f06a029c5a21752047d37cf9e9ed8991fd1,reviewed_refs_competitive_blastp_context_v2
hit,L. rhamnosus,GCF_000814485.1,MgsR,P54503,P16F326D0F_02897,31.429,105.0,126.0,133.0,83.33333333333333,2.1e-23,84.7,0.6722222222222223,ad8389143129f15739e5c07ff32d0f06a029c5a21752047d37cf9e9ed8991fd1,reviewed_refs_competitive_blastp_context_v2
hit,L. rhamnosus,GCF_000814485.1,OhrR,O34777,P16F326D0F_00511,39.706,136.0,147.0,151.0,92.51700680272108,4.37e-31,105.0,0.7142857142857143,ad8389143129f15739e5c07ff32d0f06a029c5a21752047d37cf9e9ed8991fd1,reviewed_refs_competitive_blastp_context_v2
hit,L. rhamnosus,GCF_000814485.1,OhrR,O34777,P16F326D0F_02765,22.222,117.0,147.0,180.0,79.59183673469387,5.58e-08,46.2,0.3142857142857143,ad8389143129f15739e5c07ff32d0f06a029c5a21752047d37cf9e9ed8991fd1,reviewed_refs_competitive_blastp_context_v2
hit,L. rhamnosus,GCF_000814485.1,Rex,O05521,P16F326D0F_00852,60.68,206.0,215.0,217.0,95.81395348837209,6.79e-91,262.0,1.2186046511627906,ad8389143129f15739e5c07ff32d0f06a029c5a21752047d37cf9e9ed8991fd1,reviewed_refs_competitive_blastp_context_v2
hit,L. rhamnosus,GCF_000814485.1,Rex,O05521,P16F326D0F_02281,42.564,195.0,215.0,221.0,90.69767441860465,1.05e-50,160.0,0.7441860465116279,ad8389143129f15739e5c07ff32d0f06a029c5a21752047d37cf9e9ed8991fd1,reviewed_refs_competitive_blastp_context_v2
status,L. rhamnosus,GCF_000814485.1,,,,,,,,,,,,ad8389143129f15739e5c07ff32d0f06a029c5a21752047d37cf9e9ed8991fd1,reviewed_refs_competitive_blastp_context_v2
hit,L. rhamnosus,GCF_000932035.1,Fur,P54574,P10D559847_02669,30.37,135.0,149.0,146.0,90.60402684563758,3.36e-23,85.5,0.5738255033557047,ad8389143129f15739e5c07ff32d0f06a029c5a21752047d37cf9e9ed8991fd1,reviewed_refs_competitive_blastp_context_v2
hit,L. rhamnosus,GCF_000932035.1,Fur,P54574,P10D559847_01332,26.119,134.0,149.0,150.0,89.93288590604027,2.75e-11,54.7,0.36711409395973155,ad8389143129f15739e5c07ff32d0f06a029c5a21752047d37cf9e9ed8991fd1,reviewed_refs_competitive_blastp_context_v2
hit,L. rhamnosus,GCF_000932035.1,Zur,P54479,P10D559847_01332,38.235,136.0,145.0,150.0,93.79310344827586,2.28e-33,111.0,0.7655172413793103,ad8389143129f15739e5c07ff32d0f06a029c5a21752047d37cf9e9ed8991fd1,reviewed_refs_competitive_blastp_context_v2
hit,L. rhamnosus,GCF_000932035.1,Zur,P54479,P10D559847_02669,31.034,145.0,145.0,146.0,100.0,5.01e-19,74.7,0.5151724137931035,ad8389143129f15739e5c07ff32d0f06a029c5a21752047d37cf9e9ed8991fd1,reviewed_refs_competitive_blastp_context_v2
hit,L. rhamnosus,GCF_000932035.1,PerR,P71086,P10D559847_02669,55.556,135.0,145.0,146.0,93.10344827586206,1.26e-55,167.0,1.1517241379310346,ad8389143129f15739e5c07ff32d0f06a029c5a21752047d37cf9e9ed8991fd1,reviewed_refs_competitive_blastp_context_v2
hit,L. rhamnosus,GCF_000932035.1,PerR,P71086,P10D559847_01332,32.847,137.0,145.0,150.0,94.48275862068965,7.63e-21,79.3,0.5468965517241379,ad8389143129f15739e5c07ff32d0f06a029c5a21752047d37cf9e9ed8991fd1,reviewed_refs_competitive_blastp_context_v2
hit,L. rhamnosus,GCF_000932035.1,Spx,O31602,P10D559847_00394,68.702,131.0,131.0,132.0,100.0,5.54e-68,197.0,1.5038167938931297,ad8389143129f15739e5c07ff32d0f06a029c5a21752047d37cf9e9ed8991fd1,reviewed_refs_competitive_blastp_context_v2
hit,L. rhamnosus,GCF_000932035.1,Spx,O31602,P10D559847_01599,45.238,126.0,131.0,133.0,96.18320610687023,1.84e-38,123.0,0.9389312977099237,ad8389143129f15739e5c07ff32d0f06a029c5a21752047d37cf9e9ed8991fd1,reviewed_refs_competitive_blastp_context_v2
hit,L. rhamnosus,GCF_000932035.1,Spx,O31602,P10D559847_00528,34.247,73.0,131.0,76.0,55.725190839694655,1.98e-09,47.4,0.3618320610687023,ad8389143129f15739e5c07ff32d0f06a029c5a21752047d37cf9e9ed8991fd1,reviewed_refs_competitive_blastp_context_v2
hit,L. rhamnosus,GCF_000932035.1,MgsR,P54503,P10D559847_00394,44.037,109.0,126.0,132.0,86.5079365079365,1.29e-34,113.0,0.8968253968253969,ad8389143129f15739e5c07ff32d0f06a029c5a21752047d37cf9e9ed8991fd1,reviewed_refs_competitive_blastp_context_v2
hit,L. rhamnosus,GCF_000932035.1,MgsR,P54503,P10D559847_01599,31.429,105.0,126.0,133.0,83.33333333333333,4.26e-24,86.7,0.6880952380952381,ad8389143129f15739e5c07ff32d0f06a029c5a21752047d37cf9e9ed8991fd1,reviewed_refs_competitive_blastp_context_v2
hit,L. rhamnosus,GCF_000932035.1,OhrR,O34777,P10D559847_00702,39.706,136.0,147.0,151.0,92.51700680272108,4.14e-31,105.0,0.7142857142857143,ad8389143129f15739e5c07ff32d0f06a029c5a21752047d37cf9e9ed8991fd1,reviewed_refs_competitive_blastp_context_v2
hit,L. rhamnosus,GCF_000932035.1,OhrR,O34777,P10D559847_02181,23.009,113.0,147.0,165.0,76.87074829931973,4.78e-08,46.2,0.3142857142857143,ad8389143129f15739e5c07ff32d0f06a029c5a21752047d37cf9e9ed8991fd1,reviewed_refs_competitive_blastp_context_v2
hit,L. rhamnosus,GCF_000932035.1,Rex,O05521,P10D559847_02220,60.68,206.0,215.0,217.0,95.81395348837209,1.19e-90,262.0,1.2186046511627906,ad8389143129f15739e5c07ff32d0f06a029c5a21752047d37cf9e9ed8991fd1,reviewed_refs_competitive_blastp_context_v2
hit,L. rhamnosus,GCF_000932035.1,Rex,O05521,P10D559847_00835,41.262,206.0,215.0,221.0,95.81395348837209,1.37e-51,162.0,0.7534883720930232,ad8389143129f15739e5c07ff32d0f06a029c5a21752047d37cf9e9ed8991fd1,reviewed_refs_competitive_blastp_context_v2
status,L. rhamnosus,GCF_000932035.1,,,,,,,,,,,,ad8389143129f15739e5c07ff32d0f06a029c5a21752047d37cf9e9ed8991fd1,reviewed_refs_competitive_blastp_context_v2
hit,L. rhamnosus,GCF_001005625.1,Fur,P54574,P1E1445BCF_01903,30.37,135.0,149.0,146.0,90.60402684563758,4.35e-23,85.1,0.5711409395973154,ad8389143129f15739e5c07ff32d0f06a029c5a21752047d37cf9e9ed8991fd1,reviewed_refs_competitive_blastp_context_v2
hit,L. rhamnosus,GCF_001005625.1,Fur,P54574,P1E1445BCF_01106,26.866,134.0,149.0,150.0,89.93288590604027,8.9e-12,55.8,0.374496644295302,ad8389143129f15739e5c07ff32d0f06a029c5a21752047d37cf9e9ed8991fd1,reviewed_refs_competitive_blastp_context_v2
hit,L. rhamnosus,GCF_001005625.1,Zur,P54479,P1E1445BCF_01106,37.5,136.0,145.0,150.0,93.79310344827586,4.67e-33,110.0,0.7586206896551724,ad8389143129f15739e5c07ff32d0f06a029c5a21752047d37cf9e9ed8991fd1,reviewed_refs_competitive_blastp_context_v2
hit,L. rhamnosus,GCF_001005625.1,Zur,P54479,P1E1445BCF_01903,31.69,142.0,145.0,146.0,97.93103448275862,5.52e-19,74.7,0.5151724137931035,ad8389143129f15739e5c07ff32d0f06a029c5a21752047d37cf9e9ed8991fd1,reviewed_refs_competitive_blastp_context_v2
hit,L. rhamnosus,GCF_001005625.1,PerR,P71086,P1E1445BCF_01903,55.556,135.0,145.0,146.0,93.10344827586206,1.41e-55,167.0,1.1517241379310346,ad8389143129f15739e5c07ff32d0f06a029c5a21752047d37cf9e9ed8991fd1,reviewed_refs_competitive_blastp_context_v2
hit,L. rhamnosus,GCF_001005625.1,PerR,P71086,P1E1445BCF_01106,33.577,137.0,145.0,150.0,94.48275862068965,2.69e-21,80.5,0.5551724137931034,ad8389143129f15739e5c07ff32d0f06a029c5a21752047d37cf9e9ed8991fd1,reviewed_refs_competitive_blastp_context_v2
hit,L. rhamnosus,GCF_001005625.1,Spx,O31602,P1E1445BCF_00930,67.939,131.0,131.0,132.0,100.0,6.1e-67,195.0,1.4885496183206106,ad8389143129f15739e5c07ff32d0f06a029c5a21752047d37cf9e9ed8991fd1,reviewed_refs_competitive_blastp_context_v2
hit,L. rhamnosus,GCF_001005625.1,Spx,O31602,P1E1445BCF_01087,45.238,126.0,131.0,133.0,96.18320610687023,1.34e-38,123.0,0.9389312977099237,ad8389143129f15739e5c07ff32d0f06a029c5a21752047d37cf9e9ed8991fd1,reviewed_refs_competitive_blastp_context_v2
hit,L. rhamnosus,GCF_001005625.1,Spx,O31602,P1E1445BCF_00664,34.247,73.0,131.0,76.0,55.725190839694655,2.05e-09,47.4,0.3618320610687023,ad8389143129f15739e5c07ff32d0f06a029c5a21752047d37cf9e9ed8991fd1,reviewed_refs_competitive_blastp_context_v2
hit,L. rhamnosus,GCF_001005625.1,MgsR,P54503,P1E1445BCF_00930,43.119,109.0,126.0,132.0,86.5079365079365,2.47e-33,110.0,0.873015873015873,ad8389143129f15739e5c07ff32d0f06a029c5a21752047d37cf9e9ed8991fd1,reviewed_refs_competitive_blastp_context_v2
hit,L. rhamnosus,GCF_001005625.1,MgsR,P54503,P1E1445BCF_01087,31.429,105.0,126.0,133.0,83.33333333333333,4.03e-24,86.7,0.6880952380952381,ad8389143129f15739e5c07ff32d0f06a029c5a21752047d37cf9e9ed8991fd1,reviewed_refs_competitive_blastp_context_v2
hit,L. rhamnosus,GCF_001005625.1,OhrR,O34777,P1E1445BCF_02100,39.706,136.0,147.0,151.0,92.51700680272108,4.27e-31,105.0,0.7142857142857143,ad8389143129f15739e5c07ff32d0f06a029c5a21752047d37cf9e9ed8991fd1,reviewed_refs_competitive_blastp_context_v2
hit,L. rhamnosus,GCF_001005625.1,OhrR,O34777,P1E1445BCF_00076,22.222,117.0,147.0,180.0,79.59183673469387,5.45e-08,46.2,0.3142857142857143,ad8389143129f15739e5c07ff32d0f06a029c5a21752047d37cf9e9ed8991fd1,reviewed_refs_competitive_blastp_context_v2
hit,L. rhamnosus,GCF_001005625.1,Rex,O05521,P1E1445BCF_00180,60.68,206.0,215.0,217.0,95.81395348837209,1.22e-90,262.0,1.2186046511627906,ad8389143129f15739e5c07ff32d0f06a029c5a21752047d37cf9e9ed8991fd1,reviewed_refs_competitive_blastp_context_v2
hit,L. rhamnosus,GCF_001005625.1,Rex,O05521,P1E1445BCF_01267,42.564,195.0,215.0,221.0,90.69767441860465,1.03e-50,160.0,0.7441860465116279,ad8389143129f15739e5c07ff32d0f06a029c5a21752047d37cf9e9ed8991fd1,reviewed_refs_competitive_blastp_context_v2
status,L. rhamnosus,GCF_001005625.1,,,,,,,,,,,,ad8389143129f15739e5c07ff32d0f06a029c5a21752047d37cf9e9ed8991fd1,reviewed_refs_competitive_blastp_context_v2
hit,L. rhamnosus,GCF_001044025.1,Fur,P54574,P1282E20EA_01782,30.37,135.0,149.0,146.0,90.60402684563758,4.1e-23,85.1,0.5711409395973154,ad8389143129f15739e5c07ff32d0f06a029c5a21752047d37cf9e9ed8991fd1,reviewed_refs_competitive_blastp_context_v2
hit,L. rhamnosus,GCF_001044025.1,Fur,P54574,P1282E20EA_01328,26.119,134.0,149.0,150.0,89.93288590604027,2.67e-11,54.7,0.36711409395973155,ad8389143129f15739e5c07ff32d0f06a029c5a21752047d37cf9e9ed8991fd1,reviewed_refs_competitive_blastp_context_v2
hit,L. rhamnosus,GCF_001044025.1,Zur,P54479,P1282E20EA_01328,38.235,136.0,145.0,150.0,93.79310344827586,2.22e-33,111.0,0.7655172413793103,ad8389143129f15739e5c07ff32d0f06a029c5a21752047d37cf9e9ed8991fd1,reviewed_refs_competitive_blastp_context_v2
hit,L. rhamnosus,GCF_001044025.1,Zur,P54479,P1282E20EA_01782,31.69,142.0,145.0,146.0,97.93103448275862,5.2e-19,74.7,0.5151724137931035,ad8389143129f15739e5c07ff32d0f06a029c5a21752047d37cf9e9ed8991fd1,reviewed_refs_competitive_blastp_context_v2
hit,L. rhamnosus,GCF_001044025.1,PerR,P71086,P1282E20EA_01782,55.556,135.0,145.0,146.0,93.10344827586206,1.33e-55,167.0,1.1517241379310346,ad8389143129f15739e5c07ff32d0f06a029c5a21752047d37cf9e9ed8991fd1,reviewed_refs_competitive_blastp_context_v2
hit,L. rhamnosus,GCF_001044025.1,PerR,P71086,P1282E20EA_01328,32.847,137.0,145.0,150.0,94.48275862068965,7.43e-21,79.3,0.5468965517241379,ad8389143129f15739e5c07ff32d0f06a029c5a21752047d37cf9e9ed8991fd1,reviewed_refs_competitive_blastp_context_v2
hit,L. rhamnosus,GCF_001044025.1,Spx,O31602,P1282E20EA_00673,68.702,131.0,131.0,132.0,100.0,5.39e-68,197.0,1.5038167938931297,ad8389143129f15739e5c07ff32d0f06a029c5a21752047d37cf9e9ed8991fd1,reviewed_refs_competitive_blastp_context_v2
hit,L. rhamnosus,GCF_001044025.1,Spx,O31602,P1282E20EA_00926,45.238,126.0,131.0,133.0,96.18320610687023,1.79e-38,123.0,0.9389312977099237,ad8389143129f15739e5c07ff32d0f06a029c5a21752047d37cf9e9ed8991fd1,reviewed_refs_competitive_blastp_context_v2
hit,L. rhamnosus,GCF_001044025.1,Spx,O31602,P1282E20EA_01320,34.247,73.0,131.0,76.0,55.725190839694655,1.93e-09,47.4,0.3618320610687023,ad8389143129f15739e5c07ff32d0f06a029c5a21752047d37cf9e9ed8991fd1,reviewed_refs_competitive_blastp_context_v2
hit,L. rhamnosus,GCF_001044025.1,MgsR,P54503,P1282E20EA_00673,44.037,109.0,126.0,132.0,86.5079365079365,1.25e-34,113.0,0.8968253968253969,ad8389143129f15739e5c07ff32d0f06a029c5a21752047d37cf9e9ed8991fd1,reviewed_refs_competitive_blastp_context_v2
hit,L. rhamnosus,GCF_001044025.1,MgsR,P54503,P1282E20EA_00926,31.429,105.0,126.0,133.0,83.33333333333333,4.14e-24,86.7,0.6880952380952381,ad8389143129f15739e5c07ff32d0f06a029c5a21752047d37cf9e9ed8991fd1,reviewed_refs_competitive_blastp_context_v2
hit,L. rhamnosus,GCF_001044025.1,OhrR,O34777,P1282E20EA_01675,39.706,136.0,147.0,151.0,92.51700680272108,4.03e-31,105.0,0.7142857142857143,ad8389143129f15739e5c07ff32d0f06a029c5a21752047d37cf9e9ed8991fd1,reviewed_refs_competitive_blastp_context_v2
hit,L. rhamnosus,GCF_001044025.1,Rex,O05521,P1282E20EA_00045,60.68,206.0,215.0,217.0,95.81395348837209,1.15e-90,262.0,1.2186046511627906,ad8389143129f15739e5c07ff32d0f06a029c5a21752047d37cf9e9ed8991fd1,reviewed_refs_competitive_blastp_context_v2
hit,L. rhamnosus,GCF_001044025.1,Rex,O05521,P1282E20EA_00699,41.262,206.0,215.0,221.0,95.81395348837209,1.7e-51,162.0,0.7534883720930232,ad8389143129f15739e5c07ff32d0f06a029c5a21752047d37cf9e9ed8991fd1,reviewed_refs_competitive_blastp_context_v2
status,L. rhamnosus,GCF_001044025.1,,,,,,,,,,,,ad8389143129f15739e5c07ff32d0f06a029c5a21752047d37cf9e9ed8991fd1,reviewed_refs_competitive_blastp_context_v2
hit,L. rhamnosus,GCF_001044415.1,Fur,P54574,P17861965B_02678,30.37,135.0,149.0,146.0,90.60402684563758,4.25e-23,85.1,0.5711409395973154,ad8389143129f15739e5c07ff32d0f06a029c5a21752047d37cf9e9ed8991fd1,reviewed_refs_competitive_blastp_context_v2
hit,L. rhamnosus,GCF_001044415.1,Fur,P54574,P17861965B_02432,26.866,134.0,149.0,150.0,89.93288590604027,8.71e-12,55.8,0.374496644295302,ad8389143129f15739e5c07ff32d0f06a029c5a21752047d37cf9e9ed8991fd1,reviewed_refs_competitive_blastp_context_v2
hit,L. rhamnosus,GCF_001044415.1,Zur,P54479,P17861965B_02432,37.5,136.0,145.0,150.0,93.79310344827586,4.57e-33,110.0,0.7586206896551724,ad8389143129f15739e5c07ff32d0f06a029c5a21752047d37cf9e9ed8991fd1,reviewed_refs_competitive_blastp_context_v2
hit,L. rhamnosus,GCF_001044415.1,Zur,P54479,P17861965B_02678,31.69,142.0,145.0,146.0,97.93103448275862,5.4e-19,74.7,0.5151724137931035,ad8389143129f15739e5c07ff32d0f06a029c5a21752047d37cf9e9ed8991fd1,reviewed_refs_competitive_blastp_context_v2
hit,L. rhamnosus,GCF_001044415.1,PerR,P71086,P17861965B_02678,55.556,135.0,145.0,146.0,93.10344827586206,1.38e-55,167.0,1.1517241379310346,ad8389143129f15739e5c07ff32d0f06a029c5a21752047d37cf9e9ed8991fd1,reviewed_refs_competitive_blastp_context_v2
hit,L. rhamnosus,GCF_001044415.1,PerR,P71086,P17861965B_02432,33.577,137.0,145.0,150.0,94.48275862068965,2.63e-21,80.5,0.5551724137931034,ad8389143129f15739e5c07ff32d0f06a029c5a21752047d37cf9e9ed8991fd1,reviewed_refs_competitive_blastp_context_v2
hit,L. rhamnosus,GCF_001044415.1,Spx,O31602,P17861965B_01947,69.291,127.0,131.0,150.0,96.94656488549619,7.12e-66,193.0,1.4732824427480915,ad8389143129f15739e5c07ff32d0f06a029c5a21752047d37cf9e9ed8991fd1,reviewed_refs_competitive_blastp_context_v2
hit,L. rhamnosus,GCF_001044415.1,Spx,O31602,P17861965B_02765,45.238,126.0,131.0,133.0,96.18320610687023,1.86e-38,123.0,0.9389312977099237,ad8389143129f15739e5c07ff32d0f06a029c5a21752047d37cf9e9ed8991fd1,reviewed_refs_competitive_blastp_context_v2
hit,L. rhamnosus,GCF_001044415.1,Spx,O31602,P17861965B_00052,34.247,73.0,131.0,76.0,55.725190839694655,2e-09,47.4,0.3618320610687023,ad8389143129f15739e5c07ff32d0f06a029c5a21752047d37cf9e9ed8991fd1,reviewed_refs_competitive_blastp_context_v2
hit,L. rhamnosus,GCF_001044415.1,MgsR,P54503,P17861965B_01947,42.857,112.0,126.0,150.0,88.88888888888889,4.66e-34,112.0,0.8888888888888888,ad8389143129f15739e5c07ff32d0f06a029c5a21752047d37cf9e9ed8991fd1,reviewed_refs_competitive_blastp_context_v2
hit,L. rhamnosus,GCF_001044415.1,MgsR,P54503,P17861965B_02765,31.429,105.0,126.0,133.0,83.33333333333333,4.3e-24,86.7,0.6880952380952381,ad8389143129f15739e5c07ff32d0f06a029c5a21752047d37cf9e9ed8991fd1,reviewed_refs_competitive_blastp_context_v2
hit,L. rhamnosus,GCF_001044415.1,OhrR,O34777,P17861965B_01302,39.706,136.0,147.0,151.0,92.51700680272108,4.18e-31,105.0,0.7142857142857143,ad8389143129f15739e5c07ff32d0f06a029c5a21752047d37cf9e9ed8991fd1,reviewed_refs_competitive_blastp_context_v2
hit,L. rhamnosus,GCF_001044415.1,OhrR,O34777,P17861965B_01137,23.009,113.0,147.0,165.0,76.87074829931973,4.45e-08,46.2,0.3142857142857143,ad8389143129f15739e5c07ff32d0f06a029c5a21752047d37cf9e9ed8991fd1,reviewed_refs_competitive_blastp_context_v2
hit,L. rhamnosus,GCF_001044415.1,OhrR,O34777,P17861965B_01143,32.877,73.0,147.0,194.0,49.65986394557823,8.04e-06,40.0,0.272108843537415,ad8389143129f15739e5c07ff32d0f06a029c5a21752047d37cf9e9ed8991fd1,reviewed_refs_competitive_blastp_context_v2
hit,L. rhamnosus,GCF_001044415.1,Rex,O05521,P17861965B_00313,60.68,206.0,215.0,217.0,95.81395348837209,1.2e-90,262.0,1.2186046511627906,ad8389143129f15739e5c07ff32d0f06a029c5a21752047d37cf9e9ed8991fd1,reviewed_refs_competitive_blastp_context_v2
hit,L. rhamnosus,GCF_001044415.1,Rex,O05521,P17861965B_00257,41.748,206.0,215.0,221.0,95.81395348837209,3.86e-52,164.0,0.7627906976744186,ad8389143129f15739e5c07ff32d0f06a029c5a21752047d37cf9e9ed8991fd1,reviewed_refs_competitive_blastp_context_v2
status,L. rhamnosus,GCF_001044415.1,,,,,,,,,,,,ad8389143129f15739e5c07ff32d0f06a029c5a21752047d37cf9e9ed8991fd1,reviewed_refs_competitive_blastp_context_v2
hit,L. rhamnosus,GCF_001062885.1,Fur,P54574,P179610789_00804,30.37,135.0,149.0,146.0,90.60402684563758,4.4e-23,85.1,0.5711409395973154,ad8389143129f15739e5c07ff32d0f06a029c5a21752047d37cf9e9ed8991fd1,reviewed_refs_competitive_blastp_context_v2
hit,L. rhamnosus,GCF_001062885.1,Fur,P54574,P179610789_01346,26.866,134.0,149.0,150.0,89.93288590604027,9.01e-12,55.8,0.374496644295302,ad8389143129f15739e5c07ff32d0f06a029c5a21752047d37cf9e9ed8991fd1,reviewed_refs_competitive_blastp_context_v2
hit,L. rhamnosus,GCF_001062885.1,Zur,P54479,P179610789_01346,37.5,136.0,145.0,150.0,93.79310344827586,4.72e-33,110.0,0.7586206896551724,ad8389143129f15739e5c07ff32d0f06a029c5a21752047d37cf9e9ed8991fd1,reviewed_refs_competitive_blastp_context_v2
hit,L. rhamnosus,GCF_001062885.1,Zur,P54479,P179610789_00804,31.69,142.0,145.0,146.0,97.93103448275862,5.58e-19,74.7,0.5151724137931035,ad8389143129f15739e5c07ff32d0f06a029c5a21752047d37cf9e9ed8991fd1,reviewed_refs_competitive_blastp_context_v2
hit,L. rhamnosus,GCF_001062885.1,PerR,P71086,P179610789_00804,55.556,135.0,145.0,146.0,93.10344827586206,1.43e-55,167.0,1.1517241379310346,ad8389143129f15739e5c07ff32d0f06a029c5a21752047d37cf9e9ed8991fd1,reviewed_refs_competitive_blastp_context_v2
hit,L. rhamnosus,GCF_001062885.1,PerR,P71086,P179610789_01346,33.577,137.0,145.0,150.0,94.48275862068965,2.72e-21,80.5,0.5551724137931034,ad8389143129f15739e5c07ff32d0f06a029c5a21752047d37cf9e9ed8991fd1,reviewed_refs_competitive_blastp_context_v2
hit,L. rhamnosus,GCF_001062885.1,Spx,O31602,P179610789_01675,68.702,131.0,131.0,132.0,100.0,5.78e-68,197.0,1.5038167938931297,ad8389143129f15739e5c07ff32d0f06a029c5a21752047d37cf9e9ed8991fd1,reviewed_refs_competitive_blastp_context_v2
hit,L. rhamnosus,GCF_001062885.1,Spx,O31602,P179610789_01365,43.651,126.0,131.0,133.0,96.18320610687023,7.28e-37,119.0,0.9083969465648855,ad8389143129f15739e5c07ff32d0f06a029c5a21752047d37cf9e9ed8991fd1,reviewed_refs_competitive_blastp_context_v2
hit,L. rhamnosus,GCF_001062885.1,Spx,O31602,P179610789_00332,34.247,73.0,131.0,76.0,55.725190839694655,2.07e-09,47.4,0.3618320610687023,ad8389143129f15739e5c07ff32d0f06a029c5a21752047d37cf9e9ed8991fd1,reviewed_refs_competitive_blastp_context_v2
hit,L. rhamnosus,GCF_001062885.1,MgsR,P54503,P179610789_01675,44.037,109.0,126.0,132.0,86.5079365079365,1.34e-34,113.0,0.8968253968253969,ad8389143129f15739e5c07ff32d0f06a029c5a21752047d37cf9e9ed8991fd1,reviewed_refs_competitive_blastp_context_v2
hit,L. rhamnosus,GCF_001062885.1,MgsR,P54503,P179610789_01365,30.476,105.0,126.0,133.0,83.33333333333333,3.72e-23,84.3,0.669047619047619,ad8389143129f15739e5c07ff32d0f06a029c5a21752047d37cf9e9ed8991fd1,reviewed_refs_competitive_blastp_context_v2
hit,L. rhamnosus,GCF_001062885.1,OhrR,O34777,P179610789_00897,39.706,136.0,147.0,151.0,92.51700680272108,4.32e-31,105.0,0.7142857142857143,ad8389143129f15739e5c07ff32d0f06a029c5a21752047d37cf9e9ed8991fd1,reviewed_refs_competitive_blastp_context_v2
hit,L. rhamnosus,GCF_001062885.1,OhrR,O34777,P179610789_02846,23.009,113.0,147.0,165.0,76.87074829931973,4.08e-08,46.2,0.3142857142857143,ad8389143129f15739e5c07ff32d0f06a029c5a21752047d37cf9e9ed8991fd1,reviewed_refs_competitive_blastp_context_v2
hit,L. rhamnosus,GCF_001062885.1,Rex,O05521,P179610789_00118,60.68,206.0,215.0,217.0,95.81395348837209,1.24e-90,262.0,1.2186046511627906,ad8389143129f15739e5c07ff32d0f06a029c5a21752047d37cf9e9ed8991fd1,reviewed_refs_competitive_blastp_context_v2
hit,L. rhamnosus,GCF_001062885.1,Rex,O05521,P179610789_01104,41.262,206.0,215.0,221.0,95.81395348837209,1.65e-51,162.0,0.7534883720930232,ad8389143129f15739e5c07ff32d0f06a029c5a21752047d37cf9e9ed8991fd1,reviewed_refs_competitive_blastp_context_v2
status,L. rhamnosus,GCF_001062885.1,,,,,,,,,,,,ad8389143129f15739e5c07ff32d0f06a029c5a21752047d37cf9e9ed8991fd1,reviewed_refs_competitive_blastp_context_v2
hit,L. rhamnosus,GCF_001062955.1,Fur,P54574,P194D76FC1_02720,30.37,135.0,149.0,146.0,90.60402684563758,4.27e-23,85.1,0.5711409395973154,ad8389143129f15739e5c07ff32d0f06a029c5a21752047d37cf9e9ed8991fd1,reviewed_refs_competitive_blastp_context_v2
hit,L. rhamnosus,GCF_001062955.1,Fur,P54574,P194D76FC1_01351,26.866,134.0,149.0,150.0,89.93288590604027,8.74e-12,55.8,0.374496644295302,ad8389143129f15739e5c07ff32d0f06a029c5a21752047d37cf9e9ed8991fd1,reviewed_refs_competitive_blastp_context_v2
hit,L. rhamnosus,GCF_001062955.1,Zur,P54479,P194D76FC1_01351,37.5,136.0,145.0,150.0,93.79310344827586,4.58e-33,110.0,0.7586206896551724,ad8389143129f15739e5c07ff32d0f06a029c5a21752047d37cf9e9ed8991fd1,reviewed_refs_competitive_blastp_context_v2
hit,L. rhamnosus,GCF_001062955.1,Zur,P54479,P194D76FC1_02720,31.69,142.0,145.0,146.0,97.93103448275862,5.42e-19,74.7,0.5151724137931035,ad8389143129f15739e5c07ff32d0f06a029c5a21752047d37cf9e9ed8991fd1,reviewed_refs_competitive_blastp_context_v2
hit,L. rhamnosus,GCF_001062955.1,PerR,P71086,P194D76FC1_02720,55.556,135.0,145.0,146.0,93.10344827586206,1.39e-55,167.0,1.1517241379310346,ad8389143129f15739e5c07ff32d0f06a029c5a21752047d37cf9e9ed8991fd1,reviewed_refs_competitive_blastp_context_v2
hit,L. rhamnosus,GCF_001062955.1,PerR,P71086,P194D76FC1_01351,33.577,137.0,145.0,150.0,94.48275862068965,2.64e-21,80.5,0.5551724137931034,ad8389143129f15739e5c07ff32d0f06a029c5a21752047d37cf9e9ed8991fd1,reviewed_refs_competitive_blastp_context_v2
hit,L. rhamnosus,GCF_001062955.1,Spx,O31602,P194D76FC1_00382,68.702,131.0,131.0,132.0,100.0,5.61e-68,197.0,1.5038167938931297,ad8389143129f15739e5c07ff32d0f06a029c5a21752047d37cf9e9ed8991fd1,reviewed_refs_competitive_blastp_context_v2
hit,L. rhamnosus,GCF_001062955.1,Spx,O31602,P194D76FC1_00588,43.651,126.0,131.0,133.0,96.18320610687023,7.06e-37,119.0,0.9083969465648855,ad8389143129f15739e5c07ff32d0f06a029c5a21752047d37cf9e9ed8991fd1,reviewed_refs_competitive_blastp_context_v2
hit,L. rhamnosus,GCF_001062955.1,Spx,O31602,P194D76FC1_01889,34.247,73.0,131.0,76.0,55.725190839694655,2.01e-09,47.4,0.3618320610687023,ad8389143129f15739e5c07ff32d0f06a029c5a21752047d37cf9e9ed8991fd1,reviewed_refs_competitive_blastp_context_v2
hit,L. rhamnosus,GCF_001062955.1,MgsR,P54503,P194D76FC1_00382,44.037,109.0,126.0,132.0,86.5079365079365,1.31e-34,113.0,0.8968253968253969,ad8389143129f15739e5c07ff32d0f06a029c5a21752047d37cf9e9ed8991fd1,reviewed_refs_competitive_blastp_context_v2
hit,L. rhamnosus,GCF_001062955.1,MgsR,P54503,P194D76FC1_00588,30.476,105.0,126.0,133.0,83.33333333333333,3.61e-23,84.3,0.669047619047619,ad8389143129f15739e5c07ff32d0f06a029c5a21752047d37cf9e9ed8991fd1,reviewed_refs_competitive_blastp_context_v2
hit,L. rhamnosus,GCF_001062955.1,OhrR,O34777,P194D76FC1_01089,39.706,136.0,147.0,151.0,92.51700680272108,4.19e-31,105.0,0.7142857142857143,ad8389143129f15739e5c07ff32d0f06a029c5a21752047d37cf9e9ed8991fd1,reviewed_refs_competitive_blastp_context_v2
hit,L. rhamnosus,GCF_001062955.1,OhrR,O34777,P194D76FC1_01206,23.009,113.0,147.0,165.0,76.87074829931973,3.96e-08,46.2,0.3142857142857143,ad8389143129f15739e5c07ff32d0f06a029c5a21752047d37cf9e9ed8991fd1,reviewed_refs_competitive_blastp_context_v2
hit,L. rhamnosus,GCF_001062955.1,Rex,O05521,P194D76FC1_01568,60.68,206.0,215.0,217.0,95.81395348837209,1.2e-90,262.0,1.2186046511627906,ad8389143129f15739e5c07ff32d0f06a029c5a21752047d37cf9e9ed8991fd1,reviewed_refs_competitive_blastp_context_v2
hit,L. rhamnosus,GCF_001062955.1,Rex,O05521,P194D76FC1_01146,41.262,206.0,215.0,221.0,95.81395348837209,1.6e-51,162.0,0.7534883720930232,ad8389143129f15739e5c07ff32d0f06a029c5a21752047d37cf9e9ed8991fd1,reviewed_refs_competitive_blastp_context_v2
status,L. rhamnosus,GCF_001062955.1,,,,,,,,,,,,ad8389143129f15739e5c07ff32d0f06a029c5a21752047d37cf9e9ed8991fd1,reviewed_refs_competitive_blastp_context_v2
hit,L. rhamnosus,GCF_001063655.1,Fur,P54574,P10A93D905_00014,29.63,135.0,149.0,146.0,90.60402684563758,1.46e-22,84.0,0.5637583892617449,ad8389143129f15739e5c07ff32d0f06a029c5a21752047d37cf9e9ed8991fd1,reviewed_refs_competitive_blastp_context_v2
hit,L. rhamnosus,GCF_001063655.1,Fur,P54574,P10A93D905_02618,26.866,134.0,149.0,150.0,89.93288590604027,9.36e-12,55.8,0.374496644295302,ad8389143129f15739e5c07ff32d0f06a029c5a21752047d37cf9e9ed8991fd1,reviewed_refs_competitive_blastp_context_v2
hit,L. rhamnosus,GCF_001063655.1,Zur,P54479,P10A93D905_02618,37.5,136.0,145.0,150.0,93.79310344827586,4.91e-33,110.0,0.7586206896551724,ad8389143129f15739e5c07ff32d0f06a029c5a21752047d37cf9e9ed8991fd1,reviewed_refs_competitive_blastp_context_v2
hit,L. rhamnosus,GCF_001063655.1,Zur,P54479,P10A93D905_00014,31.69,142.0,145.0,146.0,97.93103448275862,3.99e-19,75.1,0.5179310344827586,ad8389143129f15739e5c07ff32d0f06a029c5a21752047d37cf9e9ed8991fd1,reviewed_refs_competitive_blastp_context_v2
hit,L. rhamnosus,GCF_001063655.1,PerR,P71086,P10A93D905_00014,54.815,135.0,145.0,146.0,93.10344827586206,4.9e-55,166.0,1.1448275862068966,ad8389143129f15739e5c07ff32d0f06a029c5a21752047d37cf9e9ed8991fd1,reviewed_refs_competitive_blastp_context_v2
hit,L. rhamnosus,GCF_001063655.1,PerR,P71086,P10A93D905_02618,33.577,137.0,145.0,150.0,94.48275862068965,2.83e-21,80.5,0.5551724137931034,ad8389143129f15739e5c07ff32d0f06a029c5a21752047d37cf9e9ed8991fd1,reviewed_refs_competitive_blastp_context_v2
hit,L. rhamnosus,GCF_001063655.1,Spx,O31602,P10A93D905_01992,68.702,131.0,131.0,132.0,100.0,6.01e-68,197.0,1.5038167938931297,ad8389143129f15739e5c07ff32d0f06a029c5a21752047d37cf9e9ed8991fd1,reviewed_refs_competitive_blastp_context_v2
hit,L. rhamnosus,GCF_001063655.1,Spx,O31602,P10A93D905_02637,45.238,126.0,131.0,133.0,96.18320610687023,2.13e-38,123.0,0.9389312977099237,ad8389143129f15739e5c07ff32d0f06a029c5a21752047d37cf9e9ed8991fd1,reviewed_refs_competitive_blastp_context_v2
hit,L. rhamnosus,GCF_001063655.1,Spx,O31602,P10A93D905_02750,34.247,73.0,131.0,76.0,55.725190839694655,2.15e-09,47.4,0.3618320610687023,ad8389143129f15739e5c07ff32d0f06a029c5a21752047d37cf9e9ed8991fd1,reviewed_refs_competitive_blastp_context_v2
hit,L. rhamnosus,GCF_001063655.1,MgsR,P54503,P10A93D905_01992,44.037,109.0,126.0,132.0,86.5079365079365,1.4e-34,113.0,0.8968253968253969,ad8389143129f15739e5c07ff32d0f06a029c5a21752047d37cf9e9ed8991fd1,reviewed_refs_competitive_blastp_context_v2
hit,L. rhamnosus,GCF_001063655.1,MgsR,P54503,P10A93D905_02637,31.429,105.0,126.0,133.0,83.33333333333333,4.62e-24,86.7,0.6880952380952381,ad8389143129f15739e5c07ff32d0f06a029c5a21752047d37cf9e9ed8991fd1,reviewed_refs_competitive_blastp_context_v2
hit,L. rhamnosus,GCF_001063655.1,OhrR,O34777,P10A93D905_02796,39.706,136.0,147.0,151.0,92.51700680272108,4.49e-31,105.0,0.7142857142857143,ad8389143129f15739e5c07ff32d0f06a029c5a21752047d37cf9e9ed8991fd1,reviewed_refs_competitive_blastp_context_v2
hit,L. rhamnosus,GCF_001063655.1,OhrR,O34777,P10A93D905_00143,22.222,117.0,147.0,180.0,79.59183673469387,5.73e-08,46.2,0.3142857142857143,ad8389143129f15739e5c07ff32d0f06a029c5a21752047d37cf9e9ed8991fd1,reviewed_refs_competitive_blastp_context_v2
hit,L. rhamnosus,GCF_001063655.1,Rex,O05521,P10A93D905_01901,60.68,206.0,215.0,217.0,95.81395348837209,6.97e-91,262.0,1.2186046511627906,ad8389143129f15739e5c07ff32d0f06a029c5a21752047d37cf9e9ed8991fd1,reviewed_refs_competitive_blastp_context_v2
hit,L. rhamnosus,GCF_001063655.1,Rex,O05521,P10A93D905_02302,42.564,195.0,215.0,221.0,90.69767441860465,1.08e-50,160.0,0.7441860465116279,ad8389143129f15739e5c07ff32d0f06a029c5a21752047d37cf9e9ed8991fd1,reviewed_refs_competitive_blastp_context_v2
status,L. rhamnosus,GCF_001063655.1,,,,,,,,,,,,ad8389143129f15739e5c07ff32d0f06a029c5a21752047d37cf9e9ed8991fd1,reviewed_refs_competitive_blastp_context_v2
hit,L. rhamnosus,GCF_001064515.1,Fur,P54574,P1DA4CE057_02074,30.37,135.0,149.0,146.0,90.60402684563758,4.25e-23,85.1,0.5711409395973154,ad8389143129f15739e5c07ff32d0f06a029c5a21752047d37cf9e9ed8991fd1,reviewed_refs_competitive_blastp_context_v2
hit,L. rhamnosus,GCF_001064515.1,Fur,P54574,P1DA4CE057_00328,26.866,134.0,149.0,150.0,89.93288590604027,8.71e-12,55.8,0.374496644295302,ad8389143129f15739e5c07ff32d0f06a029c5a21752047d37cf9e9ed8991fd1,reviewed_refs_competitive_blastp_context_v2
hit,L. rhamnosus,GCF_001064515.1,Zur,P54479,P1DA4CE057_00328,37.5,136.0,145.0,150.0,93.79310344827586,4.57e-33,110.0,0.7586206896551724,ad8389143129f15739e5c07ff32d0f06a029c5a21752047d37cf9e9ed8991fd1,reviewed_refs_competitive_blastp_context_v2
hit,L. rhamnosus,GCF_001064515.1,Zur,P54479,P1DA4CE057_02074,31.69,142.0,145.0,146.0,97.93103448275862,5.4e-19,74.7,0.5151724137931035,ad8389143129f15739e5c07ff32d0f06a029c5a21752047d37cf9e9ed8991fd1,reviewed_refs_competitive_blastp_context_v2
hit,L. rhamnosus,GCF_001064515.1,PerR,P71086,P1DA4CE057_02074,55.556,135.0,145.0,146.0,93.10344827586206,1.38e-55,167.0,1.1517241379310346,ad8389143129f15739e5c07ff32d0f06a029c5a21752047d37cf9e9ed8991fd1,reviewed_refs_competitive_blastp_context_v2
hit,L. rhamnosus,GCF_001064515.1,PerR,P71086,P1DA4CE057_00328,33.577,137.0,145.0,150.0,94.48275862068965,2.63e-21,80.5,0.5551724137931034,ad8389143129f15739e5c07ff32d0f06a029c5a21752047d37cf9e9ed8991fd1,reviewed_refs_competitive_blastp_context_v2
hit,L. rhamnosus,GCF_001064515.1,Spx,O31602,P1DA4CE057_01521,68.702,131.0,131.0,132.0,100.0,5.59e-68,197.0,1.5038167938931297,ad8389143129f15739e5c07ff32d0f06a029c5a21752047d37cf9e9ed8991fd1,reviewed_refs_competitive_blastp_context_v2
hit,L. rhamnosus,GCF_001064515.1,Spx,O31602,P1DA4CE057_00347,45.238,126.0,131.0,133.0,96.18320610687023,1.86e-38,123.0,0.9389312977099237,ad8389143129f15739e5c07ff32d0f06a029c5a21752047d37cf9e9ed8991fd1,reviewed_refs_competitive_blastp_context_v2
hit,L. rhamnosus,GCF_001064515.1,Spx,O31602,P1DA4CE057_02277,34.247,73.0,131.0,76.0,55.725190839694655,2e-09,47.4,0.3618320610687023,ad8389143129f15739e5c07ff32d0f06a029c5a21752047d37cf9e9ed8991fd1,reviewed_refs_competitive_blastp_context_v2
hit,L. rhamnosus,GCF_001064515.1,MgsR,P54503,P1DA4CE057_01521,44.037,109.0,126.0,132.0,86.5079365079365,1.3e-34,113.0,0.8968253968253969,ad8389143129f15739e5c07ff32d0f06a029c5a21752047d37cf9e9ed8991fd1,reviewed_refs_competitive_blastp_context_v2
hit,L. rhamnosus,GCF_001064515.1,MgsR,P54503,P1DA4CE057_00347,31.429,105.0,126.0,133.0,83.33333333333333,4.3e-24,86.7,0.6880952380952381,ad8389143129f15739e5c07ff32d0f06a029c5a21752047d37cf9e9ed8991fd1,reviewed_refs_competitive_blastp_context_v2
hit,L. rhamnosus,GCF_001064515.1,OhrR,O34777,P1DA4CE057_01827,39.706,136.0,147.0,151.0,92.51700680272108,4.18e-31,105.0,0.7142857142857143,ad8389143129f15739e5c07ff32d0f06a029c5a21752047d37cf9e9ed8991fd1,reviewed_refs_competitive_blastp_context_v2
hit,L. rhamnosus,GCF_001064515.1,OhrR,O34777,P1DA4CE057_00989,23.009,113.0,147.0,165.0,76.87074829931973,4.83e-08,46.2,0.3142857142857143,ad8389143129f15739e5c07ff32d0f06a029c5a21752047d37cf9e9ed8991fd1,reviewed_refs_competitive_blastp_context_v2
hit,L. rhamnosus,GCF_001064515.1,Rex,O05521,P1DA4CE057_00007,60.68,206.0,215.0,217.0,95.81395348837209,1.2e-90,262.0,1.2186046511627906,ad8389143129f15739e5c07ff32d0f06a029c5a21752047d37cf9e9ed8991fd1,reviewed_refs_competitive_blastp_context_v2
hit,L. rhamnosus,GCF_001064515.1,Rex,O05521,P1DA4CE057_01623,42.564,195.0,215.0,221.0,90.69767441860465,3.18e-50,159.0,0.7395348837209302,ad8389143129f15739e5c07ff32d0f06a029c5a21752047d37cf9e9ed8991fd1,reviewed_refs_competitive_blastp_context_v2
status,L. rhamnosus,GCF_001064515.1,,,,,,,,,,,,ad8389143129f15739e5c07ff32d0f06a029c5a21752047d37cf9e9ed8991fd1,reviewed_refs_competitive_blastp_context_v2
hit,L. rhamnosus,GCF_001064785.1,Fur,P54574,P1DBA768DD_01793,30.37,135.0,149.0,146.0,90.60402684563758,4.15e-23,85.1,0.5711409395973154,ad8389143129f15739e5c07ff32d0f06a029c5a21752047d37cf9e9ed8991fd1,reviewed_refs_competitive_blastp_context_v2
hit,L. rhamnosus,GCF_001064785.1,Fur,P54574,P1DBA768DD_02404,26.866,134.0,149.0,150.0,89.93288590604027,8.5e-12,55.8,0.374496644295302,ad8389143129f15739e5c07ff32d0f06a029c5a21752047d37cf9e9ed8991fd1,reviewed_refs_competitive_blastp_context_v2
hit,L. rhamnosus,GCF_001064785.1,Zur,P54479,P1DBA768DD_02404,37.5,136.0,145.0,150.0,93.79310344827586,4.46e-33,110.0,0.7586206896551724,ad8389143129f15739e5c07ff32d0f06a029c5a21752047d37cf9e9ed8991fd1,reviewed_refs_competitive_blastp_context_v2
hit,L. rhamnosus,GCF_001064785.1,Zur,P54479,P1DBA768DD_01793,31.69,142.0,145.0,146.0,97.93103448275862,5.27e-19,74.7,0.5151724137931035,ad8389143129f15739e5c07ff32d0f06a029c5a21752047d37cf9e9ed8991fd1,reviewed_refs_competitive_blastp_context_v2
hit,L. rhamnosus,GCF_001064785.1,PerR,P71086,P1DBA768DD_01793,55.556,135.0,145.0,146.0,93.10344827586206,1.35e-55,167.0,1.1517241379310346,ad8389143129f15739e5c07ff32d0f06a029c5a21752047d37cf9e9ed8991fd1,reviewed_refs_competitive_blastp_context_v2
hit,L. rhamnosus,GCF_001064785.1,PerR,P71086,P1DBA768DD_02404,33.577,137.0,145.0,150.0,94.48275862068965,2.57e-21,80.5,0.5551724137931034,ad8389143129f15739e5c07ff32d0f06a029c5a21752047d37cf9e9ed8991fd1,reviewed_refs_competitive_blastp_context_v2
hit,L. rhamnosus,GCF_001064785.1,Spx,O31602,P1DBA768DD_00260,68.702,131.0,131.0,132.0,100.0,5.46e-68,197.0,1.5038167938931297,ad8389143129f15739e5c07ff32d0f06a029c5a21752047d37cf9e9ed8991fd1,reviewed_refs_competitive_blastp_context_v2
hit,L. rhamnosus,GCF_001064785.1,Spx,O31602,P1DBA768DD_01264,43.651,126.0,131.0,133.0,96.18320610687023,6.86e-37,119.0,0.9083969465648855,ad8389143129f15739e5c07ff32d0f06a029c5a21752047d37cf9e9ed8991fd1,reviewed_refs_competitive_blastp_context_v2
hit,L. rhamnosus,GCF_001064785.1,Spx,O31602,P1DBA768DD_02546,34.247,73.0,131.0,76.0,55.725190839694655,1.95e-09,47.4,0.3618320610687023,ad8389143129f15739e5c07ff32d0f06a029c5a21752047d37cf9e9ed8991fd1,reviewed_refs_competitive_blastp_context_v2
hit,L. rhamnosus,GCF_001064785.1,MgsR,P54503,P1DBA768DD_00260,44.037,109.0,126.0,132.0,86.5079365079365,1.27e-34,113.0,0.8968253968253969,ad8389143129f15739e5c07ff32d0f06a029c5a21752047d37cf9e9ed8991fd1,reviewed_refs_competitive_blastp_context_v2
hit,L. rhamnosus,GCF_001064785.1,MgsR,P54503,P1DBA768DD_01264,30.476,105.0,126.0,133.0,83.33333333333333,3.51e-23,84.3,0.669047619047619,ad8389143129f15739e5c07ff32d0f06a029c5a21752047d37cf9e9ed8991fd1,reviewed_refs_competitive_blastp_context_v2
hit,L. rhamnosus,GCF_001064785.1,OhrR,O34777,P1DBA768DD_01569,39.706,136.0,147.0,151.0,92.51700680272108,4.08e-31,105.0,0.7142857142857143,ad8389143129f15739e5c07ff32d0f06a029c5a21752047d37cf9e9ed8991fd1,reviewed_refs_competitive_blastp_context_v2
hit,L. rhamnosus,GCF_001064785.1,OhrR,O34777,P1DBA768DD_02440,23.009,113.0,147.0,165.0,76.87074829931973,3.85e-08,46.2,0.3142857142857143,ad8389143129f15739e5c07ff32d0f06a029c5a21752047d37cf9e9ed8991fd1,reviewed_refs_competitive_blastp_context_v2
hit,L. rhamnosus,GCF_001064785.1,Rex,O05521,P1DBA768DD_01059,60.68,206.0,215.0,217.0,95.81395348837209,1.17e-90,262.0,1.2186046511627906,ad8389143129f15739e5c07ff32d0f06a029c5a21752047d37cf9e9ed8991fd1,reviewed_refs_competitive_blastp_context_v2
hit,L. rhamnosus,GCF_001064785.1,Rex,O05521,P1DBA768DD_02560,41.262,206.0,215.0,221.0,95.81395348837209,1.56e-51,162.0,0.7534883720930232,ad8389143129f15739e5c07ff32d0f06a029c5a21752047d37cf9e9ed8991fd1,reviewed_refs_competitive_blastp_context_v2
status,L. rhamnosus,GCF_001064785.1,,,,,,,,,,,,ad8389143129f15739e5c07ff32d0f06a029c5a21752047d37cf9e9ed8991fd1,reviewed_refs_competitive_blastp_context_v2
hit,L. rhamnosus,GCF_001065365.1,Fur,P54574,P1A53E6462_01967,29.63,135.0,149.0,146.0,90.60402684563758,1.4e-22,84.0,0.5637583892617449,ad8389143129f15739e5c07ff32d0f06a029c5a21752047d37cf9e9ed8991fd1,reviewed_refs_competitive_blastp_context_v2
hit,L. rhamnosus,GCF_001065365.1,Fur,P54574,P1A53E6462_02499,26.866,134.0,149.0,150.0,89.93288590604027,8.98e-12,55.8,0.374496644295302,ad8389143129f15739e5c07ff32d0f06a029c5a21752047d37cf9e9ed8991fd1,reviewed_refs_competitive_blastp_context_v2
hit,L. rhamnosus,GCF_001065365.1,Zur,P54479,P1A53E6462_02499,37.5,136.0,145.0,150.0,93.79310344827586,4.71e-33,110.0,0.7586206896551724,ad8389143129f15739e5c07ff32d0f06a029c5a21752047d37cf9e9ed8991fd1,reviewed_refs_competitive_blastp_context_v2
hit,L. rhamnosus,GCF_001065365.1,Zur,P54479,P1A53E6462_01967,31.69,142.0,145.0,146.0,97.93103448275862,3.83e-19,75.1,0.5179310344827586,ad8389143129f15739e5c07ff32d0f06a029c5a21752047d37cf9e9ed8991fd1,reviewed_refs_competitive_blastp_context_v2
hit,L. rhamnosus,GCF_001065365.1,PerR,P71086,P1A53E6462_01967,54.815,135.0,145.0,146.0,93.10344827586206,4.7e-55,166.0,1.1448275862068966,ad8389143129f15739e5c07ff32d0f06a029c5a21752047d37cf9e9ed8991fd1,reviewed_refs_competitive_blastp_context_v2
hit,L. rhamnosus,GCF_001065365.1,PerR,P71086,P1A53E6462_02499,33.577,137.0,145.0,150.0,94.48275862068965,2.71e-21,80.5,0.5551724137931034,ad8389143129f15739e5c07ff32d0f06a029c5a21752047d37cf9e9ed8991fd1,reviewed_refs_competitive_blastp_context_v2
hit,L. rhamnosus,GCF_001065365.1,Spx,O31602,P1A53E6462_02610,68.702,131.0,131.0,132.0,100.0,5.76e-68,197.0,1.5038167938931297,ad8389143129f15739e5c07ff32d0f06a029c5a21752047d37cf9e9ed8991fd1,reviewed_refs_competitive_blastp_context_v2
hit,L. rhamnosus,GCF_001065365.1,Spx,O31602,P1A53E6462_02518,45.238,126.0,131.0,133.0,96.18320610687023,2.04e-38,123.0,0.9389312977099237,ad8389143129f15739e5c07ff32d0f06a029c5a21752047d37cf9e9ed8991fd1,reviewed_refs_competitive_blastp_context_v2
hit,L. rhamnosus,GCF_001065365.1,Spx,O31602,P1A53E6462_01972,34.247,73.0,131.0,76.0,55.725190839694655,2.06e-09,47.4,0.3618320610687023,ad8389143129f15739e5c07ff32d0f06a029c5a21752047d37cf9e9ed8991fd1,reviewed_refs_competitive_blastp_context_v2
hit,L. rhamnosus,GCF_001065365.1,MgsR,P54503,P1A53E6462_02610,44.037,109.0,126.0,132.0,86.5079365079365,1.34e-34,113.0,0.8968253968253969,ad8389143129f15739e5c07ff32d0f06a029c5a21752047d37cf9e9ed8991fd1,reviewed_refs_competitive_blastp_context_v2
hit,L. rhamnosus,GCF_001065365.1,MgsR,P54503,P1A53E6462_02518,31.429,105.0,126.0,133.0,83.33333333333333,4.43e-24,86.7,0.6880952380952381,ad8389143129f15739e5c07ff32d0f06a029c5a21752047d37cf9e9ed8991fd1,reviewed_refs_competitive_blastp_context_v2
hit,L. rhamnosus,GCF_001065365.1,OhrR,O34777,P1A53E6462_01036,39.706,136.0,147.0,151.0,92.51700680272108,4.31e-31,105.0,0.7142857142857143,ad8389143129f15739e5c07ff32d0f06a029c5a21752047d37cf9e9ed8991fd1,reviewed_refs_competitive_blastp_context_v2
hit,L. rhamnosus,GCF_001065365.1,OhrR,O34777,P1A53E6462_01455,22.222,117.0,147.0,180.0,79.59183673469387,5.5e-08,46.2,0.3142857142857143,ad8389143129f15739e5c07ff32d0f06a029c5a21752047d37cf9e9ed8991fd1,reviewed_refs_competitive_blastp_context_v2
hit,L. rhamnosus,GCF_001065365.1,Rex,O05521,P1A53E6462_01313,60.68,206.0,215.0,217.0,95.81395348837209,6.69e-91,262.0,1.2186046511627906,ad8389143129f15739e5c07ff32d0f06a029c5a21752047d37cf9e9ed8991fd1,reviewed_refs_competitive_blastp_context_v2
hit,L. rhamnosus,GCF_001065365.1,Rex,O05521,P1A53E6462_00364,42.564,195.0,215.0,221.0,90.69767441860465,1.04e-50,160.0,0.7441860465116279,ad8389143129f15739e5c07ff32d0f06a029c5a21752047d37cf9e9ed8991fd1,reviewed_refs_competitive_blastp_context_v2
status,L. rhamnosus,GCF_001065365.1,,,,,,,,,,,,ad8389143129f15739e5c07ff32d0f06a029c5a21752047d37cf9e9ed8991fd1,reviewed_refs_competitive_blastp_context_v2
hit,L. rhamnosus,GCF_001066715.1,Fur,P54574,P1533AFABF_00599,29.63,135.0,149.0,146.0,90.60402684563758,1.4e-22,84.0,0.5637583892617449,ad8389143129f15739e5c07ff32d0f06a029c5a21752047d37cf9e9ed8991fd1,reviewed_refs_competitive_blastp_context_v2
hit,L. rhamnosus,GCF_001066715.1,Fur,P54574,P1533AFABF_01039,26.866,134.0,149.0,150.0,89.93288590604027,8.93e-12,55.8,0.374496644295302,ad8389143129f15739e5c07ff32d0f06a029c5a21752047d37cf9e9ed8991fd1,reviewed_refs_competitive_blastp_context_v2
hit,L. rhamnosus,GCF_001066715.1,Zur,P54479,P1533AFABF_01039,37.5,136.0,145.0,150.0,93.79310344827586,4.68e-33,110.0,0.7586206896551724,ad8389143129f15739e5c07ff32d0f06a029c5a21752047d37cf9e9ed8991fd1,reviewed_refs_competitive_blastp_context_v2
hit,L. rhamnosus,GCF_001066715.1,Zur,P54479,P1533AFABF_00599,31.69,142.0,145.0,146.0,97.93103448275862,3.8e-19,75.1,0.5179310344827586,ad8389143129f15739e5c07ff32d0f06a029c5a21752047d37cf9e9ed8991fd1,reviewed_refs_competitive_blastp_context_v2
hit,L. rhamnosus,GCF_001066715.1,PerR,P71086,P1533AFABF_00599,54.815,135.0,145.0,146.0,93.10344827586206,4.67e-55,166.0,1.1448275862068966,ad8389143129f15739e5c07ff32d0f06a029c5a21752047d37cf9e9ed8991fd1,reviewed_refs_competitive_blastp_context_v2
hit,L. rhamnosus,GCF_001066715.1,PerR,P71086,P1533AFABF_01039,33.577,137.0,145.0,150.0,94.48275862068965,2.7e-21,80.5,0.5551724137931034,ad8389143129f15739e5c07ff32d0f06a029c5a21752047d37cf9e9ed8991fd1,reviewed_refs_competitive_blastp_context_v2
hit,L. rhamnosus,GCF_001066715.1,Spx,O31602,P1533AFABF_01122,68.702,131.0,131.0,132.0,100.0,5.73e-68,197.0,1.5038167938931297,ad8389143129f15739e5c07ff32d0f06a029c5a21752047d37cf9e9ed8991fd1,reviewed_refs_competitive_blastp_context_v2
hit,L. rhamnosus,GCF_001066715.1,Spx,O31602,P1533AFABF_00775,45.238,126.0,131.0,133.0,96.18320610687023,2.03e-38,123.0,0.9389312977099237,ad8389143129f15739e5c07ff32d0f06a029c5a21752047d37cf9e9ed8991fd1,reviewed_refs_competitive_blastp_context_v2
hit,L. rhamnosus,GCF_001066715.1,Spx,O31602,P1533AFABF_02514,34.247,73.0,131.0,76.0,55.725190839694655,2.05e-09,47.4,0.3618320610687023,ad8389143129f15739e5c07ff32d0f06a029c5a21752047d37cf9e9ed8991fd1,reviewed_refs_competitive_blastp_context_v2
hit,L. rhamnosus,GCF_001066715.1,MgsR,P54503,P1533AFABF_01122,44.037,109.0,126.0,132.0,86.5079365079365,1.33e-34,113.0,0.8968253968253969,ad8389143129f15739e5c07ff32d0f06a029c5a21752047d37cf9e9ed8991fd1,reviewed_refs_competitive_blastp_context_v2
hit,L. rhamnosus,GCF_001066715.1,MgsR,P54503,P1533AFABF_00775,31.429,105.0,126.0,133.0,83.33333333333333,4.41e-24,86.7,0.6880952380952381,ad8389143129f15739e5c07ff32d0f06a029c5a21752047d37cf9e9ed8991fd1,reviewed_refs_competitive_blastp_context_v2
hit,L. rhamnosus,GCF_001066715.1,OhrR,O34777,P1533AFABF_01272,39.706,136.0,147.0,151.0,92.51700680272108,4.28e-31,105.0,0.7142857142857143,ad8389143129f15739e5c07ff32d0f06a029c5a21752047d37cf9e9ed8991fd1,reviewed_refs_competitive_blastp_context_v2
hit,L. rhamnosus,GCF_001066715.1,OhrR,O34777,P1533AFABF_00784,22.222,117.0,147.0,180.0,79.59183673469387,5.47e-08,46.2,0.3142857142857143,ad8389143129f15739e5c07ff32d0f06a029c5a21752047d37cf9e9ed8991fd1,reviewed_refs_competitive_blastp_context_v2
hit,L. rhamnosus,GCF_001066715.1,Rex,O05521,P1533AFABF_01557,60.68,206.0,215.0,217.0,95.81395348837209,6.66e-91,262.0,1.2186046511627906,ad8389143129f15739e5c07ff32d0f06a029c5a21752047d37cf9e9ed8991fd1,reviewed_refs_competitive_blastp_context_v2
hit,L. rhamnosus,GCF_001066715.1,Rex,O05521,P1533AFABF_02747,42.564,195.0,215.0,221.0,90.69767441860465,1.03e-50,160.0,0.7441860465116279,ad8389143129f15739e5c07ff32d0f06a029c5a21752047d37cf9e9ed8991fd1,reviewed_refs_competitive_blastp_context_v2
status,L. rhamnosus,GCF_001066715.1,,,,,,,,,,,,ad8389143129f15739e5c07ff32d0f06a029c5a21752047d37cf9e9ed8991fd1,reviewed_refs_competitive_blastp_context_v2
hit,L. rhamnosus,GCF_001066975.1,Fur,P54574,P1D59ECC33_01660,30.37,135.0,149.0,146.0,90.60402684563758,4.28e-23,85.1,0.5711409395973154,ad8389143129f15739e5c07ff32d0f06a029c5a21752047d37cf9e9ed8991fd1,reviewed_refs_competitive_blastp_context_v2
hit,L. rhamnosus,GCF_001066975.1,Fur,P54574,P1D59ECC33_02520,26.866,134.0,149.0,150.0,89.93288590604027,8.76e-12,55.8,0.374496644295302,ad8389143129f15739e5c07ff32d0f06a029c5a21752047d37cf9e9ed8991fd1,reviewed_refs_competitive_blastp_context_v2
hit,L. rhamnosus,GCF_001066975.1,Zur,P54479,P1D59ECC33_02520,37.5,136.0,145.0,150.0,93.79310344827586,4.59e-33,110.0,0.7586206896551724,ad8389143129f15739e5c07ff32d0f06a029c5a21752047d37cf9e9ed8991fd1,reviewed_refs_competitive_blastp_context_v2
hit,L. rhamnosus,GCF_001066975.1,Zur,P54479,P1D59ECC33_01660,31.69,142.0,145.0,146.0,97.93103448275862,5.43e-19,74.7,0.5151724137931035,ad8389143129f15739e5c07ff32d0f06a029c5a21752047d37cf9e9ed8991fd1,reviewed_refs_competitive_blastp_context_v2
hit,L. rhamnosus,GCF_001066975.1,PerR,P71086,P1D59ECC33_01660,55.556,135.0,145.0,146.0,93.10344827586206,1.39e-55,167.0,1.1517241379310346,ad8389143129f15739e5c07ff32d0f06a029c5a21752047d37cf9e9ed8991fd1,reviewed_refs_competitive_blastp_context_v2
hit,L. rhamnosus,GCF_001066975.1,PerR,P71086,P1D59ECC33_02520,33.577,137.0,145.0,150.0,94.48275862068965,2.65e-21,80.5,0.5551724137931034,ad8389143129f15739e5c07ff32d0f06a029c5a21752047d37cf9e9ed8991fd1,reviewed_refs_competitive_blastp_context_v2
hit,L. rhamnosus,GCF_001066975.1,Spx,O31602,P1D59ECC33_02502,68.702,131.0,131.0,132.0,100.0,5.62e-68,197.0,1.5038167938931297,ad8389143129f15739e5c07ff32d0f06a029c5a21752047d37cf9e9ed8991fd1,reviewed_refs_competitive_blastp_context_v2
hit,L. rhamnosus,GCF_001066975.1,Spx,O31602,P1D59ECC33_00995,45.238,126.0,131.0,133.0,96.18320610687023,1.87e-38,123.0,0.9389312977099237,ad8389143129f15739e5c07ff32d0f06a029c5a21752047d37cf9e9ed8991fd1,reviewed_refs_competitive_blastp_context_v2
hit,L. rhamnosus,GCF_001066975.1,Spx,O31602,P1D59ECC33_00112,34.247,73.0,131.0,76.0,55.725190839694655,2.01e-09,47.4,0.3618320610687023,ad8389143129f15739e5c07ff32d0f06a029c5a21752047d37cf9e9ed8991fd1,reviewed_refs_competitive_blastp_context_v2
hit,L. rhamnosus,GCF_001066975.1,MgsR,P54503,P1D59ECC33_02502,44.037,109.0,126.0,132.0,86.5079365079365,1.31e-34,113.0,0.8968253968253969,ad8389143129f15739e5c07ff32d0f06a029c5a21752047d37cf9e9ed8991fd1,reviewed_refs_competitive_blastp_context_v2
hit,L. rhamnosus,GCF_001066975.1,MgsR,P54503,P1D59ECC33_00995,31.429,105.0,126.0,133.0,83.33333333333333,4.32e-24,86.7,0.6880952380952381,ad8389143129f15739e5c07ff32d0f06a029c5a21752047d37cf9e9ed8991fd1,reviewed_refs_competitive_blastp_context_v2
hit,L. rhamnosus,GCF_001066975.1,OhrR,O34777,P1D59ECC33_01547,39.706,136.0,147.0,151.0,92.51700680272108,4.2e-31,105.0,0.7142857142857143,ad8389143129f15739e5c07ff32d0f06a029c5a21752047d37cf9e9ed8991fd1,reviewed_refs_competitive_blastp_context_v2
hit,L. rhamnosus,GCF_001066975.1,Rex,O05521,P1D59ECC33_00546,60.68,206.0,215.0,217.0,95.81395348837209,1.2e-90,262.0,1.2186046511627906,ad8389143129f15739e5c07ff32d0f06a029c5a21752047d37cf9e9ed8991fd1,reviewed_refs_competitive_blastp_context_v2
hit,L. rhamnosus,GCF_001066975.1,Rex,O05521,P1D59ECC33_01210,41.748,206.0,215.0,221.0,95.81395348837209,3.76e-52,164.0,0.7627906976744186,ad8389143129f15739e5c07ff32d0f06a029c5a21752047d37cf9e9ed8991fd1,reviewed_refs_competitive_blastp_context_v2
status,L. rhamnosus,GCF_001066975.1,,,,,,,,,,,,ad8389143129f15739e5c07ff32d0f06a029c5a21752047d37cf9e9ed8991fd1,reviewed_refs_competitive_blastp_context_v2
hit,L. rhamnosus,GCF_001067025.1,Fur,P54574,P15A3E6823_02297,30.37,135.0,149.0,146.0,90.60402684563758,4.3e-23,85.1,0.5711409395973154,ad8389143129f15739e5c07ff32d0f06a029c5a21752047d37cf9e9ed8991fd1,reviewed_refs_competitive_blastp_context_v2
hit,L. rhamnosus,GCF_001067025.1,Fur,P54574,P15A3E6823_02648,26.866,134.0,149.0,150.0,89.93288590604027,8.8e-12,55.8,0.374496644295302,ad8389143129f15739e5c07ff32d0f06a029c5a21752047d37cf9e9ed8991fd1,reviewed_refs_competitive_blastp_context_v2
hit,L. rhamnosus,GCF_001067025.1,Zur,P54479,P15A3E6823_02648,37.5,136.0,145.0,150.0,93.79310344827586,4.61e-33,110.0,0.7586206896551724,ad8389143129f15739e5c07ff32d0f06a029c5a21752047d37cf9e9ed8991fd1,reviewed_refs_competitive_blastp_context_v2
hit,L. rhamnosus,GCF_001067025.1,Zur,P54479,P15A3E6823_02297,31.69,142.0,145.0,146.0,97.93103448275862,5.45e-19,74.7,0.5151724137931035,ad8389143129f15739e5c07ff32d0f06a029c5a21752047d37cf9e9ed8991fd1,reviewed_refs_competitive_blastp_context_v2
hit,L. rhamnosus,GCF_001067025.1,PerR,P71086,P15A3E6823_02297,55.556,135.0,145.0,146.0,93.10344827586206,1.4e-55,167.0,1.1517241379310346,ad8389143129f15739e5c07ff32d0f06a029c5a21752047d37cf9e9ed8991fd1,reviewed_refs_competitive_blastp_context_v2
hit,L. rhamnosus,GCF_001067025.1,PerR,P71086,P15A3E6823_02648,33.577,137.0,145.0,150.0,94.48275862068965,2.66e-21,80.5,0.5551724137931034,ad8389143129f15739e5c07ff32d0f06a029c5a21752047d37cf9e9ed8991fd1,reviewed_refs_competitive_blastp_context_v2
hit,L. rhamnosus,GCF_001067025.1,Spx,O31602,P15A3E6823_01593,68.702,131.0,131.0,132.0,100.0,5.65e-68,197.0,1.5038167938931297,ad8389143129f15739e5c07ff32d0f06a029c5a21752047d37cf9e9ed8991fd1,reviewed_refs_competitive_blastp_context_v2
hit,L. rhamnosus,GCF_001067025.1,Spx,O31602,P15A3E6823_01808,45.238,126.0,131.0,133.0,96.18320610687023,1.88e-38,123.0,0.9389312977099237,ad8389143129f15739e5c07ff32d0f06a029c5a21752047d37cf9e9ed8991fd1,reviewed_refs_competitive_blastp_context_v2
hit,L. rhamnosus,GCF_001067025.1,Spx,O31602,P15A3E6823_02380,34.247,73.0,131.0,76.0,55.725190839694655,2.02e-09,47.4,0.3618320610687023,ad8389143129f15739e5c07ff32d0f06a029c5a21752047d37cf9e9ed8991fd1,reviewed_refs_competitive_blastp_context_v2
hit,L. rhamnosus,GCF_001067025.1,MgsR,P54503,P15A3E6823_01593,44.037,109.0,126.0,132.0,86.5079365079365,1.31e-34,113.0,0.8968253968253969,ad8389143129f15739e5c07ff32d0f06a029c5a21752047d37cf9e9ed8991fd1,reviewed_refs_competitive_blastp_context_v2
hit,L. rhamnosus,GCF_001067025.1,MgsR,P54503,P15A3E6823_01808,31.429,105.0,126.0,133.0,83.33333333333333,4.35e-24,86.7,0.6880952380952381,ad8389143129f15739e5c07ff32d0f06a029c5a21752047d37cf9e9ed8991fd1,reviewed_refs_competitive_blastp_context_v2
hit,L. rhamnosus,GCF_001067025.1,OhrR,O34777,P15A3E6823_00582,39.706,136.0,147.0,151.0,92.51700680272108,4.22e-31,105.0,0.7142857142857143,ad8389143129f15739e5c07ff32d0f06a029c5a21752047d37cf9e9ed8991fd1,reviewed_refs_competitive_blastp_context_v2
hit,L. rhamnosus,GCF_001067025.1,Rex,O05521,P15A3E6823_01024,60.68,206.0,215.0,217.0,95.81395348837209,1.21e-90,262.0,1.2186046511627906,ad8389143129f15739e5c07ff32d0f06a029c5a21752047d37cf9e9ed8991fd1,reviewed_refs_competitive_blastp_context_v2
hit,L. rhamnosus,GCF_001067025.1,Rex,O05521,P15A3E6823_01923,41.748,206.0,215.0,221.0,95.81395348837209,3.77e-52,164.0,0.7627906976744186,ad8389143129f15739e5c07ff32d0f06a029c5a21752047d37cf9e9ed8991fd1,reviewed_refs_competitive_blastp_context_v2
status,L. rhamnosus,GCF_001067025.1,,,,,,,,,,,,ad8389143129f15739e5c07ff32d0f06a029c5a21752047d37cf9e9ed8991fd1,reviewed_refs_competitive_blastp_context_v2
hit,L. rhamnosus,GCF_001067215.1,Fur,P54574,P1601BE6BB_00879,29.63,135.0,149.0,146.0,90.60402684563758,1.4e-22,84.0,0.5637583892617449,ad8389143129f15739e5c07ff32d0f06a029c5a21752047d37cf9e9ed8991fd1,reviewed_refs_competitive_blastp_context_v2
hit,L. rhamnosus,GCF_001067215.1,Fur,P54574,P1601BE6BB_01494,26.866,134.0,149.0,150.0,89.93288590604027,8.95e-12,55.8,0.374496644295302,ad8389143129f15739e5c07ff32d0f06a029c5a21752047d37cf9e9ed8991fd1,reviewed_refs_competitive_blastp_context_v2
hit,L. rhamnosus,GCF_001067215.1,Zur,P54479,P1601BE6BB_01494,37.5,136.0,145.0,150.0,93.79310344827586,4.69e-33,110.0,0.7586206896551724,ad8389143129f15739e5c07ff32d0f06a029c5a21752047d37cf9e9ed8991fd1,reviewed_refs_competitive_blastp_context_v2
hit,L. rhamnosus,GCF_001067215.1,Zur,P54479,P1601BE6BB_00879,31.69,142.0,145.0,146.0,97.93103448275862,3.81e-19,75.1,0.5179310344827586,ad8389143129f15739e5c07ff32d0f06a029c5a21752047d37cf9e9ed8991fd1,reviewed_refs_competitive_blastp_context_v2
hit,L. rhamnosus,GCF_001067215.1,PerR,P71086,P1601BE6BB_00879,54.815,135.0,145.0,146.0,93.10344827586206,4.68e-55,166.0,1.1448275862068966,ad8389143129f15739e5c07ff32d0f06a029c5a21752047d37cf9e9ed8991fd1,reviewed_refs_competitive_blastp_context_v2
hit,L. rhamnosus,GCF_001067215.1,PerR,P71086,P1601BE6BB_01494,33.577,137.0,145.0,150.0,94.48275862068965,2.7e-21,80.5,0.5551724137931034,ad8389143129f15739e5c07ff32d0f06a029c5a21752047d37cf9e9ed8991fd1,reviewed_refs_competitive_blastp_context_v2
hit,L. rhamnosus,GCF_001067215.1,Spx,O31602,P1601BE6BB_01425,68.702,131.0,131.0,132.0,100.0,5.74e-68,197.0,1.5038167938931297,ad8389143129f15739e5c07ff32d0f06a029c5a21752047d37cf9e9ed8991fd1,reviewed_refs_competitive_blastp_context_v2
hit,L. rhamnosus,GCF_001067215.1,Spx,O31602,P1601BE6BB_01474,45.238,126.0,131.0,133.0,96.18320610687023,2.04e-38,123.0,0.9389312977099237,ad8389143129f15739e5c07ff32d0f06a029c5a21752047d37cf9e9ed8991fd1,reviewed_refs_competitive_blastp_context_v2
hit,L. rhamnosus,GCF_001067215.1,Spx,O31602,P1601BE6BB_01991,34.247,73.0,131.0,76.0,55.725190839694655,2.06e-09,47.4,0.3618320610687023,ad8389143129f15739e5c07ff32d0f06a029c5a21752047d37cf9e9ed8991fd1,reviewed_refs_competitive_blastp_context_v2
hit,L. rhamnosus,GCF_001067215.1,MgsR,P54503,P1601BE6BB_01425,44.037,109.0,126.0,132.0,86.5079365079365,1.34e-34,113.0,0.8968253968253969,ad8389143129f15739e5c07ff32d0f06a029c5a21752047d37cf9e9ed8991fd1,reviewed_refs_competitive_blastp_context_v2
hit,L. rhamnosus,GCF_001067215.1,MgsR,P54503,P1601BE6BB_01474,31.429,105.0,126.0,133.0,83.33333333333333,4.42e-24,86.7,0.6880952380952381,ad8389143129f15739e5c07ff32d0f06a029c5a21752047d37cf9e9ed8991fd1,reviewed_refs_competitive_blastp_context_v2
hit,L. rhamnosus,GCF_001067215.1,OhrR,O34777,P1601BE6BB_02203,39.706,136.0,147.0,151.0,92.51700680272108,4.29e-31,105.0,0.7142857142857143,ad8389143129f15739e5c07ff32d0f06a029c5a21752047d37cf9e9ed8991fd1,reviewed_refs_competitive_blastp_context_v2
hit,L. rhamnosus,GCF_001067215.1,OhrR,O34777,P1601BE6BB_02179,22.222,117.0,147.0,180.0,79.59183673469387,5.48e-08,46.2,0.3142857142857143,ad8389143129f15739e5c07ff32d0f06a029c5a21752047d37cf9e9ed8991fd1,reviewed_refs_competitive_blastp_context_v2
hit,L. rhamnosus,GCF_001067215.1,Rex,O05521,P1601BE6BB_02771,60.68,206.0,215.0,217.0,95.81395348837209,6.67e-91,262.0,1.2186046511627906,ad8389143129f15739e5c07ff32d0f06a029c5a21752047d37cf9e9ed8991fd1,reviewed_refs_competitive_blastp_context_v2
hit,L. rhamnosus,GCF_001067215.1,Rex,O05521,P1601BE6BB_00946,42.564,195.0,215.0,221.0,90.69767441860465,1.04e-50,160.0,0.7441860465116279,ad8389143129f15739e5c07ff32d0f06a029c5a21752047d37cf9e9ed8991fd1,reviewed_refs_competitive_blastp_context_v2
status,L. rhamnosus,GCF_001067215.1,,,,,,,,,,,,ad8389143129f15739e5c07ff32d0f06a029c5a21752047d37cf9e9ed8991fd1,reviewed_refs_competitive_blastp_context_v2
hit,L. rhamnosus,GCF_001067335.1,Fur,P54574,P1BE2BE006_01689,30.37,135.0,149.0,146.0,90.60402684563758,4.32e-23,85.1,0.5711409395973154,ad8389143129f15739e5c07ff32d0f06a029c5a21752047d37cf9e9ed8991fd1,reviewed_refs_competitive_blastp_context_v2
hit,L. rhamnosus,GCF_001067335.1,Fur,P54574,P1BE2BE006_01906,26.866,134.0,149.0,150.0,89.93288590604027,8.85e-12,55.8,0.374496644295302,ad8389143129f15739e5c07ff32d0f06a029c5a21752047d37cf9e9ed8991fd1,reviewed_refs_competitive_blastp_context_v2
hit,L. rhamnosus,GCF_001067335.1,Zur,P54479,P1BE2BE006_01906,37.5,136.0,145.0,150.0,93.79310344827586,4.64e-33,110.0,0.7586206896551724,ad8389143129f15739e5c07ff32d0f06a029c5a21752047d37cf9e9ed8991fd1,reviewed_refs_competitive_blastp_context_v2
hit,L. rhamnosus,GCF_001067335.1,Zur,P54479,P1BE2BE006_01689,31.69,142.0,145.0,146.0,97.93103448275862,5.48e-19,74.7,0.5151724137931035,ad8389143129f15739e5c07ff32d0f06a029c5a21752047d37cf9e9ed8991fd1,reviewed_refs_competitive_blastp_context_v2
hit,L. rhamnosus,GCF_001067335.1,PerR,P71086,P1BE2BE006_01689,55.556,135.0,145.0,146.0,93.10344827586206,1.41e-55,167.0,1.1517241379310346,ad8389143129f15739e5c07ff32d0f06a029c5a21752047d37cf9e9ed8991fd1,reviewed_refs_competitive_blastp_context_v2
hit,L. rhamnosus,GCF_001067335.1,PerR,P71086,P1BE2BE006_01906,33.577,137.0,145.0,150.0,94.48275862068965,2.67e-21,80.5,0.5551724137931034,ad8389143129f15739e5c07ff32d0f06a029c5a21752047d37cf9e9ed8991fd1,reviewed_refs_competitive_blastp_context_v2
hit,L. rhamnosus,GCF_001067335.1,Spx,O31602,P1BE2BE006_00198,68.702,131.0,131.0,132.0,100.0,5.68e-68,197.0,1.5038167938931297,ad8389143129f15739e5c07ff32d0f06a029c5a21752047d37cf9e9ed8991fd1,reviewed_refs_competitive_blastp_context_v2
hit,L. rhamnosus,GCF_001067335.1,Spx,O31602,P1BE2BE006_01886,45.238,126.0,131.0,133.0,96.18320610687023,1.89e-38,123.0,0.9389312977099237,ad8389143129f15739e5c07ff32d0f06a029c5a21752047d37cf9e9ed8991fd1,reviewed_refs_competitive_blastp_context_v2
hit,L. rhamnosus,GCF_001067335.1,Spx,O31602,P1BE2BE006_02711,34.247,73.0,131.0,76.0,55.725190839694655,2.03e-09,47.4,0.3618320610687023,ad8389143129f15739e5c07ff32d0f06a029c5a21752047d37cf9e9ed8991fd1,reviewed_refs_competitive_blastp_context_v2
hit,L. rhamnosus,GCF_001067335.1,MgsR,P54503,P1BE2BE006_00198,44.037,109.0,126.0,132.0,86.5079365079365,1.32e-34,113.0,0.8968253968253969,ad8389143129f15739e5c07ff32d0f06a029c5a21752047d37cf9e9ed8991fd1,reviewed_refs_competitive_blastp_context_v2
hit,L. rhamnosus,GCF_001067335.1,MgsR,P54503,P1BE2BE006_01886,31.429,105.0,126.0,133.0,83.33333333333333,4.37e-24,86.7,0.6880952380952381,ad8389143129f15739e5c07ff32d0f06a029c5a21752047d37cf9e9ed8991fd1,reviewed_refs_competitive_blastp_context_v2
hit,L. rhamnosus,GCF_001067335.1,OhrR,O34777,P1BE2BE006_01757,39.706,136.0,147.0,151.0,92.51700680272108,4.24e-31,105.0,0.7142857142857143,ad8389143129f15739e5c07ff32d0f06a029c5a21752047d37cf9e9ed8991fd1,reviewed_refs_competitive_blastp_context_v2
hit,L. rhamnosus,GCF_001067335.1,OhrR,O34777,P1BE2BE006_00915,23.009,113.0,147.0,165.0,76.87074829931973,4.9e-08,46.2,0.3142857142857143,ad8389143129f15739e5c07ff32d0f06a029c5a21752047d37cf9e9ed8991fd1,reviewed_refs_competitive_blastp_context_v2
hit,L. rhamnosus,GCF_001067335.1,Rex,O05521,P1BE2BE006_01227,60.68,206.0,215.0,217.0,95.81395348837209,1.22e-90,262.0,1.2186046511627906,ad8389143129f15739e5c07ff32d0f06a029c5a21752047d37cf9e9ed8991fd1,reviewed_refs_competitive_blastp_context_v2
hit,L. rhamnosus,GCF_001067335.1,Rex,O05521,P1BE2BE006_00710,42.564,195.0,215.0,221.0,90.69767441860465,3.23e-50,159.0,0.7395348837209302,ad8389143129f15739e5c07ff32d0f06a029c5a21752047d37cf9e9ed8991fd1,reviewed_refs_competitive_blastp_context_v2
status,L. rhamnosus,GCF_001067335.1,,,,,,,,,,,,ad8389143129f15739e5c07ff32d0f06a029c5a21752047d37cf9e9ed8991fd1,reviewed_refs_competitive_blastp_context_v2
hit,L. rhamnosus,GCF_001067625.1,Fur,P54574,P147A27C4F_00346,30.37,135.0,149.0,146.0,90.60402684563758,4.28e-23,85.1,0.5711409395973154,ad8389143129f15739e5c07ff32d0f06a029c5a21752047d37cf9e9ed8991fd1,reviewed_refs_competitive_blastp_context_v2
hit,L. rhamnosus,GCF_001067625.1,Fur,P54574,P147A27C4F_01439,26.866,134.0,149.0,150.0,89.93288590604027,8.76e-12,55.8,0.374496644295302,ad8389143129f15739e5c07ff32d0f06a029c5a21752047d37cf9e9ed8991fd1,reviewed_refs_competitive_blastp_context_v2
hit,L. rhamnosus,GCF_001067625.1,Zur,P54479,P147A27C4F_01439,37.5,136.0,145.0,150.0,93.79310344827586,4.59e-33,110.0,0.7586206896551724,ad8389143129f15739e5c07ff32d0f06a029c5a21752047d37cf9e9ed8991fd1,reviewed_refs_competitive_blastp_context_v2
hit,L. rhamnosus,GCF_001067625.1,Zur,P54479,P147A27C4F_00346,31.69,142.0,145.0,146.0,97.93103448275862,5.43e-19,74.7,0.5151724137931035,ad8389143129f15739e5c07ff32d0f06a029c5a21752047d37cf9e9ed8991fd1,reviewed_refs_competitive_blastp_context_v2
hit,L. rhamnosus,GCF_001067625.1,PerR,P71086,P147A27C4F_00346,55.556,135.0,145.0,146.0,93.10344827586206,1.39e-55,167.0,1.1517241379310346,ad8389143129f15739e5c07ff32d0f06a029c5a21752047d37cf9e9ed8991fd1,reviewed_refs_competitive_blastp_context_v2
hit,L. rhamnosus,GCF_001067625.1,PerR,P71086,P147A27C4F_01439,33.577,137.0,145.0,150.0,94.48275862068965,2.65e-21,80.5,0.5551724137931034,ad8389143129f15739e5c07ff32d0f06a029c5a21752047d37cf9e9ed8991fd1,reviewed_refs_competitive_blastp_context_v2
hit,L. rhamnosus,GCF_001067625.1,Spx,O31602,P147A27C4F_00466,68.702,131.0,131.0,132.0,100.0,5.62e-68,197.0,1.5038167938931297,ad8389143129f15739e5c07ff32d0f06a029c5a21752047d37cf9e9ed8991fd1,reviewed_refs_competitive_blastp_context_v2
hit,L. rhamnosus,GCF_001067625.1,Spx,O31602,P147A27C4F_00818,45.238,126.0,131.0,133.0,96.18320610687023,1.87e-38,123.0,0.9389312977099237,ad8389143129f15739e5c07ff32d0f06a029c5a21752047d37cf9e9ed8991fd1,reviewed_refs_competitive_blastp_context_v2
hit,L. rhamnosus,GCF_001067625.1,Spx,O31602,P147A27C4F_00023,34.247,73.0,131.0,76.0,55.725190839694655,2.01e-09,47.4,0.3618320610687023,ad8389143129f15739e5c07ff32d0f06a029c5a21752047d37cf9e9ed8991fd1,reviewed_refs_competitive_blastp_context_v2
hit,L. rhamnosus,GCF_001067625.1,MgsR,P54503,P147A27C4F_00466,44.037,109.0,126.0,132.0,86.5079365079365,1.31e-34,113.0,0.8968253968253969,ad8389143129f15739e5c07ff32d0f06a029c5a21752047d37cf9e9ed8991fd1,reviewed_refs_competitive_blastp_context_v2
hit,L. rhamnosus,GCF_001067625.1,MgsR,P54503,P147A27C4F_00818,31.429,105.0,126.0,133.0,83.33333333333333,4.32e-24,86.7,0.6880952380952381,ad8389143129f15739e5c07ff32d0f06a029c5a21752047d37cf9e9ed8991fd1,reviewed_refs_competitive_blastp_context_v2
hit,L. rhamnosus,GCF_001067625.1,OhrR,O34777,P147A27C4F_02470,39.706,136.0,147.0,151.0,92.51700680272108,4.2e-31,105.0,0.7142857142857143,ad8389143129f15739e5c07ff32d0f06a029c5a21752047d37cf9e9ed8991fd1,reviewed_refs_competitive_blastp_context_v2
hit,L. rhamnosus,GCF_001067625.1,OhrR,O34777,P147A27C4F_02583,23.009,113.0,147.0,165.0,76.87074829931973,4.85e-08,46.2,0.3142857142857143,ad8389143129f15739e5c07ff32d0f06a029c5a21752047d37cf9e9ed8991fd1,reviewed_refs_competitive_blastp_context_v2
hit,L. rhamnosus,GCF_001067625.1,Rex,O05521,P147A27C4F_01780,60.68,206.0,215.0,217.0,95.81395348837209,1.2e-90,262.0,1.2186046511627906,ad8389143129f15739e5c07ff32d0f06a029c5a21752047d37cf9e9ed8991fd1,reviewed_refs_competitive_blastp_context_v2
hit,L. rhamnosus,GCF_001067625.1,Rex,O05521,P147A27C4F_01084,37.607,117.0,215.0,133.0,54.41860465116279,3.68e-22,84.7,0.39395348837209304,ad8389143129f15739e5c07ff32d0f06a029c5a21752047d37cf9e9ed8991fd1,reviewed_refs_competitive_blastp_context_v2
hit,L. rhamnosus,GCF_001067625.1,Rex,O05521,P147A27C4F_01083,52.055,73.0,215.0,104.0,33.95348837209303,5.1e-21,80.9,0.3762790697674419,ad8389143129f15739e5c07ff32d0f06a029c5a21752047d37cf9e9ed8991fd1,reviewed_refs_competitive_blastp_context_v2
status,L. rhamnosus,GCF_001067625.1,,,,,,,,,,,,ad8389143129f15739e5c07ff32d0f06a029c5a21752047d37cf9e9ed8991fd1,reviewed_refs_competitive_blastp_context_v2
hit,L. rhamnosus,GCF_001067885.1,Fur,P54574,P151F474FB_00320,30.37,135.0,149.0,146.0,90.60402684563758,4.29e-23,85.1,0.5711409395973154,ad8389143129f15739e5c07ff32d0f06a029c5a21752047d37cf9e9ed8991fd1,reviewed_refs_competitive_blastp_context_v2
hit,L. rhamnosus,GCF_001067885.1,Fur,P54574,P151F474FB_01236,26.866,134.0,149.0,150.0,89.93288590604027,8.78e-12,55.8,0.374496644295302,ad8389143129f15739e5c07ff32d0f06a029c5a21752047d37cf9e9ed8991fd1,reviewed_refs_competitive_blastp_context_v2
hit,L. rhamnosus,GCF_001067885.1,Zur,P54479,P151F474FB_01236,37.5,136.0,145.0,150.0,93.79310344827586,4.6e-33,110.0,0.7586206896551724,ad8389143129f15739e5c07ff32d0f06a029c5a21752047d37cf9e9ed8991fd1,reviewed_refs_competitive_blastp_context_v2
hit,L. rhamnosus,GCF_001067885.1,Zur,P54479,P151F474FB_00320,31.69,142.0,145.0,146.0,97.93103448275862,5.44e-19,74.7,0.5151724137931035,ad8389143129f15739e5c07ff32d0f06a029c5a21752047d37cf9e9ed8991fd1,reviewed_refs_competitive_blastp_context_v2
hit,L. rhamnosus,GCF_001067885.1,PerR,P71086,P151F474FB_00320,55.556,135.0,145.0,146.0,93.10344827586206,1.4e-55,167.0,1.1517241379310346,ad8389143129f15739e5c07ff32d0f06a029c5a21752047d37cf9e9ed8991fd1,reviewed_refs_competitive_blastp_context_v2
hit,L. rhamnosus,GCF_001067885.1,PerR,P71086,P151F474FB_01236,33.577,137.0,145.0,150.0,94.48275862068965,2.65e-21,80.5,0.5551724137931034,ad8389143129f15739e5c07ff32d0f06a029c5a21752047d37cf9e9ed8991fd1,reviewed_refs_competitive_blastp_context_v2
hit,L. rhamnosus,GCF_001067885.1,Spx,O31602,P151F474FB_00512,68.702,131.0,131.0,132.0,100.0,5.64e-68,197.0,1.5038167938931297,ad8389143129f15739e5c07ff32d0f06a029c5a21752047d37cf9e9ed8991fd1,reviewed_refs_competitive_blastp_context_v2
hit,L. rhamnosus,GCF_001067885.1,Spx,O31602,P151F474FB_01216,45.238,126.0,131.0,133.0,96.18320610687023,1.32e-38,123.0,0.9389312977099237,ad8389143129f15739e5c07ff32d0f06a029c5a21752047d37cf9e9ed8991fd1,reviewed_refs_competitive_blastp_context_v2
hit,L. rhamnosus,GCF_001067885.1,Spx,O31602,P151F474FB_01884,34.247,73.0,131.0,76.0,55.725190839694655,2.02e-09,47.4,0.3618320610687023,ad8389143129f15739e5c07ff32d0f06a029c5a21752047d37cf9e9ed8991fd1,reviewed_refs_competitive_blastp_context_v2
hit,L. rhamnosus,GCF_001067885.1,MgsR,P54503,P151F474FB_00512,44.037,109.0,126.0,132.0,86.5079365079365,1.31e-34,113.0,0.8968253968253969,ad8389143129f15739e5c07ff32d0f06a029c5a21752047d37cf9e9ed8991fd1,reviewed_refs_competitive_blastp_context_v2
hit,L. rhamnosus,GCF_001067885.1,MgsR,P54503,P151F474FB_01216,31.429,105.0,126.0,133.0,83.33333333333333,3.98e-24,86.7,0.6880952380952381,ad8389143129f15739e5c07ff32d0f06a029c5a21752047d37cf9e9ed8991fd1,reviewed_refs_competitive_blastp_context_v2
hit,L. rhamnosus,GCF_001067885.1,OhrR,O34777,P151F474FB_00810,39.706,136.0,147.0,151.0,92.51700680272108,4.21e-31,105.0,0.7142857142857143,ad8389143129f15739e5c07ff32d0f06a029c5a21752047d37cf9e9ed8991fd1,reviewed_refs_competitive_blastp_context_v2
hit,L. rhamnosus,GCF_001067885.1,OhrR,O34777,P151F474FB_00368,23.009,113.0,147.0,165.0,76.87074829931973,4.49e-08,46.2,0.3142857142857143,ad8389143129f15739e5c07ff32d0f06a029c5a21752047d37cf9e9ed8991fd1,reviewed_refs_competitive_blastp_context_v2
hit,L. rhamnosus,GCF_001067885.1,OhrR,O34777,P151F474FB_00294,32.877,73.0,147.0,194.0,49.65986394557823,8.11e-06,40.0,0.272108843537415,ad8389143129f15739e5c07ff32d0f06a029c5a21752047d37cf9e9ed8991fd1,reviewed_refs_competitive_blastp_context_v2
hit,L. rhamnosus,GCF_001067885.1,Rex,O05521,P151F474FB_02417,60.68,206.0,215.0,217.0,95.81395348837209,1.21e-90,262.0,1.2186046511627906,ad8389143129f15739e5c07ff32d0f06a029c5a21752047d37cf9e9ed8991fd1,reviewed_refs_competitive_blastp_context_v2
hit,L. rhamnosus,GCF_001067885.1,Rex,O05521,P151F474FB_00603,42.564,195.0,215.0,221.0,90.69767441860465,1.02e-50,160.0,0.7441860465116279,ad8389143129f15739e5c07ff32d0f06a029c5a21752047d37cf9e9ed8991fd1,reviewed_refs_competitive_blastp_context_v2
status,L. rhamnosus,GCF_001067885.1,,,,,,,,,,,,ad8389143129f15739e5c07ff32d0f06a029c5a21752047d37cf9e9ed8991fd1,reviewed_refs_competitive_blastp_context_v2
hit,L. rhamnosus,GCF_001068015.1,Fur,P54574,P1B19F2376_01586,30.37,135.0,149.0,146.0,90.60402684563758,4.31e-23,85.1,0.5711409395973154,ad8389143129f15739e5c07ff32d0f06a029c5a21752047d37cf9e9ed8991fd1,reviewed_refs_competitive_blastp_context_v2
hit,L. rhamnosus,GCF_001068015.1,Fur,P54574,P1B19F2376_00243,26.119,134.0,149.0,150.0,89.93288590604027,3.05e-11,54.3,0.3644295302013423,ad8389143129f15739e5c07ff32d0f06a029c5a21752047d37cf9e9ed8991fd1,reviewed_refs_competitive_blastp_context_v2
hit,L. rhamnosus,GCF_001068015.1,Zur,P54479,P1B19F2376_00243,38.235,136.0,145.0,150.0,93.79310344827586,2.33e-33,111.0,0.7655172413793103,ad8389143129f15739e5c07ff32d0f06a029c5a21752047d37cf9e9ed8991fd1,reviewed_refs_competitive_blastp_context_v2
hit,L. rhamnosus,GCF_001068015.1,Zur,P54479,P1B19F2376_01586,31.69,142.0,145.0,146.0,97.93103448275862,5.47e-19,74.7,0.5151724137931035,ad8389143129f15739e5c07ff32d0f06a029c5a21752047d37cf9e9ed8991fd1,reviewed_refs_competitive_blastp_context_v2
hit,L. rhamnosus,GCF_001068015.1,PerR,P71086,P1B19F2376_01586,55.556,135.0,145.0,146.0,93.10344827586206,1.4e-55,167.0,1.1517241379310346,ad8389143129f15739e5c07ff32d0f06a029c5a21752047d37cf9e9ed8991fd1,reviewed_refs_competitive_blastp_context_v2
hit,L. rhamnosus,GCF_001068015.1,PerR,P71086,P1B19F2376_00243,32.847,137.0,145.0,150.0,94.48275862068965,7.25e-21,79.3,0.5468965517241379,ad8389143129f15739e5c07ff32d0f06a029c5a21752047d37cf9e9ed8991fd1,reviewed_refs_competitive_blastp_context_v2
hit,L. rhamnosus,GCF_001068015.1,Spx,O31602,P1B19F2376_01298,68.702,131.0,131.0,132.0,100.0,5.67e-68,197.0,1.5038167938931297,ad8389143129f15739e5c07ff32d0f06a029c5a21752047d37cf9e9ed8991fd1,reviewed_refs_competitive_blastp_context_v2
hit,L. rhamnosus,GCF_001068015.1,Spx,O31602,P1B19F2376_00263,45.238,126.0,131.0,133.0,96.18320610687023,1.88e-38,123.0,0.9389312977099237,ad8389143129f15739e5c07ff32d0f06a029c5a21752047d37cf9e9ed8991fd1,reviewed_refs_competitive_blastp_context_v2
hit,L. rhamnosus,GCF_001068015.1,Spx,O31602,P1B19F2376_01393,34.247,73.0,131.0,76.0,55.725190839694655,2.03e-09,47.4,0.3618320610687023,ad8389143129f15739e5c07ff32d0f06a029c5a21752047d37cf9e9ed8991fd1,reviewed_refs_competitive_blastp_context_v2
hit,L. rhamnosus,GCF_001068015.1,MgsR,P54503,P1B19F2376_01298,44.037,109.0,126.0,132.0,86.5079365079365,1.32e-34,113.0,0.8968253968253969,ad8389143129f15739e5c07ff32d0f06a029c5a21752047d37cf9e9ed8991fd1,reviewed_refs_competitive_blastp_context_v2
hit,L. rhamnosus,GCF_001068015.1,MgsR,P54503,P1B19F2376_00263,31.429,105.0,126.0,133.0,83.33333333333333,4.36e-24,86.7,0.6880952380952381,ad8389143129f15739e5c07ff32d0f06a029c5a21752047d37cf9e9ed8991fd1,reviewed_refs_competitive_blastp_context_v2
hit,L. rhamnosus,GCF_001068015.1,OhrR,O34777,P1B19F2376_00417,39.706,136.0,147.0,151.0,92.51700680272108,4.23e-31,105.0,0.7142857142857143,ad8389143129f15739e5c07ff32d0f06a029c5a21752047d37cf9e9ed8991fd1,reviewed_refs_competitive_blastp_context_v2
hit,L. rhamnosus,GCF_001068015.1,OhrR,O34777,P1B19F2376_01901,23.009,113.0,147.0,165.0,76.87074829931973,4e-08,46.2,0.3142857142857143,ad8389143129f15739e5c07ff32d0f06a029c5a21752047d37cf9e9ed8991fd1,reviewed_refs_competitive_blastp_context_v2
hit,L. rhamnosus,GCF_001068015.1,Rex,O05521,P1B19F2376_02189,60.68,206.0,215.0,217.0,95.81395348837209,1.21e-90,262.0,1.2186046511627906,ad8389143129f15739e5c07ff32d0f06a029c5a21752047d37cf9e9ed8991fd1,reviewed_refs_competitive_blastp_context_v2
hit,L. rhamnosus,GCF_001068015.1,Rex,O05521,P1B19F2376_02040,41.262,206.0,215.0,221.0,95.81395348837209,1.41e-51,162.0,0.7534883720930232,ad8389143129f15739e5c07ff32d0f06a029c5a21752047d37cf9e9ed8991fd1,reviewed_refs_competitive_blastp_context_v2
status,L. rhamnosus,GCF_001068015.1,,,,,,,,,,,,ad8389143129f15739e5c07ff32d0f06a029c5a21752047d37cf9e9ed8991fd1,reviewed_refs_competitive_blastp_context_v2
hit,L. rhamnosus,GCF_001068045.1,Fur,P54574,P111B83C9A_01138,29.63,135.0,149.0,146.0,90.60402684563758,1.42e-22,84.0,0.5637583892617449,ad8389143129f15739e5c07ff32d0f06a029c5a21752047d37cf9e9ed8991fd1,reviewed_refs_competitive_blastp_context_v2
hit,L. rhamnosus,GCF_001068045.1,Fur,P54574,P111B83C9A_02677,26.866,134.0,149.0,150.0,89.93288590604027,9.07e-12,55.8,0.374496644295302,ad8389143129f15739e5c07ff32d0f06a029c5a21752047d37cf9e9ed8991fd1,reviewed_refs_competitive_blastp_context_v2
hit,L. rhamnosus,GCF_001068045.1,Zur,P54479,P111B83C9A_02677,37.5,136.0,145.0,150.0,93.79310344827586,4.76e-33,110.0,0.7586206896551724,ad8389143129f15739e5c07ff32d0f06a029c5a21752047d37cf9e9ed8991fd1,reviewed_refs_competitive_blastp_context_v2
hit,L. rhamnosus,GCF_001068045.1,Zur,P54479,P111B83C9A_01138,31.69,142.0,145.0,146.0,97.93103448275862,3.86e-19,75.1,0.5179310344827586,ad8389143129f15739e5c07ff32d0f06a029c5a21752047d37cf9e9ed8991fd1,reviewed_refs_competitive_blastp_context_v2
hit,L. rhamnosus,GCF_001068045.1,PerR,P71086,P111B83C9A_01138,54.815,135.0,145.0,146.0,93.10344827586206,4.75e-55,166.0,1.1448275862068966,ad8389143129f15739e5c07ff32d0f06a029c5a21752047d37cf9e9ed8991fd1,reviewed_refs_competitive_blastp_context_v2
hit,L. rhamnosus,GCF_001068045.1,PerR,P71086,P111B83C9A_02677,33.577,137.0,145.0,150.0,94.48275862068965,2.74e-21,80.5,0.5551724137931034,ad8389143129f15739e5c07ff32d0f06a029c5a21752047d37cf9e9ed8991fd1,reviewed_refs_competitive_blastp_context_v2
hit,L. rhamnosus,GCF_001068045.1,Spx,O31602,P111B83C9A_02301,68.702,131.0,131.0,132.0,100.0,5.82e-68,197.0,1.5038167938931297,ad8389143129f15739e5c07ff32d0f06a029c5a21752047d37cf9e9ed8991fd1,reviewed_refs_competitive_blastp_context_v2
hit,L. rhamnosus,GCF_001068045.1,Spx,O31602,P111B83C9A_02657,46.154,78.0,131.0,88.0,59.541984732824424,2.69e-22,80.9,0.6175572519083969,ad8389143129f15739e5c07ff32d0f06a029c5a21752047d37cf9e9ed8991fd1,reviewed_refs_competitive_blastp_context_v2
hit,L. rhamnosus,GCF_001068045.1,Spx,O31602,P111B83C9A_00698,34.247,73.0,131.0,76.0,55.725190839694655,2.08e-09,47.4,0.3618320610687023,ad8389143129f15739e5c07ff32d0f06a029c5a21752047d37cf9e9ed8991fd1,reviewed_refs_competitive_blastp_context_v2
hit,L. rhamnosus,GCF_001068045.1,MgsR,P54503,P111B83C9A_02301,44.037,109.0,126.0,132.0,86.5079365079365,1.35e-34,113.0,0.8968253968253969,ad8389143129f15739e5c07ff32d0f06a029c5a21752047d37cf9e9ed8991fd1,reviewed_refs_competitive_blastp_context_v2
hit,L. rhamnosus,GCF_001068045.1,MgsR,P54503,P111B83C9A_02657,32.787,61.0,126.0,88.0,48.41269841269841,3.54e-14,60.1,0.476984126984127,ad8389143129f15739e5c07ff32d0f06a029c5a21752047d37cf9e9ed8991fd1,reviewed_refs_competitive_blastp_context_v2
hit,L. rhamnosus,GCF_001068045.1,OhrR,O34777,P111B83C9A_01384,39.706,136.0,147.0,151.0,92.51700680272108,4.35e-31,105.0,0.7142857142857143,ad8389143129f15739e5c07ff32d0f06a029c5a21752047d37cf9e9ed8991fd1,reviewed_refs_competitive_blastp_context_v2
hit,L. rhamnosus,GCF_001068045.1,OhrR,O34777,P111B83C9A_01013,22.222,117.0,147.0,180.0,79.59183673469387,5.56e-08,46.2,0.3142857142857143,ad8389143129f15739e5c07ff32d0f06a029c5a21752047d37cf9e9ed8991fd1,reviewed_refs_competitive_blastp_context_v2
hit,L. rhamnosus,GCF_001068045.1,Rex,O05521,P111B83C9A_02259,60.68,206.0,215.0,217.0,95.81395348837209,6.76e-91,262.0,1.2186046511627906,ad8389143129f15739e5c07ff32d0f06a029c5a21752047d37cf9e9ed8991fd1,reviewed_refs_competitive_blastp_context_v2
hit,L. rhamnosus,GCF_001068045.1,Rex,O05521,P111B83C9A_01185,42.564,195.0,215.0,221.0,90.69767441860465,1.05e-50,160.0,0.7441860465116279,ad8389143129f15739e5c07ff32d0f06a029c5a21752047d37cf9e9ed8991fd1,reviewed_refs_competitive_blastp_context_v2
status,L. rhamnosus,GCF_001068045.1,,,,,,,,,,,,ad8389143129f15739e5c07ff32d0f06a029c5a21752047d37cf9e9ed8991fd1,reviewed_refs_competitive_blastp_context_v2
hit,L. rhamnosus,GCF_001068195.1,Fur,P54574,P1D77051E1_01323,29.63,135.0,149.0,146.0,90.60402684563758,1.41e-22,84.0,0.5637583892617449,ad8389143129f15739e5c07ff32d0f06a029c5a21752047d37cf9e9ed8991fd1,reviewed_refs_competitive_blastp_context_v2
hit,L. rhamnosus,GCF_001068195.1,Fur,P54574,P1D77051E1_01268,26.866,134.0,149.0,150.0,89.93288590604027,9.03e-12,55.8,0.374496644295302,ad8389143129f15739e5c07ff32d0f06a029c5a21752047d37cf9e9ed8991fd1,reviewed_refs_competitive_blastp_context_v2
hit,L. rhamnosus,GCF_001068195.1,Zur,P54479,P1D77051E1_01268,37.5,136.0,145.0,150.0,93.79310344827586,4.73e-33,110.0,0.7586206896551724,ad8389143129f15739e5c07ff32d0f06a029c5a21752047d37cf9e9ed8991fd1,reviewed_refs_competitive_blastp_context_v2
hit,L. rhamnosus,GCF_001068195.1,Zur,P54479,P1D77051E1_01323,31.69,142.0,145.0,146.0,97.93103448275862,3.84e-19,75.1,0.5179310344827586,ad8389143129f15739e5c07ff32d0f06a029c5a21752047d37cf9e9ed8991fd1,reviewed_refs_competitive_blastp_context_v2
hit,L. rhamnosus,GCF_001068195.1,PerR,P71086,P1D77051E1_01323,54.815,135.0,145.0,146.0,93.10344827586206,4.73e-55,166.0,1.1448275862068966,ad8389143129f15739e5c07ff32d0f06a029c5a21752047d37cf9e9ed8991fd1,reviewed_refs_competitive_blastp_context_v2
hit,L. rhamnosus,GCF_001068195.1,PerR,P71086,P1D77051E1_01268,33.577,137.0,145.0,150.0,94.48275862068965,2.73e-21,80.5,0.5551724137931034,ad8389143129f15739e5c07ff32d0f06a029c5a21752047d37cf9e9ed8991fd1,reviewed_refs_competitive_blastp_context_v2
hit,L. rhamnosus,GCF_001068195.1,Spx,O31602,P1D77051E1_01980,68.702,131.0,131.0,132.0,100.0,5.79e-68,197.0,1.5038167938931297,ad8389143129f15739e5c07ff32d0f06a029c5a21752047d37cf9e9ed8991fd1,reviewed_refs_competitive_blastp_context_v2
hit,L. rhamnosus,GCF_001068195.1,Spx,O31602,P1D77051E1_02719,46.154,78.0,131.0,88.0,59.541984732824424,2.67e-22,80.9,0.6175572519083969,ad8389143129f15739e5c07ff32d0f06a029c5a21752047d37cf9e9ed8991fd1,reviewed_refs_competitive_blastp_context_v2
hit,L. rhamnosus,GCF_001068195.1,Spx,O31602,P1D77051E1_02215,34.247,73.0,131.0,76.0,55.725190839694655,2.07e-09,47.4,0.3618320610687023,ad8389143129f15739e5c07ff32d0f06a029c5a21752047d37cf9e9ed8991fd1,reviewed_refs_competitive_blastp_context_v2
hit,L. rhamnosus,GCF_001068195.1,MgsR,P54503,P1D77051E1_01980,44.037,109.0,126.0,132.0,86.5079365079365,1.35e-34,113.0,0.8968253968253969,ad8389143129f15739e5c07ff32d0f06a029c5a21752047d37cf9e9ed8991fd1,reviewed_refs_competitive_blastp_context_v2
hit,L. rhamnosus,GCF_001068195.1,MgsR,P54503,P1D77051E1_02719,32.787,61.0,126.0,88.0,48.41269841269841,3.52e-14,60.1,0.476984126984127,ad8389143129f15739e5c07ff32d0f06a029c5a21752047d37cf9e9ed8991fd1,reviewed_refs_competitive_blastp_context_v2
hit,L. rhamnosus,GCF_001068195.1,OhrR,O34777,P1D77051E1_02204,39.706,136.0,147.0,151.0,92.51700680272108,4.33e-31,105.0,0.7142857142857143,ad8389143129f15739e5c07ff32d0f06a029c5a21752047d37cf9e9ed8991fd1,reviewed_refs_competitive_blastp_context_v2
hit,L. rhamnosus,GCF_001068195.1,OhrR,O34777,P1D77051E1_01191,22.222,117.0,147.0,180.0,79.59183673469387,5.53e-08,46.2,0.3142857142857143,ad8389143129f15739e5c07ff32d0f06a029c5a21752047d37cf9e9ed8991fd1,reviewed_refs_competitive_blastp_context_v2
hit,L. rhamnosus,GCF_001068195.1,Rex,O05521,P1D77051E1_00185,60.68,206.0,215.0,217.0,95.81395348837209,6.73e-91,262.0,1.2186046511627906,ad8389143129f15739e5c07ff32d0f06a029c5a21752047d37cf9e9ed8991fd1,reviewed_refs_competitive_blastp_context_v2
hit,L. rhamnosus,GCF_001068195.1,Rex,O05521,P1D77051E1_02524,42.564,195.0,215.0,221.0,90.69767441860465,1.05e-50,160.0,0.7441860465116279,ad8389143129f15739e5c07ff32d0f06a029c5a21752047d37cf9e9ed8991fd1,reviewed_refs_competitive_blastp_context_v2
status,L. rhamnosus,GCF_001068195.1,,,,,,,,,,,,ad8389143129f15739e5c07ff32d0f06a029c5a21752047d37cf9e9ed8991fd1,reviewed_refs_competitive_blastp_context_v2
hit,L. rhamnosus,GCF_001068215.1,Fur,P54574,P19F238945_00094,30.37,135.0,149.0,146.0,90.60402684563758,4.08e-23,85.1,0.5711409395973154,ad8389143129f15739e5c07ff32d0f06a029c5a21752047d37cf9e9ed8991fd1,reviewed_refs_competitive_blastp_context_v2
hit,L. rhamnosus,GCF_001068215.1,Fur,P54574,P19F238945_00968,26.866,134.0,149.0,150.0,89.93288590604027,8.36e-12,55.8,0.374496644295302,ad8389143129f15739e5c07ff32d0f06a029c5a21752047d37cf9e9ed8991fd1,reviewed_refs_competitive_blastp_context_v2
hit,L. rhamnosus,GCF_001068215.1,Zur,P54479,P19F238945_00968,37.5,136.0,145.0,150.0,93.79310344827586,4.38e-33,110.0,0.7586206896551724,ad8389143129f15739e5c07ff32d0f06a029c5a21752047d37cf9e9ed8991fd1,reviewed_refs_competitive_blastp_context_v2
hit,L. rhamnosus,GCF_001068215.1,Zur,P54479,P19F238945_00094,31.69,142.0,145.0,146.0,97.93103448275862,5.18e-19,74.7,0.5151724137931035,ad8389143129f15739e5c07ff32d0f06a029c5a21752047d37cf9e9ed8991fd1,reviewed_refs_competitive_blastp_context_v2
hit,L. rhamnosus,GCF_001068215.1,PerR,P71086,P19F238945_00094,55.556,135.0,145.0,146.0,93.10344827586206,1.33e-55,167.0,1.1517241379310346,ad8389143129f15739e5c07ff32d0f06a029c5a21752047d37cf9e9ed8991fd1,reviewed_refs_competitive_blastp_context_v2
hit,L. rhamnosus,GCF_001068215.1,PerR,P71086,P19F238945_00968,33.577,137.0,145.0,150.0,94.48275862068965,2.53e-21,80.5,0.5551724137931034,ad8389143129f15739e5c07ff32d0f06a029c5a21752047d37cf9e9ed8991fd1,reviewed_refs_competitive_blastp_context_v2
hit,L. rhamnosus,GCF_001068215.1,Spx,O31602,P19F238945_02500,68.702,131.0,131.0,132.0,100.0,5.37e-68,197.0,1.5038167938931297,ad8389143129f15739e5c07ff32d0f06a029c5a21752047d37cf9e9ed8991fd1,reviewed_refs_competitive_blastp_context_v2
hit,L. rhamnosus,GCF_001068215.1,Spx,O31602,P19F238945_02545,45.238,126.0,131.0,133.0,96.18320610687023,1.78e-38,123.0,0.9389312977099237,ad8389143129f15739e5c07ff32d0f06a029c5a21752047d37cf9e9ed8991fd1,reviewed_refs_competitive_blastp_context_v2
hit,L. rhamnosus,GCF_001068215.1,Spx,O31602,P19F238945_00955,34.247,73.0,131.0,76.0,55.725190839694655,1.92e-09,47.4,0.3618320610687023,ad8389143129f15739e5c07ff32d0f06a029c5a21752047d37cf9e9ed8991fd1,reviewed_refs_competitive_blastp_context_v2
hit,L. rhamnosus,GCF_001068215.1,MgsR,P54503,P19F238945_02500,44.037,109.0,126.0,132.0,86.5079365079365,1.25e-34,113.0,0.8968253968253969,ad8389143129f15739e5c07ff32d0f06a029c5a21752047d37cf9e9ed8991fd1,reviewed_refs_competitive_blastp_context_v2
hit,L. rhamnosus,GCF_001068215.1,MgsR,P54503,P19F238945_02545,31.429,105.0,126.0,133.0,83.33333333333333,4.13e-24,86.7,0.6880952380952381,ad8389143129f15739e5c07ff32d0f06a029c5a21752047d37cf9e9ed8991fd1,reviewed_refs_competitive_blastp_context_v2
hit,L. rhamnosus,GCF_001068215.1,OhrR,O34777,P19F238945_00747,39.706,136.0,147.0,151.0,92.51700680272108,4.01e-31,105.0,0.7142857142857143,ad8389143129f15739e5c07ff32d0f06a029c5a21752047d37cf9e9ed8991fd1,reviewed_refs_competitive_blastp_context_v2
hit,L. rhamnosus,GCF_001068215.1,Rex,O05521,P19F238945_00491,60.68,206.0,215.0,217.0,95.81395348837209,1.15e-90,262.0,1.2186046511627906,ad8389143129f15739e5c07ff32d0f06a029c5a21752047d37cf9e9ed8991fd1,reviewed_refs_competitive_blastp_context_v2
hit,L. rhamnosus,GCF_001068215.1,Rex,O05521,P19F238945_00022,41.748,206.0,215.0,221.0,95.81395348837209,3.59e-52,164.0,0.7627906976744186,ad8389143129f15739e5c07ff32d0f06a029c5a21752047d37cf9e9ed8991fd1,reviewed_refs_competitive_blastp_context_v2
status,L. rhamnosus,GCF_001068215.1,,,,,,,,,,,,ad8389143129f15739e5c07ff32d0f06a029c5a21752047d37cf9e9ed8991fd1,reviewed_refs_competitive_blastp_context_v2
hit,L. rhamnosus,GCF_001368735.1,Fur,P54574,P154B398B8_00001,30.37,135.0,149.0,146.0,90.60402684563758,4.4e-23,85.1,0.5711409395973154,ad8389143129f15739e5c07ff32d0f06a029c5a21752047d37cf9e9ed8991fd1,reviewed_refs_competitive_blastp_context_v2
hit,L. rhamnosus,GCF_001368735.1,Fur,P54574,P154B398B8_01654,26.866,134.0,149.0,150.0,89.93288590604027,9e-12,55.8,0.374496644295302,ad8389143129f15739e5c07ff32d0f06a029c5a21752047d37cf9e9ed8991fd1,reviewed_refs_competitive_blastp_context_v2
hit,L. rhamnosus,GCF_001368735.1,Zur,P54479,P154B398B8_01654,37.5,136.0,145.0,150.0,93.79310344827586,4.72e-33,110.0,0.7586206896551724,ad8389143129f15739e5c07ff32d0f06a029c5a21752047d37cf9e9ed8991fd1,reviewed_refs_competitive_blastp_context_v2
hit,L. rhamnosus,GCF_001368735.1,Zur,P54479,P154B398B8_00001,31.69,142.0,145.0,146.0,97.93103448275862,5.58e-19,74.7,0.5151724137931035,ad8389143129f15739e5c07ff32d0f06a029c5a21752047d37cf9e9ed8991fd1,reviewed_refs_competitive_blastp_context_v2
hit,L. rhamnosus,GCF_001368735.1,PerR,P71086,P154B398B8_00001,55.556,135.0,145.0,146.0,93.10344827586206,1.43e-55,167.0,1.1517241379310346,ad8389143129f15739e5c07ff32d0f06a029c5a21752047d37cf9e9ed8991fd1,reviewed_refs_competitive_blastp_context_v2
hit,L. rhamnosus,GCF_001368735.1,PerR,P71086,P154B398B8_01654,33.577,137.0,145.0,150.0,94.48275862068965,2.72e-21,80.5,0.5551724137931034,ad8389143129f15739e5c07ff32d0f06a029c5a21752047d37cf9e9ed8991fd1,reviewed_refs_competitive_blastp_context_v2
hit,L. rhamnosus,GCF_001368735.1,Spx,O31602,P154B398B8_01875,68.702,131.0,131.0,132.0,100.0,5.78e-68,197.0,1.5038167938931297,ad8389143129f15739e5c07ff32d0f06a029c5a21752047d37cf9e9ed8991fd1,reviewed_refs_competitive_blastp_context_v2
hit,L. rhamnosus,GCF_001368735.1,Spx,O31602,P154B398B8_01634,45.238,126.0,131.0,133.0,96.18320610687023,1.92e-38,123.0,0.9389312977099237,ad8389143129f15739e5c07ff32d0f06a029c5a21752047d37cf9e9ed8991fd1,reviewed_refs_competitive_blastp_context_v2
hit,L. rhamnosus,GCF_001368735.1,Spx,O31602,P154B398B8_02152,34.247,73.0,131.0,76.0,55.725190839694655,2.07e-09,47.4,0.3618320610687023,ad8389143129f15739e5c07ff32d0f06a029c5a21752047d37cf9e9ed8991fd1,reviewed_refs_competitive_blastp_context_v2
hit,L. rhamnosus,GCF_001368735.1,MgsR,P54503,P154B398B8_01875,44.037,109.0,126.0,132.0,86.5079365079365,1.34e-34,113.0,0.8968253968253969,ad8389143129f15739e5c07ff32d0f06a029c5a21752047d37cf9e9ed8991fd1,reviewed_refs_competitive_blastp_context_v2
hit,L. rhamnosus,GCF_001368735.1,MgsR,P54503,P154B398B8_01634,31.429,105.0,126.0,133.0,83.33333333333333,4.45e-24,86.7,0.6880952380952381,ad8389143129f15739e5c07ff32d0f06a029c5a21752047d37cf9e9ed8991fd1,reviewed_refs_competitive_blastp_context_v2
hit,L. rhamnosus,GCF_001368735.1,OhrR,O34777,P154B398B8_02701,39.706,136.0,147.0,151.0,92.51700680272108,4.32e-31,105.0,0.7142857142857143,ad8389143129f15739e5c07ff32d0f06a029c5a21752047d37cf9e9ed8991fd1,reviewed_refs_competitive_blastp_context_v2
hit,L. rhamnosus,GCF_001368735.1,Rex,O05521,P154B398B8_01445,60.68,206.0,215.0,217.0,95.81395348837209,1.24e-90,262.0,1.2186046511627906,ad8389143129f15739e5c07ff32d0f06a029c5a21752047d37cf9e9ed8991fd1,reviewed_refs_competitive_blastp_context_v2
hit,L. rhamnosus,GCF_001368735.1,Rex,O05521,P154B398B8_02357,42.564,195.0,215.0,221.0,90.69767441860465,1.04e-50,160.0,0.7441860465116279,ad8389143129f15739e5c07ff32d0f06a029c5a21752047d37cf9e9ed8991fd1,reviewed_refs_competitive_blastp_context_v2
status,L. rhamnosus,GCF_001368735.1,,,,,,,,,,,,ad8389143129f15739e5c07ff32d0f06a029c5a21752047d37cf9e9ed8991fd1,reviewed_refs_competitive_blastp_context_v2
hit,L. rhamnosus,GCF_001590655.1,Fur,P54574,P13219A3CF_00609,30.37,135.0,149.0,146.0,90.60402684563758,4.29e-23,85.1,0.5711409395973154,ad8389143129f15739e5c07ff32d0f06a029c5a21752047d37cf9e9ed8991fd1,reviewed_refs_competitive_blastp_context_v2
hit,L. rhamnosus,GCF_001590655.1,Fur,P54574,P13219A3CF_01700,26.866,134.0,149.0,150.0,89.93288590604027,8.77e-12,55.8,0.374496644295302,ad8389143129f15739e5c07ff32d0f06a029c5a21752047d37cf9e9ed8991fd1,reviewed_refs_competitive_blastp_context_v2
hit,L. rhamnosus,GCF_001590655.1,Zur,P54479,P13219A3CF_01700,37.5,136.0,145.0,150.0,93.79310344827586,4.6e-33,110.0,0.7586206896551724,ad8389143129f15739e5c07ff32d0f06a029c5a21752047d37cf9e9ed8991fd1,reviewed_refs_competitive_blastp_context_v2
hit,L. rhamnosus,GCF_001590655.1,Zur,P54479,P13219A3CF_00609,31.69,142.0,145.0,146.0,97.93103448275862,5.44e-19,74.7,0.5151724137931035,ad8389143129f15739e5c07ff32d0f06a029c5a21752047d37cf9e9ed8991fd1,reviewed_refs_competitive_blastp_context_v2
hit,L. rhamnosus,GCF_001590655.1,PerR,P71086,P13219A3CF_00609,55.556,135.0,145.0,146.0,93.10344827586206,1.39e-55,167.0,1.1517241379310346,ad8389143129f15739e5c07ff32d0f06a029c5a21752047d37cf9e9ed8991fd1,reviewed_refs_competitive_blastp_context_v2
hit,L. rhamnosus,GCF_001590655.1,PerR,P71086,P13219A3CF_01700,33.577,137.0,145.0,150.0,94.48275862068965,2.65e-21,80.5,0.5551724137931034,ad8389143129f15739e5c07ff32d0f06a029c5a21752047d37cf9e9ed8991fd1,reviewed_refs_competitive_blastp_context_v2
hit,L. rhamnosus,GCF_001590655.1,Spx,O31602,P13219A3CF_01469,68.702,131.0,131.0,132.0,100.0,5.63e-68,197.0,1.5038167938931297,ad8389143129f15739e5c07ff32d0f06a029c5a21752047d37cf9e9ed8991fd1,reviewed_refs_competitive_blastp_context_v2
hit,L. rhamnosus,GCF_001590655.1,Spx,O31602,P13219A3CF_01720,45.238,126.0,131.0,133.0,96.18320610687023,1.87e-38,123.0,0.9389312977099237,ad8389143129f15739e5c07ff32d0f06a029c5a21752047d37cf9e9ed8991fd1,reviewed_refs_competitive_blastp_context_v2
hit,L. rhamnosus,GCF_001590655.1,Spx,O31602,P13219A3CF_01194,34.247,73.0,131.0,76.0,55.725190839694655,2.02e-09,47.4,0.3618320610687023,ad8389143129f15739e5c07ff32d0f06a029c5a21752047d37cf9e9ed8991fd1,reviewed_refs_competitive_blastp_context_v2
hit,L. rhamnosus,GCF_001590655.1,MgsR,P54503,P13219A3CF_01469,44.037,109.0,126.0,132.0,86.5079365079365,1.31e-34,113.0,0.8968253968253969,ad8389143129f15739e5c07ff32d0f06a029c5a21752047d37cf9e9ed8991fd1,reviewed_refs_competitive_blastp_context_v2
hit,L. rhamnosus,GCF_001590655.1,MgsR,P54503,P13219A3CF_01720,31.429,105.0,126.0,133.0,83.33333333333333,4.33e-24,86.7,0.6880952380952381,ad8389143129f15739e5c07ff32d0f06a029c5a21752047d37cf9e9ed8991fd1,reviewed_refs_competitive_blastp_context_v2
hit,L. rhamnosus,GCF_001590655.1,OhrR,O34777,P13219A3CF_00700,46.575,73.0,147.0,82.0,49.65986394557823,1.41e-20,77.0,0.5238095238095238,ad8389143129f15739e5c07ff32d0f06a029c5a21752047d37cf9e9ed8991fd1,reviewed_refs_competitive_blastp_context_v2
hit,L. rhamnosus,GCF_001590655.1,OhrR,O34777,P13219A3CF_01804,22.222,117.0,147.0,180.0,79.59183673469387,5.37e-08,46.2,0.3142857142857143,ad8389143129f15739e5c07ff32d0f06a029c5a21752047d37cf9e9ed8991fd1,reviewed_refs_competitive_blastp_context_v2
hit,L. rhamnosus,GCF_001590655.1,Rex,O05521,P13219A3CF_01907,60.68,206.0,215.0,217.0,95.81395348837209,1.21e-90,262.0,1.2186046511627906,ad8389143129f15739e5c07ff32d0f06a029c5a21752047d37cf9e9ed8991fd1,reviewed_refs_competitive_blastp_context_v2
hit,L. rhamnosus,GCF_001590655.1,Rex,O05521,P13219A3CF_00988,42.564,195.0,215.0,221.0,90.69767441860465,1.02e-50,160.0,0.7441860465116279,ad8389143129f15739e5c07ff32d0f06a029c5a21752047d37cf9e9ed8991fd1,reviewed_refs_competitive_blastp_context_v2
status,L. rhamnosus,GCF_001590655.1,,,,,,,,,,,,ad8389143129f15739e5c07ff32d0f06a029c5a21752047d37cf9e9ed8991fd1,reviewed_refs_competitive_blastp_context_v2
hit,L. rhamnosus,GCF_001645615.1,Fur,P54574,P1FA483F68_02815,30.37,135.0,149.0,146.0,90.60402684563758,4.45e-23,85.1,0.5711409395973154,ad8389143129f15739e5c07ff32d0f06a029c5a21752047d37cf9e9ed8991fd1,reviewed_refs_competitive_blastp_context_v2
hit,L. rhamnosus,GCF_001645615.1,Fur,P54574,P1FA483F68_00032,26.866,134.0,149.0,150.0,89.93288590604027,5.82e-12,56.6,0.37986577181208053,ad8389143129f15739e5c07ff32d0f06a029c5a21752047d37cf9e9ed8991fd1,reviewed_refs_competitive_blastp_context_v2
hit,L. rhamnosus,GCF_001645615.1,Zur,P54479,P1FA483F68_00032,37.5,136.0,145.0,150.0,93.79310344827586,3.06e-33,111.0,0.7655172413793103,ad8389143129f15739e5c07ff32d0f06a029c5a21752047d37cf9e9ed8991fd1,reviewed_refs_competitive_blastp_context_v2
hit,L. rhamnosus,GCF_001645615.1,Zur,P54479,P1FA483F68_02815,31.69,142.0,145.0,146.0,97.93103448275862,5.65e-19,74.7,0.5151724137931035,ad8389143129f15739e5c07ff32d0f06a029c5a21752047d37cf9e9ed8991fd1,reviewed_refs_competitive_blastp_context_v2
hit,L. rhamnosus,GCF_001645615.1,PerR,P71086,P1FA483F68_02815,55.556,135.0,145.0,146.0,93.10344827586206,1.45e-55,167.0,1.1517241379310346,ad8389143129f15739e5c07ff32d0f06a029c5a21752047d37cf9e9ed8991fd1,reviewed_refs_competitive_blastp_context_v2
hit,L. rhamnosus,GCF_001645615.1,PerR,P71086,P1FA483F68_00032,33.577,137.0,145.0,150.0,94.48275862068965,1.65e-21,81.3,0.5606896551724138,ad8389143129f15739e5c07ff32d0f06a029c5a21752047d37cf9e9ed8991fd1,reviewed_refs_competitive_blastp_context_v2
hit,L. rhamnosus,GCF_001645615.1,Spx,O31602,P1FA483F68_01128,68.702,131.0,131.0,132.0,100.0,5.85e-68,197.0,1.5038167938931297,ad8389143129f15739e5c07ff32d0f06a029c5a21752047d37cf9e9ed8991fd1,reviewed_refs_competitive_blastp_context_v2
hit,L. rhamnosus,GCF_001645615.1,Spx,O31602,P1FA483F68_00051,45.238,126.0,131.0,133.0,96.18320610687023,1.86e-38,123.0,0.9389312977099237,ad8389143129f15739e5c07ff32d0f06a029c5a21752047d37cf9e9ed8991fd1,reviewed_refs_competitive_blastp_context_v2
hit,L. rhamnosus,GCF_001645615.1,Spx,O31602,P1FA483F68_00967,34.247,73.0,131.0,76.0,55.725190839694655,2.09e-09,47.4,0.3618320610687023,ad8389143129f15739e5c07ff32d0f06a029c5a21752047d37cf9e9ed8991fd1,reviewed_refs_competitive_blastp_context_v2
hit,L. rhamnosus,GCF_001645615.1,MgsR,P54503,P1FA483F68_01128,44.037,109.0,126.0,132.0,86.5079365079365,1.36e-34,113.0,0.8968253968253969,ad8389143129f15739e5c07ff32d0f06a029c5a21752047d37cf9e9ed8991fd1,reviewed_refs_competitive_blastp_context_v2
hit,L. rhamnosus,GCF_001645615.1,MgsR,P54503,P1FA483F68_00051,31.429,105.0,126.0,133.0,83.33333333333333,4.26e-24,86.7,0.6880952380952381,ad8389143129f15739e5c07ff32d0f06a029c5a21752047d37cf9e9ed8991fd1,reviewed_refs_competitive_blastp_context_v2
hit,L. rhamnosus,GCF_001645615.1,OhrR,O34777,P1FA483F68_00296,39.706,136.0,147.0,151.0,92.51700680272108,4.37e-31,105.0,0.7142857142857143,ad8389143129f15739e5c07ff32d0f06a029c5a21752047d37cf9e9ed8991fd1,reviewed_refs_competitive_blastp_context_v2
hit,L. rhamnosus,GCF_001645615.1,OhrR,O34777,P1FA483F68_00139,22.222,117.0,147.0,180.0,79.59183673469387,5.59e-08,46.2,0.3142857142857143,ad8389143129f15739e5c07ff32d0f06a029c5a21752047d37cf9e9ed8991fd1,reviewed_refs_competitive_blastp_context_v2
hit,L. rhamnosus,GCF_001645615.1,Rex,O05521,P1FA483F68_02386,60.68,206.0,215.0,217.0,95.81395348837209,6.8e-91,262.0,1.2186046511627906,ad8389143129f15739e5c07ff32d0f06a029c5a21752047d37cf9e9ed8991fd1,reviewed_refs_competitive_blastp_context_v2
hit,L. rhamnosus,GCF_001645615.1,Rex,O05521,P1FA483F68_01946,42.564,195.0,215.0,221.0,90.69767441860465,1.06e-50,160.0,0.7441860465116279,ad8389143129f15739e5c07ff32d0f06a029c5a21752047d37cf9e9ed8991fd1,reviewed_refs_competitive_blastp_context_v2
status,L. rhamnosus,GCF_001645615.1,,,,,,,,,,,,ad8389143129f15739e5c07ff32d0f06a029c5a21752047d37cf9e9ed8991fd1,reviewed_refs_competitive_blastp_context_v2
hit,L. rhamnosus,GCF_001656535.1,Fur,P54574,P140B7C728_02539,30.37,135.0,149.0,146.0,90.60402684563758,4.16e-23,85.1,0.5711409395973154,ad8389143129f15739e5c07ff32d0f06a029c5a21752047d37cf9e9ed8991fd1,reviewed_refs_competitive_blastp_context_v2
hit,L. rhamnosus,GCF_001656535.1,Fur,P54574,P140B7C728_02253,26.866,134.0,149.0,150.0,89.93288590604027,8.52e-12,55.8,0.374496644295302,ad8389143129f15739e5c07ff32d0f06a029c5a21752047d37cf9e9ed8991fd1,reviewed_refs_competitive_blastp_context_v2
hit,L. rhamnosus,GCF_001656535.1,Zur,P54479,P140B7C728_02253,37.5,136.0,145.0,150.0,93.79310344827586,4.47e-33,110.0,0.7586206896551724,ad8389143129f15739e5c07ff32d0f06a029c5a21752047d37cf9e9ed8991fd1,reviewed_refs_competitive_blastp_context_v2
hit,L. rhamnosus,GCF_001656535.1,Zur,P54479,P140B7C728_02539,31.69,142.0,145.0,146.0,97.93103448275862,5.28e-19,74.7,0.5151724137931035,ad8389143129f15739e5c07ff32d0f06a029c5a21752047d37cf9e9ed8991fd1,reviewed_refs_competitive_blastp_context_v2
hit,L. rhamnosus,GCF_001656535.1,PerR,P71086,P140B7C728_02539,55.556,135.0,145.0,146.0,93.10344827586206,1.35e-55,167.0,1.1517241379310346,ad8389143129f15739e5c07ff32d0f06a029c5a21752047d37cf9e9ed8991fd1,reviewed_refs_competitive_blastp_context_v2
hit,L. rhamnosus,GCF_001656535.1,PerR,P71086,P140B7C728_02253,33.577,137.0,145.0,150.0,94.48275862068965,2.57e-21,80.5,0.5551724137931034,ad8389143129f15739e5c07ff32d0f06a029c5a21752047d37cf9e9ed8991fd1,reviewed_refs_competitive_blastp_context_v2
hit,L. rhamnosus,GCF_001656535.1,Spx,O31602,P140B7C728_01701,69.291,127.0,131.0,150.0,96.94656488549619,6.97e-66,193.0,1.4732824427480915,ad8389143129f15739e5c07ff32d0f06a029c5a21752047d37cf9e9ed8991fd1,reviewed_refs_competitive_blastp_context_v2
hit,L. rhamnosus,GCF_001656535.1,Spx,O31602,P140B7C728_02697,45.238,126.0,131.0,133.0,96.18320610687023,1.82e-38,123.0,0.9389312977099237,ad8389143129f15739e5c07ff32d0f06a029c5a21752047d37cf9e9ed8991fd1,reviewed_refs_competitive_blastp_context_v2
hit,L. rhamnosus,GCF_001656535.1,Spx,O31602,P140B7C728_00596,34.247,73.0,131.0,76.0,55.725190839694655,1.96e-09,47.4,0.3618320610687023,ad8389143129f15739e5c07ff32d0f06a029c5a21752047d37cf9e9ed8991fd1,reviewed_refs_competitive_blastp_context_v2
hit,L. rhamnosus,GCF_001656535.1,MgsR,P54503,P140B7C728_01701,42.857,112.0,126.0,150.0,88.88888888888889,4.56e-34,112.0,0.8888888888888888,ad8389143129f15739e5c07ff32d0f06a029c5a21752047d37cf9e9ed8991fd1,reviewed_refs_competitive_blastp_context_v2
hit,L. rhamnosus,GCF_001656535.1,MgsR,P54503,P140B7C728_02697,31.429,105.0,126.0,133.0,83.33333333333333,4.21e-24,86.7,0.6880952380952381,ad8389143129f15739e5c07ff32d0f06a029c5a21752047d37cf9e9ed8991fd1,reviewed_refs_competitive_blastp_context_v2
hit,L. rhamnosus,GCF_001656535.1,OhrR,O34777,P140B7C728_00776,39.706,136.0,147.0,151.0,92.51700680272108,4.09e-31,105.0,0.7142857142857143,ad8389143129f15739e5c07ff32d0f06a029c5a21752047d37cf9e9ed8991fd1,reviewed_refs_competitive_blastp_context_v2
hit,L. rhamnosus,GCF_001656535.1,OhrR,O34777,P140B7C728_00387,23.009,113.0,147.0,165.0,76.87074829931973,4.35e-08,46.2,0.3142857142857143,ad8389143129f15739e5c07ff32d0f06a029c5a21752047d37cf9e9ed8991fd1,reviewed_refs_competitive_blastp_context_v2
hit,L. rhamnosus,GCF_001656535.1,OhrR,O34777,P140B7C728_00393,32.877,73.0,147.0,194.0,49.65986394557823,7.87e-06,40.0,0.272108843537415,ad8389143129f15739e5c07ff32d0f06a029c5a21752047d37cf9e9ed8991fd1,reviewed_refs_competitive_blastp_context_v2
hit,L. rhamnosus,GCF_001656535.1,Rex,O05521,P140B7C728_00905,60.68,206.0,215.0,217.0,95.81395348837209,1.17e-90,262.0,1.2186046511627906,ad8389143129f15739e5c07ff32d0f06a029c5a21752047d37cf9e9ed8991fd1,reviewed_refs_competitive_blastp_context_v2
hit,L. rhamnosus,GCF_001656535.1,Rex,O05521,P140B7C728_01845,41.748,206.0,215.0,221.0,95.81395348837209,3.77e-52,164.0,0.7627906976744186,ad8389143129f15739e5c07ff32d0f06a029c5a21752047d37cf9e9ed8991fd1,reviewed_refs_competitive_blastp_context_v2
status,L. rhamnosus,GCF_001656535.1,,,,,,,,,,,,ad8389143129f15739e5c07ff32d0f06a029c5a21752047d37cf9e9ed8991fd1,reviewed_refs_competitive_blastp_context_v2
hit,L. rhamnosus,GCF_001656545.1,Fur,P54574,P161202A4A_02590,30.37,135.0,149.0,146.0,90.60402684563758,4.23e-23,85.1,0.5711409395973154,ad8389143129f15739e5c07ff32d0f06a029c5a21752047d37cf9e9ed8991fd1,reviewed_refs_competitive_blastp_context_v2
hit,L. rhamnosus,GCF_001656545.1,Fur,P54574,P161202A4A_02305,26.866,134.0,149.0,150.0,89.93288590604027,8.66e-12,55.8,0.374496644295302,ad8389143129f15739e5c07ff32d0f06a029c5a21752047d37cf9e9ed8991fd1,reviewed_refs_competitive_blastp_context_v2
hit,L. rhamnosus,GCF_001656545.1,Zur,P54479,P161202A4A_02305,37.5,136.0,145.0,150.0,93.79310344827586,4.54e-33,110.0,0.7586206896551724,ad8389143129f15739e5c07ff32d0f06a029c5a21752047d37cf9e9ed8991fd1,reviewed_refs_competitive_blastp_context_v2
hit,L. rhamnosus,GCF_001656545.1,Zur,P54479,P161202A4A_02590,31.69,142.0,145.0,146.0,97.93103448275862,5.37e-19,74.7,0.5151724137931035,ad8389143129f15739e5c07ff32d0f06a029c5a21752047d37cf9e9ed8991fd1,reviewed_refs_competitive_blastp_context_v2
hit,L. rhamnosus,GCF_001656545.1,PerR,P71086,P161202A4A_02590,55.556,135.0,145.0,146.0,93.10344827586206,1.38e-55,167.0,1.1517241379310346,ad8389143129f15739e5c07ff32d0f06a029c5a21752047d37cf9e9ed8991fd1,reviewed_refs_competitive_blastp_context_v2
hit,L. rhamnosus,GCF_001656545.1,PerR,P71086,P161202A4A_02305,33.577,137.0,145.0,150.0,94.48275862068965,2.62e-21,80.5,0.5551724137931034,ad8389143129f15739e5c07ff32d0f06a029c5a21752047d37cf9e9ed8991fd1,reviewed_refs_competitive_blastp_context_v2
hit,L. rhamnosus,GCF_001656545.1,Spx,O31602,P161202A4A_01648,69.291,127.0,131.0,150.0,96.94656488549619,7.09e-66,193.0,1.4732824427480915,ad8389143129f15739e5c07ff32d0f06a029c5a21752047d37cf9e9ed8991fd1,reviewed_refs_competitive_blastp_context_v2
hit,L. rhamnosus,GCF_001656545.1,Spx,O31602,P161202A4A_02733,45.238,126.0,131.0,133.0,96.18320610687023,1.85e-38,123.0,0.9389312977099237,ad8389143129f15739e5c07ff32d0f06a029c5a21752047d37cf9e9ed8991fd1,reviewed_refs_competitive_blastp_context_v2
hit,L. rhamnosus,GCF_001656545.1,Spx,O31602,P161202A4A_01144,34.247,73.0,131.0,76.0,55.725190839694655,1.99e-09,47.4,0.3618320610687023,ad8389143129f15739e5c07ff32d0f06a029c5a21752047d37cf9e9ed8991fd1,reviewed_refs_competitive_blastp_context_v2
hit,L. rhamnosus,GCF_001656545.1,MgsR,P54503,P161202A4A_01648,42.857,112.0,126.0,150.0,88.88888888888889,4.63e-34,112.0,0.8888888888888888,ad8389143129f15739e5c07ff32d0f06a029c5a21752047d37cf9e9ed8991fd1,reviewed_refs_competitive_blastp_context_v2
hit,L. rhamnosus,GCF_001656545.1,MgsR,P54503,P161202A4A_02733,31.429,105.0,126.0,133.0,83.33333333333333,4.28e-24,86.7,0.6880952380952381,ad8389143129f15739e5c07ff32d0f06a029c5a21752047d37cf9e9ed8991fd1,reviewed_refs_competitive_blastp_context_v2
hit,L. rhamnosus,GCF_001656545.1,OhrR,O34777,P161202A4A_00688,39.706,136.0,147.0,151.0,92.51700680272108,4.15e-31,105.0,0.7142857142857143,ad8389143129f15739e5c07ff32d0f06a029c5a21752047d37cf9e9ed8991fd1,reviewed_refs_competitive_blastp_context_v2
hit,L. rhamnosus,GCF_001656545.1,OhrR,O34777,P161202A4A_00359,23.009,113.0,147.0,165.0,76.87074829931973,4.43e-08,46.2,0.3142857142857143,ad8389143129f15739e5c07ff32d0f06a029c5a21752047d37cf9e9ed8991fd1,reviewed_refs_competitive_blastp_context_v2
hit,L. rhamnosus,GCF_001656545.1,OhrR,O34777,P161202A4A_00353,32.877,73.0,147.0,194.0,49.65986394557823,8e-06,40.0,0.272108843537415,ad8389143129f15739e5c07ff32d0f06a029c5a21752047d37cf9e9ed8991fd1,reviewed_refs_competitive_blastp_context_v2
hit,L. rhamnosus,GCF_001656545.1,Rex,O05521,P161202A4A_00601,60.68,206.0,215.0,217.0,95.81395348837209,1.19e-90,262.0,1.2186046511627906,ad8389143129f15739e5c07ff32d0f06a029c5a21752047d37cf9e9ed8991fd1,reviewed_refs_competitive_blastp_context_v2
hit,L. rhamnosus,GCF_001656545.1,Rex,O05521,P161202A4A_01632,41.748,206.0,215.0,221.0,95.81395348837209,3.84e-52,164.0,0.7627906976744186,ad8389143129f15739e5c07ff32d0f06a029c5a21752047d37cf9e9ed8991fd1,reviewed_refs_competitive_blastp_context_v2
status,L. rhamnosus,GCF_001656545.1,,,,,,,,,,,,ad8389143129f15739e5c07ff32d0f06a029c5a21752047d37cf9e9ed8991fd1,reviewed_refs_competitive_blastp_context_v2
hit,L. rhamnosus,GCF_900636965.1,Fur,P54574,P1439660B3_00811,30.37,135.0,149.0,146.0,90.60402684563758,4.39e-23,85.1,0.5711409395973154,ad8389143129f15739e5c07ff32d0f06a029c5a21752047d37cf9e9ed8991fd1,reviewed_refs_competitive_blastp_context_v2
hit,L. rhamnosus,GCF_900636965.1,Fur,P54574,P1439660B3_01966,26.866,134.0,149.0,150.0,89.93288590604027,9e-12,55.8,0.374496644295302,ad8389143129f15739e5c07ff32d0f06a029c5a21752047d37cf9e9ed8991fd1,reviewed_refs_competitive_blastp_context_v2
hit,L. rhamnosus,GCF_900636965.1,Zur,P54479,P1439660B3_01966,37.5,136.0,145.0,150.0,93.79310344827586,4.72e-33,110.0,0.7586206896551724,ad8389143129f15739e5c07ff32d0f06a029c5a21752047d37cf9e9ed8991fd1,reviewed_refs_competitive_blastp_context_v2
hit,L. rhamnosus,GCF_900636965.1,Zur,P54479,P1439660B3_00811,31.69,142.0,145.0,146.0,97.93103448275862,5.57e-19,74.7,0.5151724137931035,ad8389143129f15739e5c07ff32d0f06a029c5a21752047d37cf9e9ed8991fd1,reviewed_refs_competitive_blastp_context_v2
hit,L. rhamnosus,GCF_900636965.1,PerR,P71086,P1439660B3_00811,55.556,135.0,145.0,146.0,93.10344827586206,1.43e-55,167.0,1.1517241379310346,ad8389143129f15739e5c07ff32d0f06a029c5a21752047d37cf9e9ed8991fd1,reviewed_refs_competitive_blastp_context_v2
hit,L. rhamnosus,GCF_900636965.1,PerR,P71086,P1439660B3_01966,33.577,137.0,145.0,150.0,94.48275862068965,2.72e-21,80.5,0.5551724137931034,ad8389143129f15739e5c07ff32d0f06a029c5a21752047d37cf9e9ed8991fd1,reviewed_refs_competitive_blastp_context_v2
hit,L. rhamnosus,GCF_900636965.1,Spx,O31602,P1439660B3_01732,68.702,131.0,131.0,132.0,100.0,5.77e-68,197.0,1.5038167938931297,ad8389143129f15739e5c07ff32d0f06a029c5a21752047d37cf9e9ed8991fd1,reviewed_refs_competitive_blastp_context_v2
hit,L. rhamnosus,GCF_900636965.1,Spx,O31602,P1439660B3_01986,45.238,126.0,131.0,133.0,96.18320610687023,1.92e-38,123.0,0.9389312977099237,ad8389143129f15739e5c07ff32d0f06a029c5a21752047d37cf9e9ed8991fd1,reviewed_refs_competitive_blastp_context_v2
hit,L. rhamnosus,GCF_900636965.1,Spx,O31602,P1439660B3_01455,34.247,73.0,131.0,76.0,55.725190839694655,2.07e-09,47.4,0.3618320610687023,ad8389143129f15739e5c07ff32d0f06a029c5a21752047d37cf9e9ed8991fd1,reviewed_refs_competitive_blastp_context_v2
hit,L. rhamnosus,GCF_900636965.1,MgsR,P54503,P1439660B3_01732,44.037,109.0,126.0,132.0,86.5079365079365,1.34e-34,113.0,0.8968253968253969,ad8389143129f15739e5c07ff32d0f06a029c5a21752047d37cf9e9ed8991fd1,reviewed_refs_competitive_blastp_context_v2
hit,L. rhamnosus,GCF_900636965.1,MgsR,P54503,P1439660B3_01986,31.429,105.0,126.0,133.0,83.33333333333333,4.44e-24,86.7,0.6880952380952381,ad8389143129f15739e5c07ff32d0f06a029c5a21752047d37cf9e9ed8991fd1,reviewed_refs_competitive_blastp_context_v2
hit,L. rhamnosus,GCF_900636965.1,OhrR,O34777,P1439660B3_00959,46.575,73.0,147.0,82.0,49.65986394557823,1.45e-20,77.0,0.5238095238095238,ad8389143129f15739e5c07ff32d0f06a029c5a21752047d37cf9e9ed8991fd1,reviewed_refs_competitive_blastp_context_v2
hit,L. rhamnosus,GCF_900636965.1,OhrR,O34777,P1439660B3_02070,22.222,117.0,147.0,180.0,79.59183673469387,5.51e-08,46.2,0.3142857142857143,ad8389143129f15739e5c07ff32d0f06a029c5a21752047d37cf9e9ed8991fd1,reviewed_refs_competitive_blastp_context_v2
hit,L. rhamnosus,GCF_900636965.1,Rex,O05521,P1439660B3_02174,60.68,206.0,215.0,217.0,95.81395348837209,1.24e-90,262.0,1.2186046511627906,ad8389143129f15739e5c07ff32d0f06a029c5a21752047d37cf9e9ed8991fd1,reviewed_refs_competitive_blastp_context_v2
hit,L. rhamnosus,GCF_900636965.1,Rex,O05521,P1439660B3_01249,42.564,195.0,215.0,221.0,90.69767441860465,1.04e-50,160.0,0.7441860465116279,ad8389143129f15739e5c07ff32d0f06a029c5a21752047d37cf9e9ed8991fd1,reviewed_refs_competitive_blastp_context_v2
status,L. rhamnosus,GCF_900636965.1,,,,,,,,,,,,ad8389143129f15739e5c07ff32d0f06a029c5a21752047d37cf9e9ed8991fd1,reviewed_refs_competitive_blastp_context_v2
hit,L. rhamnosus,Vahe,Fur,P54574,P128F6B855_02676,30.37,135.0,149.0,146.0,90.60402684563758,4.17e-23,85.1,0.5711409395973154,ad8389143129f15739e5c07ff32d0f06a029c5a21752047d37cf9e9ed8991fd1,reviewed_refs_competitive_blastp_context_v2
hit,L. rhamnosus,Vahe,Fur,P54574,P128F6B855_02401,26.866,134.0,149.0,150.0,89.93288590604027,5.45e-12,56.6,0.37986577181208053,ad8389143129f15739e5c07ff32d0f06a029c5a21752047d37cf9e9ed8991fd1,reviewed_refs_competitive_blastp_context_v2
hit,L. rhamnosus,Vahe,Zur,P54479,P128F6B855_02401,37.5,136.0,145.0,150.0,93.79310344827586,2.87e-33,111.0,0.7655172413793103,ad8389143129f15739e5c07ff32d0f06a029c5a21752047d37cf9e9ed8991fd1,reviewed_refs_competitive_blastp_context_v2
hit,L. rhamnosus,Vahe,Zur,P54479,P128F6B855_02676,31.69,142.0,145.0,146.0,97.93103448275862,5.29e-19,74.7,0.5151724137931035,ad8389143129f15739e5c07ff32d0f06a029c5a21752047d37cf9e9ed8991fd1,reviewed_refs_competitive_blastp_context_v2
hit,L. rhamnosus,Vahe,PerR,P71086,P128F6B855_02676,55.556,135.0,145.0,146.0,93.10344827586206,1.36e-55,167.0,1.1517241379310346,ad8389143129f15739e5c07ff32d0f06a029c5a21752047d37cf9e9ed8991fd1,reviewed_refs_competitive_blastp_context_v2
hit,L. rhamnosus,Vahe,PerR,P71086,P128F6B855_02401,33.577,137.0,145.0,150.0,94.48275862068965,1.54e-21,81.3,0.5606896551724138,ad8389143129f15739e5c07ff32d0f06a029c5a21752047d37cf9e9ed8991fd1,reviewed_refs_competitive_blastp_context_v2
hit,L. rhamnosus,Vahe,Spx,O31602,P128F6B855_00864,64.602,113.0,131.0,123.0,86.25954198473282,2.36e-53,160.0,1.2213740458015268,ad8389143129f15739e5c07ff32d0f06a029c5a21752047d37cf9e9ed8991fd1,reviewed_refs_competitive_blastp_context_v2
hit,L. rhamnosus,Vahe,Spx,O31602,P128F6B855_02379,43.651,126.0,131.0,133.0,96.18320610687023,6.89e-37,119.0,0.9083969465648855,ad8389143129f15739e5c07ff32d0f06a029c5a21752047d37cf9e9ed8991fd1,reviewed_refs_competitive_blastp_context_v2
hit,L. rhamnosus,Vahe,Spx,O31602,P128F6B855_01255,34.247,73.0,131.0,76.0,55.725190839694655,1.96e-09,47.4,0.3618320610687023,ad8389143129f15739e5c07ff32d0f06a029c5a21752047d37cf9e9ed8991fd1,reviewed_refs_competitive_blastp_context_v2
hit,L. rhamnosus,Vahe,MgsR,P54503,P128F6B855_00864,41.935,93.0,126.0,123.0,73.80952380952381,3.69e-25,89.0,0.7063492063492064,ad8389143129f15739e5c07ff32d0f06a029c5a21752047d37cf9e9ed8991fd1,reviewed_refs_competitive_blastp_context_v2
hit,L. rhamnosus,Vahe,MgsR,P54503,P128F6B855_02379,30.476,105.0,126.0,133.0,83.33333333333333,3.52e-23,84.3,0.669047619047619,ad8389143129f15739e5c07ff32d0f06a029c5a21752047d37cf9e9ed8991fd1,reviewed_refs_competitive_blastp_context_v2
hit,L. rhamnosus,Vahe,OhrR,O34777,P128F6B855_00226,39.706,136.0,147.0,151.0,92.51700680272108,4.1e-31,105.0,0.7142857142857143,ad8389143129f15739e5c07ff32d0f06a029c5a21752047d37cf9e9ed8991fd1,reviewed_refs_competitive_blastp_context_v2
hit,L. rhamnosus,Vahe,OhrR,O34777,P128F6B855_00652,23.009,113.0,147.0,165.0,76.87074829931973,4.73e-08,46.2,0.3142857142857143,ad8389143129f15739e5c07ff32d0f06a029c5a21752047d37cf9e9ed8991fd1,reviewed_refs_competitive_blastp_context_v2
hit,L. rhamnosus,Vahe,Rex,O05521,P128F6B855_02193,60.68,206.0,215.0,217.0,95.81395348837209,1.17e-90,262.0,1.2186046511627906,ad8389143129f15739e5c07ff32d0f06a029c5a21752047d37cf9e9ed8991fd1,reviewed_refs_competitive_blastp_context_v2
hit,L. rhamnosus,Vahe,Rex,O05521,P128F6B855_01765,42.564,195.0,215.0,221.0,90.69767441860465,3.12e-50,159.0,0.7395348837209302,ad8389143129f15739e5c07ff32d0f06a029c5a21752047d37cf9e9ed8991fd1,reviewed_refs_competitive_blastp_context_v2
status,L. rhamnosus,Vahe,,,,,,,,,,,,ad8389143129f15739e5c07ff32d0f06a029c5a21752047d37cf9e9ed8991fd1,reviewed_refs_competitive_blastp_context_v2
hit,L. delbrueckii,GCF_000056065.1,Spx,O31602,P1C9D0E2BB_00525,61.069,131.0,131.0,134.0,100.0,7.1e-60,177.0,1.3511450381679388,ad8389143129f15739e5c07ff32d0f06a029c5a21752047d37cf9e9ed8991fd1,reviewed_refs_competitive_blastp_context_v2
hit,L. delbrueckii,GCF_000056065.1,Spx,O31602,P1C9D0E2BB_01298,20.721,111.0,131.0,118.0,84.73282442748092,2.78e-08,45.1,0.34427480916030534,ad8389143129f15739e5c07ff32d0f06a029c5a21752047d37cf9e9ed8991fd1,reviewed_refs_competitive_blastp_context_v2
hit,L. delbrueckii,GCF_000056065.1,MgsR,P54503,P1C9D0E2BB_00525,41.071,112.0,126.0,134.0,88.88888888888889,4.17e-36,116.0,0.9206349206349206,ad8389143129f15739e5c07ff32d0f06a029c5a21752047d37cf9e9ed8991fd1,reviewed_refs_competitive_blastp_context_v2
hit,L. delbrueckii,GCF_000056065.1,MgsR,P54503,P1C9D0E2BB_01298,28.302,106.0,126.0,118.0,84.12698412698413,1.66e-13,58.5,0.4642857142857143,ad8389143129f15739e5c07ff32d0f06a029c5a21752047d37cf9e9ed8991fd1,reviewed_refs_competitive_blastp_context_v2
hit,L. delbrueckii,GCF_000056065.1,Rex,O05521,P1C9D0E2BB_01473,59.204,201.0,215.0,228.0,93.48837209302326,1.28e-79,234.0,1.0883720930232559,ad8389143129f15739e5c07ff32d0f06a029c5a21752047d37cf9e9ed8991fd1,reviewed_refs_competitive_blastp_context_v2
status,L. delbrueckii,GCF_000056065.1,,,,,,,,,,,,ad8389143129f15739e5c07ff32d0f06a029c5a21752047d37cf9e9ed8991fd1,reviewed_refs_competitive_blastp_context_v2
hit,L. delbrueckii,GCF_002847905.1,Spx,O31602,P1199DA56E_00089,61.832,131.0,131.0,134.0,100.0,1.18e-60,179.0,1.366412213740458,ad8389143129f15739e5c07ff32d0f06a029c5a21752047d37cf9e9ed8991fd1,reviewed_refs_competitive_blastp_context_v2
hit,L. delbrueckii,GCF_002847905.1,Spx,O31602,P1199DA56E_00713,20.721,111.0,131.0,118.0,84.73282442748092,1.44e-08,45.8,0.349618320610687,ad8389143129f15739e5c07ff32d0f06a029c5a21752047d37cf9e9ed8991fd1,reviewed_refs_competitive_blastp_context_v2
hit,L. delbrueckii,GCF_002847905.1,MgsR,P54503,P1199DA56E_00089,41.071,112.0,126.0,134.0,88.88888888888889,3.5e-36,117.0,0.9285714285714286,ad8389143129f15739e5c07ff32d0f06a029c5a21752047d37cf9e9ed8991fd1,reviewed_refs_competitive_blastp_context_v2
hit,L. delbrueckii,GCF_002847905.1,MgsR,P54503,P1199DA56E_00713,28.302,106.0,126.0,118.0,84.12698412698413,7.06e-14,59.7,0.47380952380952385,ad8389143129f15739e5c07ff32d0f06a029c5a21752047d37cf9e9ed8991fd1,reviewed_refs_competitive_blastp_context_v2
hit,L. delbrueckii,GCF_002847905.1,Rex,O05521,P1199DA56E_01125,59.701,201.0,215.0,228.0,93.48837209302326,1.52e-80,236.0,1.0976744186046512,ad8389143129f15739e5c07ff32d0f06a029c5a21752047d37cf9e9ed8991fd1,reviewed_refs_competitive_blastp_context_v2
status,L. delbrueckii,GCF_002847905.1,,,,,,,,,,,,ad8389143129f15739e5c07ff32d0f06a029c5a21752047d37cf9e9ed8991fd1,reviewed_refs_competitive_blastp_context_v2
hit,L. delbrueckii,GCF_003545935.1,Spx,O31602,P180F2F41B_00526,61.832,131.0,131.0,134.0,100.0,1.01e-60,179.0,1.366412213740458,ad8389143129f15739e5c07ff32d0f06a029c5a21752047d37cf9e9ed8991fd1,reviewed_refs_competitive_blastp_context_v2
hit,L. delbrueckii,GCF_003545935.1,Spx,O31602,P180F2F41B_01018,20.721,111.0,131.0,118.0,84.73282442748092,6.44e-08,43.9,0.33511450381679386,ad8389143129f15739e5c07ff32d0f06a029c5a21752047d37cf9e9ed8991fd1,reviewed_refs_competitive_blastp_context_v2
hit,L. delbrueckii,GCF_003545935.1,MgsR,P54503,P180F2F41B_00526,41.071,112.0,126.0,134.0,88.88888888888889,3e-36,117.0,0.9285714285714286,ad8389143129f15739e5c07ff32d0f06a029c5a21752047d37cf9e9ed8991fd1,reviewed_refs_competitive_blastp_context_v2
hit,L. delbrueckii,GCF_003545935.1,MgsR,P54503,P180F2F41B_01018,28.302,106.0,126.0,118.0,84.12698412698413,3.54e-13,57.4,0.45555555555555555,ad8389143129f15739e5c07ff32d0f06a029c5a21752047d37cf9e9ed8991fd1,reviewed_refs_competitive_blastp_context_v2
hit,L. delbrueckii,GCF_003545935.1,Rex,O05521,P180F2F41B_01395,59.204,201.0,215.0,227.0,93.48837209302326,2.81e-79,233.0,1.083720930232558,ad8389143129f15739e5c07ff32d0f06a029c5a21752047d37cf9e9ed8991fd1,reviewed_refs_competitive_blastp_context_v2
status,L. delbrueckii,GCF_003545935.1,,,,,,,,,,,,ad8389143129f15739e5c07ff32d0f06a029c5a21752047d37cf9e9ed8991fd1,reviewed_refs_competitive_blastp_context_v2
hit,L. delbrueckii,GCF_004211505.1,Spx,O31602,P1E320B92A_00329,61.832,131.0,131.0,134.0,100.0,1.16e-60,179.0,1.366412213740458,ad8389143129f15739e5c07ff32d0f06a029c5a21752047d37cf9e9ed8991fd1,reviewed_refs_competitive_blastp_context_v2
hit,L. delbrueckii,GCF_004211505.1,Spx,O31602,P1E320B92A_01073,20.721,111.0,131.0,118.0,84.73282442748092,3.04e-08,45.1,0.34427480916030534,ad8389143129f15739e5c07ff32d0f06a029c5a21752047d37cf9e9ed8991fd1,reviewed_refs_competitive_blastp_context_v2
hit,L. delbrueckii,GCF_004211505.1,MgsR,P54503,P1E320B92A_00329,41.071,112.0,126.0,134.0,88.88888888888889,3.44e-36,117.0,0.9285714285714286,ad8389143129f15739e5c07ff32d0f06a029c5a21752047d37cf9e9ed8991fd1,reviewed_refs_competitive_blastp_context_v2
hit,L. delbrueckii,GCF_004211505.1,MgsR,P54503,P1E320B92A_01073,28.302,106.0,126.0,118.0,84.12698412698413,1.82e-13,58.5,0.4642857142857143,ad8389143129f15739e5c07ff32d0f06a029c5a21752047d37cf9e9ed8991fd1,reviewed_refs_competitive_blastp_context_v2
hit,L. delbrueckii,GCF_004211505.1,Rex,O05521,P1E320B92A_01248,59.701,201.0,215.0,228.0,93.48837209302326,1.5e-80,236.0,1.0976744186046512,ad8389143129f15739e5c07ff32d0f06a029c5a21752047d37cf9e9ed8991fd1,reviewed_refs_competitive_blastp_context_v2
status,L. delbrueckii,GCF_004211505.1,,,,,,,,,,,,ad8389143129f15739e5c07ff32d0f06a029c5a21752047d37cf9e9ed8991fd1,reviewed_refs_competitive_blastp_context_v2
hit,L. delbrueckii,GCF_004211735.1,Spx,O31602,P10A1A4009_00503,61.832,131.0,131.0,134.0,100.0,1.13e-60,179.0,1.366412213740458,ad8389143129f15739e5c07ff32d0f06a029c5a21752047d37cf9e9ed8991fd1,reviewed_refs_competitive_blastp_context_v2
hit,L. delbrueckii,GCF_004211735.1,Spx,O31602,P10A1A4009_01216,19.82,111.0,131.0,118.0,84.73282442748092,1.62e-07,43.1,0.3290076335877863,ad8389143129f15739e5c07ff32d0f06a029c5a21752047d37cf9e9ed8991fd1,reviewed_refs_competitive_blastp_context_v2
hit,L. delbrueckii,GCF_004211735.1,MgsR,P54503,P10A1A4009_00503,41.071,112.0,126.0,134.0,88.88888888888889,3.35e-36,117.0,0.9285714285714286,ad8389143129f15739e5c07ff32d0f06a029c5a21752047d37cf9e9ed8991fd1,reviewed_refs_competitive_blastp_context_v2
hit,L. delbrueckii,GCF_004211735.1,MgsR,P54503,P10A1A4009_01216,27.358,106.0,126.0,118.0,84.12698412698413,9.28e-13,56.6,0.4492063492063492,ad8389143129f15739e5c07ff32d0f06a029c5a21752047d37cf9e9ed8991fd1,reviewed_refs_competitive_blastp_context_v2
hit,L. delbrueckii,GCF_004211735.1,Rex,O05521,P10A1A4009_01365,59.701,201.0,215.0,228.0,93.48837209302326,1.46e-80,236.0,1.0976744186046512,ad8389143129f15739e5c07ff32d0f06a029c5a21752047d37cf9e9ed8991fd1,reviewed_refs_competitive_blastp_context_v2
status,L. delbrueckii,GCF_004211735.1,,,,,,,,,,,,ad8389143129f15739e5c07ff32d0f06a029c5a21752047d37cf9e9ed8991fd1,reviewed_refs_competitive_blastp_context_v2
hit,L. delbrueckii,GCF_009362855.1,Spx,O31602,P1B9EE4705_00900,61.832,131.0,131.0,134.0,100.0,1.03e-60,179.0,1.366412213740458,ad8389143129f15739e5c07ff32d0f06a029c5a21752047d37cf9e9ed8991fd1,reviewed_refs_competitive_blastp_context_v2
hit,L. delbrueckii,GCF_009362855.1,Spx,O31602,P1B9EE4705_00525,20.721,111.0,131.0,118.0,84.73282442748092,2.72e-08,45.1,0.34427480916030534,ad8389143129f15739e5c07ff32d0f06a029c5a21752047d37cf9e9ed8991fd1,reviewed_refs_competitive_blastp_context_v2
hit,L. delbrueckii,GCF_009362855.1,MgsR,P54503,P1B9EE4705_00900,41.071,112.0,126.0,134.0,88.88888888888889,3.07e-36,117.0,0.9285714285714286,ad8389143129f15739e5c07ff32d0f06a029c5a21752047d37cf9e9ed8991fd1,reviewed_refs_competitive_blastp_context_v2
hit,L. delbrueckii,GCF_009362855.1,MgsR,P54503,P1B9EE4705_00525,28.302,106.0,126.0,118.0,84.12698412698413,1.63e-13,58.5,0.4642857142857143,ad8389143129f15739e5c07ff32d0f06a029c5a21752047d37cf9e9ed8991fd1,reviewed_refs_competitive_blastp_context_v2
hit,L. delbrueckii,GCF_009362855.1,Rex,O05521,P1B9EE4705_01349,59.204,201.0,215.0,227.0,93.48837209302326,2.88e-79,233.0,1.083720930232558,ad8389143129f15739e5c07ff32d0f06a029c5a21752047d37cf9e9ed8991fd1,reviewed_refs_competitive_blastp_context_v2
status,L. delbrueckii,GCF_009362855.1,,,,,,,,,,,,ad8389143129f15739e5c07ff32d0f06a029c5a21752047d37cf9e9ed8991fd1,reviewed_refs_competitive_blastp_context_v2
hit,L. delbrueckii,GCF_009734125.1,Spx,O31602,P15C89E528_00490,61.832,131.0,131.0,134.0,100.0,1.05e-60,179.0,1.366412213740458,ad8389143129f15739e5c07ff32d0f06a029c5a21752047d37cf9e9ed8991fd1,reviewed_refs_competitive_blastp_context_v2
hit,L. delbrueckii,GCF_009734125.1,Spx,O31602,P15C89E528_01707,20.721,111.0,131.0,118.0,84.73282442748092,2.76e-08,45.1,0.34427480916030534,ad8389143129f15739e5c07ff32d0f06a029c5a21752047d37cf9e9ed8991fd1,reviewed_refs_competitive_blastp_context_v2
hit,L. delbrueckii,GCF_009734125.1,MgsR,P54503,P15C89E528_00490,41.071,112.0,126.0,134.0,88.88888888888889,3.12e-36,117.0,0.9285714285714286,ad8389143129f15739e5c07ff32d0f06a029c5a21752047d37cf9e9ed8991fd1,reviewed_refs_competitive_blastp_context_v2
hit,L. delbrueckii,GCF_009734125.1,MgsR,P54503,P15C89E528_01707,28.302,106.0,126.0,118.0,84.12698412698413,1.65e-13,58.5,0.4642857142857143,ad8389143129f15739e5c07ff32d0f06a029c5a21752047d37cf9e9ed8991fd1,reviewed_refs_competitive_blastp_context_v2
hit,L. delbrueckii,GCF_009734125.1,Rex,O05521,P15C89E528_01547,59.204,201.0,215.0,227.0,93.48837209302326,2.92e-79,233.0,1.083720930232558,ad8389143129f15739e5c07ff32d0f06a029c5a21752047d37cf9e9ed8991fd1,reviewed_refs_competitive_blastp_context_v2
status,L. delbrueckii,GCF_009734125.1,,,,,,,,,,,,ad8389143129f15739e5c07ff32d0f06a029c5a21752047d37cf9e9ed8991fd1,reviewed_refs_competitive_blastp_context_v2
hit,L. delbrueckii,GCF_014830125.1,Spx,O31602,P1B7C3677B_00388,61.832,131.0,131.0,134.0,100.0,1.15e-60,179.0,1.366412213740458,ad8389143129f15739e5c07ff32d0f06a029c5a21752047d37cf9e9ed8991fd1,reviewed_refs_competitive_blastp_context_v2
hit,L. delbrueckii,GCF_014830125.1,Spx,O31602,P1B7C3677B_01627,20.721,111.0,131.0,118.0,84.73282442748092,1.41e-08,45.8,0.349618320610687,ad8389143129f15739e5c07ff32d0f06a029c5a21752047d37cf9e9ed8991fd1,reviewed_refs_competitive_blastp_context_v2
hit,L. delbrueckii,GCF_014830125.1,MgsR,P54503,P1B7C3677B_00388,41.071,112.0,126.0,134.0,88.88888888888889,3.42e-36,117.0,0.9285714285714286,ad8389143129f15739e5c07ff32d0f06a029c5a21752047d37cf9e9ed8991fd1,reviewed_refs_competitive_blastp_context_v2
hit,L. delbrueckii,GCF_014830125.1,MgsR,P54503,P1B7C3677B_01627,28.302,106.0,126.0,118.0,84.12698412698413,6.91e-14,59.7,0.47380952380952385,ad8389143129f15739e5c07ff32d0f06a029c5a21752047d37cf9e9ed8991fd1,reviewed_refs_competitive_blastp_context_v2
hit,L. delbrueckii,GCF_014830125.1,Rex,O05521,P1B7C3677B_01990,59.701,201.0,215.0,228.0,93.48837209302326,1.49e-80,236.0,1.0976744186046512,ad8389143129f15739e5c07ff32d0f06a029c5a21752047d37cf9e9ed8991fd1,reviewed_refs_competitive_blastp_context_v2
status,L. delbrueckii,GCF_014830125.1,,,,,,,,,,,,ad8389143129f15739e5c07ff32d0f06a029c5a21752047d37cf9e9ed8991fd1,reviewed_refs_competitive_blastp_context_v2
hit,L. delbrueckii,GCF_015377785.1,Spx,O31602,P1F321648C_00521,61.832,131.0,131.0,134.0,100.0,1.07e-60,179.0,1.366412213740458,ad8389143129f15739e5c07ff32d0f06a029c5a21752047d37cf9e9ed8991fd1,reviewed_refs_competitive_blastp_context_v2
hit,L. delbrueckii,GCF_015377785.1,Spx,O31602,P1F321648C_01312,20.721,111.0,131.0,118.0,84.73282442748092,2.8e-08,45.1,0.34427480916030534,ad8389143129f15739e5c07ff32d0f06a029c5a21752047d37cf9e9ed8991fd1,reviewed_refs_competitive_blastp_context_v2
hit,L. delbrueckii,GCF_015377785.1,MgsR,P54503,P1F321648C_00521,41.071,112.0,126.0,134.0,88.88888888888889,3.17e-36,117.0,0.9285714285714286,ad8389143129f15739e5c07ff32d0f06a029c5a21752047d37cf9e9ed8991fd1,reviewed_refs_competitive_blastp_context_v2
hit,L. delbrueckii,GCF_015377785.1,MgsR,P54503,P1F321648C_01312,28.302,106.0,126.0,118.0,84.12698412698413,1.68e-13,58.5,0.4642857142857143,ad8389143129f15739e5c07ff32d0f06a029c5a21752047d37cf9e9ed8991fd1,reviewed_refs_competitive_blastp_context_v2
hit,L. delbrueckii,GCF_015377785.1,Rex,O05521,P1F321648C_01480,59.204,201.0,215.0,227.0,93.48837209302326,2.97e-79,233.0,1.083720930232558,ad8389143129f15739e5c07ff32d0f06a029c5a21752047d37cf9e9ed8991fd1,reviewed_refs_competitive_blastp_context_v2
status,L. delbrueckii,GCF_015377785.1,,,,,,,,,,,,ad8389143129f15739e5c07ff32d0f06a029c5a21752047d37cf9e9ed8991fd1,reviewed_refs_competitive_blastp_context_v2
hit,L. delbrueckii,GCF_019583415.1,Spx,O31602,P1ED082011_01450,61.832,131.0,131.0,134.0,100.0,1.87e-60,178.0,1.3587786259541985,ad8389143129f15739e5c07ff32d0f06a029c5a21752047d37cf9e9ed8991fd1,reviewed_refs_competitive_blastp_context_v2
hit,L. delbrueckii,GCF_019583415.1,Spx,O31602,P1ED082011_00966,21.622,111.0,131.0,118.0,84.73282442748092,1.33e-09,48.5,0.3702290076335878,ad8389143129f15739e5c07ff32d0f06a029c5a21752047d37cf9e9ed8991fd1,reviewed_refs_competitive_blastp_context_v2
hit,L. delbrueckii,GCF_019583415.1,MgsR,P54503,P1ED082011_01450,41.071,112.0,126.0,134.0,88.88888888888889,3.67e-36,116.0,0.9206349206349206,ad8389143129f15739e5c07ff32d0f06a029c5a21752047d37cf9e9ed8991fd1,reviewed_refs_competitive_blastp_context_v2
hit,L. delbrueckii,GCF_019583415.1,MgsR,P54503,P1ED082011_00966,29.245,106.0,126.0,118.0,84.12698412698413,6.08e-15,62.0,0.49206349206349204,ad8389143129f15739e5c07ff32d0f06a029c5a21752047d37cf9e9ed8991fd1,reviewed_refs_competitive_blastp_context_v2
hit,L. delbrueckii,GCF_019583415.1,Rex,O05521,P1ED082011_00033,59.701,201.0,215.0,228.0,93.48837209302326,1.31e-80,236.0,1.0976744186046512,ad8389143129f15739e5c07ff32d0f06a029c5a21752047d37cf9e9ed8991fd1,reviewed_refs_competitive_blastp_context_v2
status,L. delbrueckii,GCF_019583415.1,,,,,,,,,,,,ad8389143129f15739e5c07ff32d0f06a029c5a21752047d37cf9e9ed8991fd1,reviewed_refs_competitive_blastp_context_v2
hit,L. delbrueckii,GCF_021600185.1,Spx,O31602,P18BC257B8_01318,61.832,131.0,131.0,134.0,100.0,1.12e-60,179.0,1.366412213740458,ad8389143129f15739e5c07ff32d0f06a029c5a21752047d37cf9e9ed8991fd1,reviewed_refs_competitive_blastp_context_v2
hit,L. delbrueckii,GCF_021600185.1,Spx,O31602,P18BC257B8_00613,20.721,111.0,131.0,118.0,84.73282442748092,1.38e-08,45.8,0.349618320610687,ad8389143129f15739e5c07ff32d0f06a029c5a21752047d37cf9e9ed8991fd1,reviewed_refs_competitive_blastp_context_v2
hit,L. delbrueckii,GCF_021600185.1,MgsR,P54503,P18BC257B8_01318,41.071,112.0,126.0,134.0,88.88888888888889,3.34e-36,117.0,0.9285714285714286,ad8389143129f15739e5c07ff32d0f06a029c5a21752047d37cf9e9ed8991fd1,reviewed_refs_competitive_blastp_context_v2
hit,L. delbrueckii,GCF_021600185.1,MgsR,P54503,P18BC257B8_00613,28.302,106.0,126.0,118.0,84.12698412698413,6.74e-14,59.7,0.47380952380952385,ad8389143129f15739e5c07ff32d0f06a029c5a21752047d37cf9e9ed8991fd1,reviewed_refs_competitive_blastp_context_v2
hit,L. delbrueckii,GCF_021600185.1,Rex,O05521,P18BC257B8_00729,59.701,201.0,215.0,228.0,93.48837209302326,1.45e-80,236.0,1.0976744186046512,ad8389143129f15739e5c07ff32d0f06a029c5a21752047d37cf9e9ed8991fd1,reviewed_refs_competitive_blastp_context_v2
status,L. delbrueckii,GCF_021600185.1,,,,,,,,,,,,ad8389143129f15739e5c07ff32d0f06a029c5a21752047d37cf9e9ed8991fd1,reviewed_refs_competitive_blastp_context_v2
hit,L. delbrueckii,GCF_021600205.1,Spx,O31602,P1AADCD77A_01809,61.832,131.0,131.0,134.0,100.0,1.11e-60,179.0,1.366412213740458,ad8389143129f15739e5c07ff32d0f06a029c5a21752047d37cf9e9ed8991fd1,reviewed_refs_competitive_blastp_context_v2
hit,L. delbrueckii,GCF_021600205.1,Spx,O31602,P1AADCD77A_00331,20.721,111.0,131.0,118.0,84.73282442748092,1.36e-08,45.8,0.349618320610687,ad8389143129f15739e5c07ff32d0f06a029c5a21752047d37cf9e9ed8991fd1,reviewed_refs_competitive_blastp_context_v2
hit,L. delbrueckii,GCF_021600205.1,MgsR,P54503,P1AADCD77A_01809,41.071,112.0,126.0,134.0,88.88888888888889,3.29e-36,117.0,0.9285714285714286,ad8389143129f15739e5c07ff32d0f06a029c5a21752047d37cf9e9ed8991fd1,reviewed_refs_competitive_blastp_context_v2
hit,L. delbrueckii,GCF_021600205.1,MgsR,P54503,P1AADCD77A_00331,28.302,106.0,126.0,118.0,84.12698412698413,6.66e-14,59.7,0.47380952380952385,ad8389143129f15739e5c07ff32d0f06a029c5a21752047d37cf9e9ed8991fd1,reviewed_refs_competitive_blastp_context_v2
hit,L. delbrueckii,GCF_021600205.1,Rex,O05521,P1AADCD77A_00707,59.701,201.0,215.0,228.0,93.48837209302326,1.43e-80,236.0,1.0976744186046512,ad8389143129f15739e5c07ff32d0f06a029c5a21752047d37cf9e9ed8991fd1,reviewed_refs_competitive_blastp_context_v2
status,L. delbrueckii,GCF_021600205.1,,,,,,,,,,,,ad8389143129f15739e5c07ff32d0f06a029c5a21752047d37cf9e9ed8991fd1,reviewed_refs_competitive_blastp_context_v2
hit,L. delbrueckii,GCF_021600245.1,Spx,O31602,P1674D5D23_01673,60.759,79.0,131.0,83.0,60.30534351145038,3.01e-34,110.0,0.8396946564885496,ad8389143129f15739e5c07ff32d0f06a029c5a21752047d37cf9e9ed8991fd1,reviewed_refs_competitive_blastp_context_v2
hit,L. delbrueckii,GCF_021600245.1,Spx,O31602,P1674D5D23_00668,21.622,111.0,131.0,118.0,84.73282442748092,1.06e-08,46.2,0.3526717557251909,ad8389143129f15739e5c07ff32d0f06a029c5a21752047d37cf9e9ed8991fd1,reviewed_refs_competitive_blastp_context_v2
hit,L. delbrueckii,GCF_021600245.1,MgsR,P54503,P1674D5D23_01673,40.741,81.0,126.0,83.0,64.28571428571429,4.76e-24,84.7,0.6722222222222223,ad8389143129f15739e5c07ff32d0f06a029c5a21752047d37cf9e9ed8991fd1,reviewed_refs_competitive_blastp_context_v2
hit,L. delbrueckii,GCF_021600245.1,MgsR,P54503,P1674D5D23_00668,29.245,106.0,126.0,118.0,84.12698412698413,4.64e-14,60.1,0.476984126984127,ad8389143129f15739e5c07ff32d0f06a029c5a21752047d37cf9e9ed8991fd1,reviewed_refs_competitive_blastp_context_v2
hit,L. delbrueckii,GCF_021600245.1,Rex,O05521,P1674D5D23_00869,59.701,201.0,215.0,227.0,93.48837209302326,3.84e-80,235.0,1.0930232558139534,ad8389143129f15739e5c07ff32d0f06a029c5a21752047d37cf9e9ed8991fd1,reviewed_refs_competitive_blastp_context_v2
status,L. delbrueckii,GCF_021600245.1,,,,,,,,,,,,ad8389143129f15739e5c07ff32d0f06a029c5a21752047d37cf9e9ed8991fd1,reviewed_refs_competitive_blastp_context_v2
hit,L. delbrueckii,GCF_021600265.1,Spx,O31602,P167AF6898_01440,61.832,131.0,131.0,134.0,100.0,1.1e-60,179.0,1.366412213740458,ad8389143129f15739e5c07ff32d0f06a029c5a21752047d37cf9e9ed8991fd1,reviewed_refs_competitive_blastp_context_v2
hit,L. delbrueckii,GCF_021600265.1,Spx,O31602,P167AF6898_00147,20.721,111.0,131.0,118.0,84.73282442748092,1.35e-08,45.8,0.349618320610687,ad8389143129f15739e5c07ff32d0f06a029c5a21752047d37cf9e9ed8991fd1,reviewed_refs_competitive_blastp_context_v2
hit,L. delbrueckii,GCF_021600265.1,MgsR,P54503,P167AF6898_01440,41.071,112.0,126.0,134.0,88.88888888888889,3.27e-36,117.0,0.9285714285714286,ad8389143129f15739e5c07ff32d0f06a029c5a21752047d37cf9e9ed8991fd1,reviewed_refs_competitive_blastp_context_v2
hit,L. delbrueckii,GCF_021600265.1,MgsR,P54503,P167AF6898_00147,28.302,106.0,126.0,118.0,84.12698412698413,6.6e-14,59.7,0.47380952380952385,ad8389143129f15739e5c07ff32d0f06a029c5a21752047d37cf9e9ed8991fd1,reviewed_refs_competitive_blastp_context_v2
hit,L. delbrueckii,GCF_021600265.1,Rex,O05521,P167AF6898_00719,59.701,201.0,215.0,228.0,93.48837209302326,1.42e-80,236.0,1.0976744186046512,ad8389143129f15739e5c07ff32d0f06a029c5a21752047d37cf9e9ed8991fd1,reviewed_refs_competitive_blastp_context_v2
status,L. delbrueckii,GCF_021600265.1,,,,,,,,,,,,ad8389143129f15739e5c07ff32d0f06a029c5a21752047d37cf9e9ed8991fd1,reviewed_refs_competitive_blastp_context_v2
hit,L. delbrueckii,GCF_021600345.1,Spx,O31602,P1076AAC6D_00082,61.832,131.0,131.0,134.0,100.0,1.12e-60,179.0,1.366412213740458,ad8389143129f15739e5c07ff32d0f06a029c5a21752047d37cf9e9ed8991fd1,reviewed_refs_competitive_blastp_context_v2
hit,L. delbrueckii,GCF_021600345.1,Spx,O31602,P1076AAC6D_00551,20.721,111.0,131.0,118.0,84.73282442748092,1.38e-08,45.8,0.349618320610687,ad8389143129f15739e5c07ff32d0f06a029c5a21752047d37cf9e9ed8991fd1,reviewed_refs_competitive_blastp_context_v2
hit,L. delbrueckii,GCF_021600345.1,MgsR,P54503,P1076AAC6D_00082,41.071,112.0,126.0,134.0,88.88888888888889,3.34e-36,117.0,0.9285714285714286,ad8389143129f15739e5c07ff32d0f06a029c5a21752047d37cf9e9ed8991fd1,reviewed_refs_competitive_blastp_context_v2
hit,L. delbrueckii,GCF_021600345.1,MgsR,P54503,P1076AAC6D_00551,28.302,106.0,126.0,118.0,84.12698412698413,6.74e-14,59.7,0.47380952380952385,ad8389143129f15739e5c07ff32d0f06a029c5a21752047d37cf9e9ed8991fd1,reviewed_refs_competitive_blastp_context_v2
hit,L. delbrueckii,GCF_021600345.1,Rex,O05521,P1076AAC6D_01008,59.701,201.0,215.0,228.0,93.48837209302326,1.45e-80,236.0,1.0976744186046512,ad8389143129f15739e5c07ff32d0f06a029c5a21752047d37cf9e9ed8991fd1,reviewed_refs_competitive_blastp_context_v2
status,L. delbrueckii,GCF_021600345.1,,,,,,,,,,,,ad8389143129f15739e5c07ff32d0f06a029c5a21752047d37cf9e9ed8991fd1,reviewed_refs_competitive_blastp_context_v2
hit,L. delbrueckii,GCF_021600365.1,Spx,O31602,P137991B6B_00434,61.832,131.0,131.0,134.0,100.0,1.17e-60,179.0,1.366412213740458,ad8389143129f15739e5c07ff32d0f06a029c5a21752047d37cf9e9ed8991fd1,reviewed_refs_competitive_blastp_context_v2
hit,L. delbrueckii,GCF_021600365.1,Spx,O31602,P137991B6B_00099,19.82,111.0,131.0,118.0,84.73282442748092,1.84e-07,42.7,0.32595419847328244,ad8389143129f15739e5c07ff32d0f06a029c5a21752047d37cf9e9ed8991fd1,reviewed_refs_competitive_blastp_context_v2
hit,L. delbrueckii,GCF_021600365.1,MgsR,P54503,P137991B6B_00434,41.071,112.0,126.0,134.0,88.88888888888889,3.48e-36,117.0,0.9285714285714286,ad8389143129f15739e5c07ff32d0f06a029c5a21752047d37cf9e9ed8991fd1,reviewed_refs_competitive_blastp_context_v2
hit,L. delbrueckii,GCF_021600365.1,MgsR,P54503,P137991B6B_00099,28.302,106.0,126.0,118.0,84.12698412698413,1.78e-13,58.5,0.4642857142857143,ad8389143129f15739e5c07ff32d0f06a029c5a21752047d37cf9e9ed8991fd1,reviewed_refs_competitive_blastp_context_v2
hit,L. delbrueckii,GCF_021600365.1,Rex,O05521,P137991B6B_00680,58.706,201.0,215.0,228.0,93.48837209302326,1.08e-74,221.0,1.027906976744186,ad8389143129f15739e5c07ff32d0f06a029c5a21752047d37cf9e9ed8991fd1,reviewed_refs_competitive_blastp_context_v2
status,L. delbrueckii,GCF_021600365.1,,,,,,,,,,,,ad8389143129f15739e5c07ff32d0f06a029c5a21752047d37cf9e9ed8991fd1,reviewed_refs_competitive_blastp_context_v2
hit,L. delbrueckii,GCF_021600385.1,Spx,O31602,P10F83B89A_01371,61.832,131.0,131.0,134.0,100.0,1.17e-60,179.0,1.366412213740458,ad8389143129f15739e5c07ff32d0f06a029c5a21752047d37cf9e9ed8991fd1,reviewed_refs_competitive_blastp_context_v2
hit,L. delbrueckii,GCF_021600385.1,Spx,O31602,P10F83B89A_00017,20.721,111.0,131.0,118.0,84.73282442748092,7.96e-08,43.9,0.33511450381679386,ad8389143129f15739e5c07ff32d0f06a029c5a21752047d37cf9e9ed8991fd1,reviewed_refs_competitive_blastp_context_v2
hit,L. delbrueckii,GCF_021600385.1,MgsR,P54503,P10F83B89A_01371,41.071,112.0,126.0,134.0,88.88888888888889,3.49e-36,117.0,0.9285714285714286,ad8389143129f15739e5c07ff32d0f06a029c5a21752047d37cf9e9ed8991fd1,reviewed_refs_competitive_blastp_context_v2
hit,L. delbrueckii,GCF_021600385.1,MgsR,P54503,P10F83B89A_00017,28.571,105.0,126.0,118.0,83.33333333333333,1.82e-13,58.5,0.4642857142857143,ad8389143129f15739e5c07ff32d0f06a029c5a21752047d37cf9e9ed8991fd1,reviewed_refs_competitive_blastp_context_v2
hit,L. delbrueckii,GCF_021600385.1,Rex,O05521,P10F83B89A_00190,59.701,201.0,215.0,228.0,93.48837209302326,1.52e-80,236.0,1.0976744186046512,ad8389143129f15739e5c07ff32d0f06a029c5a21752047d37cf9e9ed8991fd1,reviewed_refs_competitive_blastp_context_v2
status,L. delbrueckii,GCF_021600385.1,,,,,,,,,,,,ad8389143129f15739e5c07ff32d0f06a029c5a21752047d37cf9e9ed8991fd1,reviewed_refs_competitive_blastp_context_v2
hit,L. delbrueckii,GCF_021600405.1,Spx,O31602,P1E985E39A_01818,61.832,131.0,131.0,134.0,100.0,1.13e-60,179.0,1.366412213740458,ad8389143129f15739e5c07ff32d0f06a029c5a21752047d37cf9e9ed8991fd1,reviewed_refs_competitive_blastp_context_v2
hit,L. delbrueckii,GCF_021600405.1,Spx,O31602,P1E985E39A_00204,20.721,111.0,131.0,118.0,84.73282442748092,1.38e-08,45.8,0.349618320610687,ad8389143129f15739e5c07ff32d0f06a029c5a21752047d37cf9e9ed8991fd1,reviewed_refs_competitive_blastp_context_v2
hit,L. delbrueckii,GCF_021600405.1,MgsR,P54503,P1E985E39A_01818,41.071,112.0,126.0,134.0,88.88888888888889,3.35e-36,117.0,0.9285714285714286,ad8389143129f15739e5c07ff32d0f06a029c5a21752047d37cf9e9ed8991fd1,reviewed_refs_competitive_blastp_context_v2
hit,L. delbrueckii,GCF_021600405.1,MgsR,P54503,P1E985E39A_00204,28.302,106.0,126.0,118.0,84.12698412698413,6.77e-14,59.7,0.47380952380952385,ad8389143129f15739e5c07ff32d0f06a029c5a21752047d37cf9e9ed8991fd1,reviewed_refs_competitive_blastp_context_v2
hit,L. delbrueckii,GCF_021600405.1,Rex,O05521,P1E985E39A_00342,59.701,201.0,215.0,228.0,93.48837209302326,1.46e-80,236.0,1.0976744186046512,ad8389143129f15739e5c07ff32d0f06a029c5a21752047d37cf9e9ed8991fd1,reviewed_refs_competitive_blastp_context_v2
status,L. delbrueckii,GCF_021600405.1,,,,,,,,,,,,ad8389143129f15739e5c07ff32d0f06a029c5a21752047d37cf9e9ed8991fd1,reviewed_refs_competitive_blastp_context_v2
hit,L. delbrueckii,GCF_021600425.1,Spx,O31602,P13B098BB0_00885,61.832,131.0,131.0,134.0,100.0,1.09e-60,179.0,1.366412213740458,ad8389143129f15739e5c07ff32d0f06a029c5a21752047d37cf9e9ed8991fd1,reviewed_refs_competitive_blastp_context_v2
hit,L. delbrueckii,GCF_021600425.1,Spx,O31602,P13B098BB0_00501,20.721,111.0,131.0,118.0,84.73282442748092,1.34e-08,45.8,0.349618320610687,ad8389143129f15739e5c07ff32d0f06a029c5a21752047d37cf9e9ed8991fd1,reviewed_refs_competitive_blastp_context_v2
hit,L. delbrueckii,GCF_021600425.1,MgsR,P54503,P13B098BB0_00885,41.071,112.0,126.0,134.0,88.88888888888889,3.25e-36,117.0,0.9285714285714286,ad8389143129f15739e5c07ff32d0f06a029c5a21752047d37cf9e9ed8991fd1,reviewed_refs_competitive_blastp_context_v2
hit,L. delbrueckii,GCF_021600425.1,MgsR,P54503,P13B098BB0_00501,28.302,106.0,126.0,118.0,84.12698412698413,6.57e-14,59.7,0.47380952380952385,ad8389143129f15739e5c07ff32d0f06a029c5a21752047d37cf9e9ed8991fd1,reviewed_refs_competitive_blastp_context_v2
hit,L. delbrueckii,GCF_021600425.1,Rex,O05521,P13B098BB0_00627,59.701,201.0,215.0,228.0,93.48837209302326,1.42e-80,236.0,1.0976744186046512,ad8389143129f15739e5c07ff32d0f06a029c5a21752047d37cf9e9ed8991fd1,reviewed_refs_competitive_blastp_context_v2
status,L. delbrueckii,GCF_021600425.1,,,,,,,,,,,,ad8389143129f15739e5c07ff32d0f06a029c5a21752047d37cf9e9ed8991fd1,reviewed_refs_competitive_blastp_context_v2
hit,L. delbrueckii,GCF_021600445.1,Spx,O31602,P1423E6FF5_00045,61.832,131.0,131.0,134.0,100.0,1.2e-60,179.0,1.366412213740458,ad8389143129f15739e5c07ff32d0f06a029c5a21752047d37cf9e9ed8991fd1,reviewed_refs_competitive_blastp_context_v2
hit,L. delbrueckii,GCF_021600445.1,Spx,O31602,P1423E6FF5_01503,21.622,111.0,131.0,118.0,84.73282442748092,6.92e-10,49.3,0.3763358778625954,ad8389143129f15739e5c07ff32d0f06a029c5a21752047d37cf9e9ed8991fd1,reviewed_refs_competitive_blastp_context_v2
hit,L. delbrueckii,GCF_021600445.1,MgsR,P54503,P1423E6FF5_00045,41.071,112.0,126.0,134.0,88.88888888888889,3.56e-36,117.0,0.9285714285714286,ad8389143129f15739e5c07ff32d0f06a029c5a21752047d37cf9e9ed8991fd1,reviewed_refs_competitive_blastp_context_v2
hit,L. delbrueckii,GCF_021600445.1,MgsR,P54503,P1423E6FF5_01503,28.302,106.0,126.0,118.0,84.12698412698413,2.03e-14,60.8,0.4825396825396825,ad8389143129f15739e5c07ff32d0f06a029c5a21752047d37cf9e9ed8991fd1,reviewed_refs_competitive_blastp_context_v2
hit,L. delbrueckii,GCF_021600445.1,Rex,O05521,P1423E6FF5_01349,58.706,201.0,215.0,228.0,93.48837209302326,1.11e-74,221.0,1.027906976744186,ad8389143129f15739e5c07ff32d0f06a029c5a21752047d37cf9e9ed8991fd1,reviewed_refs_competitive_blastp_context_v2
status,L. delbrueckii,GCF_021600445.1,,,,,,,,,,,,ad8389143129f15739e5c07ff32d0f06a029c5a21752047d37cf9e9ed8991fd1,reviewed_refs_competitive_blastp_context_v2
hit,L. delbrueckii,GCF_021600465.1,Spx,O31602,P13A2CDAB3_00831,61.832,131.0,131.0,134.0,100.0,1.14e-60,179.0,1.366412213740458,ad8389143129f15739e5c07ff32d0f06a029c5a21752047d37cf9e9ed8991fd1,reviewed_refs_competitive_blastp_context_v2
hit,L. delbrueckii,GCF_021600465.1,Spx,O31602,P13A2CDAB3_00623,20.721,111.0,131.0,118.0,84.73282442748092,1.4e-08,45.8,0.349618320610687,ad8389143129f15739e5c07ff32d0f06a029c5a21752047d37cf9e9ed8991fd1,reviewed_refs_competitive_blastp_context_v2
hit,L. delbrueckii,GCF_021600465.1,MgsR,P54503,P13A2CDAB3_00831,41.071,112.0,126.0,134.0,88.88888888888889,3.39e-36,117.0,0.9285714285714286,ad8389143129f15739e5c07ff32d0f06a029c5a21752047d37cf9e9ed8991fd1,reviewed_refs_competitive_blastp_context_v2
hit,L. delbrueckii,GCF_021600465.1,MgsR,P54503,P13A2CDAB3_00623,28.302,106.0,126.0,118.0,84.12698412698413,6.84e-14,59.7,0.47380952380952385,ad8389143129f15739e5c07ff32d0f06a029c5a21752047d37cf9e9ed8991fd1,reviewed_refs_competitive_blastp_context_v2
hit,L. delbrueckii,GCF_021600465.1,Rex,O05521,P13A2CDAB3_00426,59.701,201.0,215.0,228.0,93.48837209302326,1.47e-80,236.0,1.0976744186046512,ad8389143129f15739e5c07ff32d0f06a029c5a21752047d37cf9e9ed8991fd1,reviewed_refs_competitive_blastp_context_v2
status,L. delbrueckii,GCF_021600465.1,,,,,,,,,,,,ad8389143129f15739e5c07ff32d0f06a029c5a21752047d37cf9e9ed8991fd1,reviewed_refs_competitive_blastp_context_v2
hit,L. delbrueckii,GCF_021600485.1,Spx,O31602,P182372FFF_01291,61.832,131.0,131.0,134.0,100.0,1.14e-60,179.0,1.366412213740458,ad8389143129f15739e5c07ff32d0f06a029c5a21752047d37cf9e9ed8991fd1,reviewed_refs_competitive_blastp_context_v2
hit,L. delbrueckii,GCF_021600485.1,Spx,O31602,P182372FFF_00029,20.721,111.0,131.0,118.0,84.73282442748092,1.4e-08,45.8,0.349618320610687,ad8389143129f15739e5c07ff32d0f06a029c5a21752047d37cf9e9ed8991fd1,reviewed_refs_competitive_blastp_context_v2
hit,L. delbrueckii,GCF_021600485.1,MgsR,P54503,P182372FFF_01291,41.071,112.0,126.0,134.0,88.88888888888889,3.39e-36,117.0,0.9285714285714286,ad8389143129f15739e5c07ff32d0f06a029c5a21752047d37cf9e9ed8991fd1,reviewed_refs_competitive_blastp_context_v2
hit,L. delbrueckii,GCF_021600485.1,MgsR,P54503,P182372FFF_00029,28.302,106.0,126.0,118.0,84.12698412698413,6.85e-14,59.7,0.47380952380952385,ad8389143129f15739e5c07ff32d0f06a029c5a21752047d37cf9e9ed8991fd1,reviewed_refs_competitive_blastp_context_v2
hit,L. delbrueckii,GCF_021600485.1,Rex,O05521,P182372FFF_00647,59.701,201.0,215.0,228.0,93.48837209302326,1.48e-80,236.0,1.0976744186046512,ad8389143129f15739e5c07ff32d0f06a029c5a21752047d37cf9e9ed8991fd1,reviewed_refs_competitive_blastp_context_v2
status,L. delbrueckii,GCF_021600485.1,,,,,,,,,,,,ad8389143129f15739e5c07ff32d0f06a029c5a21752047d37cf9e9ed8991fd1,reviewed_refs_competitive_blastp_context_v2
hit,L. delbrueckii,GCF_021600505.1,Spx,O31602,P13D2BCE5D_00322,61.069,131.0,131.0,134.0,100.0,4.42e-60,177.0,1.3511450381679388,ad8389143129f15739e5c07ff32d0f06a029c5a21752047d37cf9e9ed8991fd1,reviewed_refs_competitive_blastp_context_v2
hit,L. delbrueckii,GCF_021600505.1,Spx,O31602,P13D2BCE5D_00126,20.721,111.0,131.0,118.0,84.73282442748092,1.32e-08,45.8,0.349618320610687,ad8389143129f15739e5c07ff32d0f06a029c5a21752047d37cf9e9ed8991fd1,reviewed_refs_competitive_blastp_context_v2
hit,L. delbrueckii,GCF_021600505.1,MgsR,P54503,P13D2BCE5D_00322,41.964,112.0,126.0,134.0,88.88888888888889,1.05e-36,118.0,0.9365079365079365,ad8389143129f15739e5c07ff32d0f06a029c5a21752047d37cf9e9ed8991fd1,reviewed_refs_competitive_blastp_context_v2
hit,L. delbrueckii,GCF_021600505.1,MgsR,P54503,P13D2BCE5D_00126,28.302,106.0,126.0,118.0,84.12698412698413,6.46e-14,59.7,0.47380952380952385,ad8389143129f15739e5c07ff32d0f06a029c5a21752047d37cf9e9ed8991fd1,reviewed_refs_competitive_blastp_context_v2
hit,L. delbrueckii,GCF_021600505.1,Rex,O05521,P13D2BCE5D_01721,59.701,201.0,215.0,228.0,93.48837209302326,1.39e-80,236.0,1.0976744186046512,ad8389143129f15739e5c07ff32d0f06a029c5a21752047d37cf9e9ed8991fd1,reviewed_refs_competitive_blastp_context_v2
status,L. delbrueckii,GCF_021600505.1,,,,,,,,,,,,ad8389143129f15739e5c07ff32d0f06a029c5a21752047d37cf9e9ed8991fd1,reviewed_refs_competitive_blastp_context_v2
hit,L. delbrueckii,GCF_021600525.1,Spx,O31602,P107BAE233_00121,61.832,131.0,131.0,134.0,100.0,1.22e-60,179.0,1.366412213740458,ad8389143129f15739e5c07ff32d0f06a029c5a21752047d37cf9e9ed8991fd1,reviewed_refs_competitive_blastp_context_v2
hit,L. delbrueckii,GCF_021600525.1,Spx,O31602,P107BAE233_01364,21.622,111.0,131.0,118.0,84.73282442748092,7.03e-10,49.3,0.3763358778625954,ad8389143129f15739e5c07ff32d0f06a029c5a21752047d37cf9e9ed8991fd1,reviewed_refs_competitive_blastp_context_v2
hit,L. delbrueckii,GCF_021600525.1,MgsR,P54503,P107BAE233_00121,41.071,112.0,126.0,134.0,88.88888888888889,3.62e-36,117.0,0.9285714285714286,ad8389143129f15739e5c07ff32d0f06a029c5a21752047d37cf9e9ed8991fd1,reviewed_refs_competitive_blastp_context_v2
hit,L. delbrueckii,GCF_021600525.1,MgsR,P54503,P107BAE233_01364,28.302,106.0,126.0,118.0,84.12698412698413,2.07e-14,60.8,0.4825396825396825,ad8389143129f15739e5c07ff32d0f06a029c5a21752047d37cf9e9ed8991fd1,reviewed_refs_competitive_blastp_context_v2
hit,L. delbrueckii,GCF_021600525.1,Rex,O05521,P107BAE233_01162,58.706,201.0,215.0,228.0,93.48837209302326,1.13e-74,221.0,1.027906976744186,ad8389143129f15739e5c07ff32d0f06a029c5a21752047d37cf9e9ed8991fd1,reviewed_refs_competitive_blastp_context_v2
status,L. delbrueckii,GCF_021600525.1,,,,,,,,,,,,ad8389143129f15739e5c07ff32d0f06a029c5a21752047d37cf9e9ed8991fd1,reviewed_refs_competitive_blastp_context_v2
hit,L. delbrueckii,GCF_021600545.1,Spx,O31602,P100A717D8_00613,61.832,131.0,131.0,134.0,100.0,1.13e-60,179.0,1.366412213740458,ad8389143129f15739e5c07ff32d0f06a029c5a21752047d37cf9e9ed8991fd1,reviewed_refs_competitive_blastp_context_v2
hit,L. delbrueckii,GCF_021600545.1,Spx,O31602,P100A717D8_00052,20.721,111.0,131.0,118.0,84.73282442748092,1.38e-08,45.8,0.349618320610687,ad8389143129f15739e5c07ff32d0f06a029c5a21752047d37cf9e9ed8991fd1,reviewed_refs_competitive_blastp_context_v2
hit,L. delbrueckii,GCF_021600545.1,MgsR,P54503,P100A717D8_00613,41.071,112.0,126.0,134.0,88.88888888888889,3.35e-36,117.0,0.9285714285714286,ad8389143129f15739e5c07ff32d0f06a029c5a21752047d37cf9e9ed8991fd1,reviewed_refs_competitive_blastp_context_v2
hit,L. delbrueckii,GCF_021600545.1,MgsR,P54503,P100A717D8_00052,28.302,106.0,126.0,118.0,84.12698412698413,6.77e-14,59.7,0.47380952380952385,ad8389143129f15739e5c07ff32d0f06a029c5a21752047d37cf9e9ed8991fd1,reviewed_refs_competitive_blastp_context_v2
hit,L. delbrueckii,GCF_021600545.1,Rex,O05521,P100A717D8_00505,59.701,201.0,215.0,228.0,93.48837209302326,1.46e-80,236.0,1.0976744186046512,ad8389143129f15739e5c07ff32d0f06a029c5a21752047d37cf9e9ed8991fd1,reviewed_refs_competitive_blastp_context_v2
status,L. delbrueckii,GCF_021600545.1,,,,,,,,,,,,ad8389143129f15739e5c07ff32d0f06a029c5a21752047d37cf9e9ed8991fd1,reviewed_refs_competitive_blastp_context_v2
hit,L. delbrueckii,GCF_021600565.1,Spx,O31602,P185B5F5E8_00096,61.832,131.0,131.0,134.0,100.0,1.12e-60,179.0,1.366412213740458,ad8389143129f15739e5c07ff32d0f06a029c5a21752047d37cf9e9ed8991fd1,reviewed_refs_competitive_blastp_context_v2
hit,L. delbrueckii,GCF_021600565.1,Spx,O31602,P185B5F5E8_00841,20.721,111.0,131.0,118.0,84.73282442748092,2.94e-08,45.1,0.34427480916030534,ad8389143129f15739e5c07ff32d0f06a029c5a21752047d37cf9e9ed8991fd1,reviewed_refs_competitive_blastp_context_v2
hit,L. delbrueckii,GCF_021600565.1,MgsR,P54503,P185B5F5E8_00096,41.071,112.0,126.0,134.0,88.88888888888889,3.33e-36,117.0,0.9285714285714286,ad8389143129f15739e5c07ff32d0f06a029c5a21752047d37cf9e9ed8991fd1,reviewed_refs_competitive_blastp_context_v2
hit,L. delbrueckii,GCF_021600565.1,MgsR,P54503,P185B5F5E8_00841,28.302,106.0,126.0,118.0,84.12698412698413,1.76e-13,58.5,0.4642857142857143,ad8389143129f15739e5c07ff32d0f06a029c5a21752047d37cf9e9ed8991fd1,reviewed_refs_competitive_blastp_context_v2
hit,L. delbrueckii,GCF_021600565.1,Rex,O05521,P185B5F5E8_00730,59.701,201.0,215.0,228.0,93.48837209302326,1.45e-80,236.0,1.0976744186046512,ad8389143129f15739e5c07ff32d0f06a029c5a21752047d37cf9e9ed8991fd1,reviewed_refs_competitive_blastp_context_v2
status,L. delbrueckii,GCF_021600565.1,,,,,,,,,,,,ad8389143129f15739e5c07ff32d0f06a029c5a21752047d37cf9e9ed8991fd1,reviewed_refs_competitive_blastp_context_v2
hit,L. delbrueckii,GCF_021600585.1,Spx,O31602,P11A386156_00577,61.832,131.0,131.0,134.0,100.0,1.11e-60,179.0,1.366412213740458,ad8389143129f15739e5c07ff32d0f06a029c5a21752047d37cf9e9ed8991fd1,reviewed_refs_competitive_blastp_context_v2
hit,L. delbrueckii,GCF_021600585.1,Spx,O31602,P11A386156_00347,20.721,111.0,131.0,118.0,84.73282442748092,1.36e-08,45.8,0.349618320610687,ad8389143129f15739e5c07ff32d0f06a029c5a21752047d37cf9e9ed8991fd1,reviewed_refs_competitive_blastp_context_v2
hit,L. delbrueckii,GCF_021600585.1,MgsR,P54503,P11A386156_00577,41.071,112.0,126.0,134.0,88.88888888888889,3.3e-36,117.0,0.9285714285714286,ad8389143129f15739e5c07ff32d0f06a029c5a21752047d37cf9e9ed8991fd1,reviewed_refs_competitive_blastp_context_v2
hit,L. delbrueckii,GCF_021600585.1,MgsR,P54503,P11A386156_00347,28.302,106.0,126.0,118.0,84.12698412698413,6.67e-14,59.7,0.47380952380952385,ad8389143129f15739e5c07ff32d0f06a029c5a21752047d37cf9e9ed8991fd1,reviewed_refs_competitive_blastp_context_v2
hit,L. delbrueckii,GCF_021600585.1,Rex,O05521,P11A386156_00185,59.701,201.0,215.0,228.0,93.48837209302326,1.44e-80,236.0,1.0976744186046512,ad8389143129f15739e5c07ff32d0f06a029c5a21752047d37cf9e9ed8991fd1,reviewed_refs_competitive_blastp_context_v2
status,L. delbrueckii,GCF_021600585.1,,,,,,,,,,,,ad8389143129f15739e5c07ff32d0f06a029c5a21752047d37cf9e9ed8991fd1,reviewed_refs_competitive_blastp_context_v2
hit,L. delbrueckii,GCF_021600605.1,Spx,O31602,P1A3544654_01250,61.832,131.0,131.0,134.0,100.0,1.15e-60,179.0,1.366412213740458,ad8389143129f15739e5c07ff32d0f06a029c5a21752047d37cf9e9ed8991fd1,reviewed_refs_competitive_blastp_context_v2
hit,L. delbrueckii,GCF_021600605.1,Spx,O31602,P1A3544654_00291,20.721,111.0,131.0,118.0,84.73282442748092,1.41e-08,45.8,0.349618320610687,ad8389143129f15739e5c07ff32d0f06a029c5a21752047d37cf9e9ed8991fd1,reviewed_refs_competitive_blastp_context_v2
hit,L. delbrueckii,GCF_021600605.1,MgsR,P54503,P1A3544654_01250,41.071,112.0,126.0,134.0,88.88888888888889,3.43e-36,117.0,0.9285714285714286,ad8389143129f15739e5c07ff32d0f06a029c5a21752047d37cf9e9ed8991fd1,reviewed_refs_competitive_blastp_context_v2
hit,L. delbrueckii,GCF_021600605.1,MgsR,P54503,P1A3544654_00291,28.302,106.0,126.0,118.0,84.12698412698413,6.92e-14,59.7,0.47380952380952385,ad8389143129f15739e5c07ff32d0f06a029c5a21752047d37cf9e9ed8991fd1,reviewed_refs_competitive_blastp_context_v2
hit,L. delbrueckii,GCF_021600605.1,Rex,O05521,P1A3544654_00787,59.701,201.0,215.0,228.0,93.48837209302326,1.49e-80,236.0,1.0976744186046512,ad8389143129f15739e5c07ff32d0f06a029c5a21752047d37cf9e9ed8991fd1,reviewed_refs_competitive_blastp_context_v2
status,L. delbrueckii,GCF_021600605.1,,,,,,,,,,,,ad8389143129f15739e5c07ff32d0f06a029c5a21752047d37cf9e9ed8991fd1,reviewed_refs_competitive_blastp_context_v2
hit,L. delbrueckii,GCF_021600625.1,Spx,O31602,P116B99E1D_01162,61.832,131.0,131.0,134.0,100.0,1.15e-60,179.0,1.366412213740458,ad8389143129f15739e5c07ff32d0f06a029c5a21752047d37cf9e9ed8991fd1,reviewed_refs_competitive_blastp_context_v2
hit,L. delbrueckii,GCF_021600625.1,Spx,O31602,P116B99E1D_00154,20.721,111.0,131.0,118.0,84.73282442748092,1.41e-08,45.8,0.349618320610687,ad8389143129f15739e5c07ff32d0f06a029c5a21752047d37cf9e9ed8991fd1,reviewed_refs_competitive_blastp_context_v2
hit,L. delbrueckii,GCF_021600625.1,MgsR,P54503,P116B99E1D_01162,41.071,112.0,126.0,134.0,88.88888888888889,3.43e-36,117.0,0.9285714285714286,ad8389143129f15739e5c07ff32d0f06a029c5a21752047d37cf9e9ed8991fd1,reviewed_refs_competitive_blastp_context_v2
hit,L. delbrueckii,GCF_021600625.1,MgsR,P54503,P116B99E1D_00154,28.302,106.0,126.0,118.0,84.12698412698413,6.92e-14,59.7,0.47380952380952385,ad8389143129f15739e5c07ff32d0f06a029c5a21752047d37cf9e9ed8991fd1,reviewed_refs_competitive_blastp_context_v2
hit,L. delbrueckii,GCF_021600625.1,Rex,O05521,P116B99E1D_00411,59.701,201.0,215.0,228.0,93.48837209302326,1.49e-80,236.0,1.0976744186046512,ad8389143129f15739e5c07ff32d0f06a029c5a21752047d37cf9e9ed8991fd1,reviewed_refs_competitive_blastp_context_v2
status,L. delbrueckii,GCF_021600625.1,,,,,,,,,,,,ad8389143129f15739e5c07ff32d0f06a029c5a21752047d37cf9e9ed8991fd1,reviewed_refs_competitive_blastp_context_v2
hit,L. delbrueckii,GCF_021600645.1,Spx,O31602,P11C2F2EAF_01989,61.832,131.0,131.0,134.0,100.0,2.53e-60,178.0,1.3587786259541985,ad8389143129f15739e5c07ff32d0f06a029c5a21752047d37cf9e9ed8991fd1,reviewed_refs_competitive_blastp_context_v2
hit,L. delbrueckii,GCF_021600645.1,Spx,O31602,P11C2F2EAF_00433,20.721,111.0,131.0,118.0,84.73282442748092,3.03e-08,45.1,0.34427480916030534,ad8389143129f15739e5c07ff32d0f06a029c5a21752047d37cf9e9ed8991fd1,reviewed_refs_competitive_blastp_context_v2
hit,L. delbrueckii,GCF_021600645.1,MgsR,P54503,P11C2F2EAF_01989,41.071,112.0,126.0,134.0,88.88888888888889,9.45e-36,115.0,0.9126984126984127,ad8389143129f15739e5c07ff32d0f06a029c5a21752047d37cf9e9ed8991fd1,reviewed_refs_competitive_blastp_context_v2
hit,L. delbrueckii,GCF_021600645.1,MgsR,P54503,P11C2F2EAF_00433,28.302,106.0,126.0,118.0,84.12698412698413,1.81e-13,58.5,0.4642857142857143,ad8389143129f15739e5c07ff32d0f06a029c5a21752047d37cf9e9ed8991fd1,reviewed_refs_competitive_blastp_context_v2
hit,L. delbrueckii,GCF_021600645.1,Rex,O05521,P11C2F2EAF_00681,59.701,201.0,215.0,227.0,93.48837209302326,5.06e-80,235.0,1.0930232558139534,ad8389143129f15739e5c07ff32d0f06a029c5a21752047d37cf9e9ed8991fd1,reviewed_refs_competitive_blastp_context_v2
status,L. delbrueckii,GCF_021600645.1,,,,,,,,,,,,ad8389143129f15739e5c07ff32d0f06a029c5a21752047d37cf9e9ed8991fd1,reviewed_refs_competitive_blastp_context_v2
hit,L. delbrueckii,IAHAHI,Spx,O31602,P1AC7D15BF_00248,61.832,131.0,131.0,134.0,100.0,1.03e-60,179.0,1.366412213740458,ad8389143129f15739e5c07ff32d0f06a029c5a21752047d37cf9e9ed8991fd1,reviewed_refs_competitive_blastp_context_v2
hit,L. delbrueckii,IAHAHI,Spx,O31602,P1AC7D15BF_00503,20.721,111.0,131.0,118.0,84.73282442748092,2.7e-08,45.1,0.34427480916030534,ad8389143129f15739e5c07ff32d0f06a029c5a21752047d37cf9e9ed8991fd1,reviewed_refs_competitive_blastp_context_v2
hit,L. delbrueckii,IAHAHI,MgsR,P54503,P1AC7D15BF_00248,41.071,112.0,126.0,134.0,88.88888888888889,3.05e-36,117.0,0.9285714285714286,ad8389143129f15739e5c07ff32d0f06a029c5a21752047d37cf9e9ed8991fd1,reviewed_refs_competitive_blastp_context_v2
hit,L. delbrueckii,IAHAHI,MgsR,P54503,P1AC7D15BF_00503,28.302,106.0,126.0,118.0,84.12698412698413,1.61e-13,58.5,0.4642857142857143,ad8389143129f15739e5c07ff32d0f06a029c5a21752047d37cf9e9ed8991fd1,reviewed_refs_competitive_blastp_context_v2
hit,L. delbrueckii,IAHAHI,Rex,O05521,P1AC7D15BF_00870,65.546,119.0,215.0,137.0,55.348837209302324,2.88e-44,140.0,0.6511627906976745,ad8389143129f15739e5c07ff32d0f06a029c5a21752047d37cf9e9ed8991fd1,reviewed_refs_competitive_blastp_context_v2
hit,L. delbrueckii,IAHAHI,Rex,O05521,P1AC7D15BF_00869,50.725,69.0,215.0,90.0,32.093023255813954,2.32e-21,80.5,0.3744186046511628,ad8389143129f15739e5c07ff32d0f06a029c5a21752047d37cf9e9ed8991fd1,reviewed_refs_competitive_blastp_context_v2
status,L. delbrueckii,IAHAHI,,,,,,,,,,,,ad8389143129f15739e5c07ff32d0f06a029c5a21752047d37cf9e9ed8991fd1,reviewed_refs_competitive_blastp_context_v2
hit,L. plantarum,GCF_000687495.1,Fur,P54574,P1416E0403_01962,28.873,142.0,149.0,160.0,95.30201342281879,1.03e-18,74.3,0.49865771812080534,ad8389143129f15739e5c07ff32d0f06a029c5a21752047d37cf9e9ed8991fd1,reviewed_refs_competitive_blastp_context_v2
hit,L. plantarum,GCF_000687495.1,Fur,P54574,P1416E0403_00553,23.841,151.0,149.0,147.0,101.34228187919463,4.39e-09,48.9,0.32818791946308723,ad8389143129f15739e5c07ff32d0f06a029c5a21752047d37cf9e9ed8991fd1,reviewed_refs_competitive_blastp_context_v2
hit,L. plantarum,GCF_000687495.1,Zur,P54479,P1416E0403_00553,36.364,143.0,145.0,147.0,98.62068965517241,4.75e-35,115.0,0.7931034482758621,ad8389143129f15739e5c07ff32d0f06a029c5a21752047d37cf9e9ed8991fd1,reviewed_refs_competitive_blastp_context_v2
hit,L. plantarum,GCF_000687495.1,Zur,P54479,P1416E0403_01962,29.851,134.0,145.0,160.0,92.41379310344827,2.87e-17,70.5,0.4862068965517241,ad8389143129f15739e5c07ff32d0f06a029c5a21752047d37cf9e9ed8991fd1,reviewed_refs_competitive_blastp_context_v2
hit,L. plantarum,GCF_000687495.1,PerR,P71086,P1416E0403_01962,46.528,144.0,145.0,160.0,99.3103448275862,1.01e-47,148.0,1.0206896551724138,ad8389143129f15739e5c07ff32d0f06a029c5a21752047d37cf9e9ed8991fd1,reviewed_refs_competitive_blastp_context_v2
hit,L. plantarum,GCF_000687495.1,PerR,P71086,P1416E0403_00553,33.099,142.0,145.0,147.0,97.93103448275862,5.91e-23,85.1,0.5868965517241379,ad8389143129f15739e5c07ff32d0f06a029c5a21752047d37cf9e9ed8991fd1,reviewed_refs_competitive_blastp_context_v2
hit,L. plantarum,GCF_000687495.1,Spx,O31602,P1416E0403_00086,67.176,131.0,131.0,132.0,100.0,1.76e-66,194.0,1.4809160305343512,ad8389143129f15739e5c07ff32d0f06a029c5a21752047d37cf9e9ed8991fd1,reviewed_refs_competitive_blastp_context_v2
hit,L. plantarum,GCF_000687495.1,Spx,O31602,P1416E0403_00579,54.331,127.0,131.0,140.0,96.94656488549619,2.46e-39,125.0,0.9541984732824428,ad8389143129f15739e5c07ff32d0f06a029c5a21752047d37cf9e9ed8991fd1,reviewed_refs_competitive_blastp_context_v2
hit,L. plantarum,GCF_000687495.1,Spx,O31602,P1416E0403_01883,46.825,126.0,131.0,134.0,96.18320610687023,4.52e-39,125.0,0.9541984732824428,ad8389143129f15739e5c07ff32d0f06a029c5a21752047d37cf9e9ed8991fd1,reviewed_refs_competitive_blastp_context_v2
hit,L. plantarum,GCF_000687495.1,Spx,O31602,P1416E0403_01714,47.154,123.0,131.0,145.0,93.89312977099236,1.22e-38,124.0,0.9465648854961832,ad8389143129f15739e5c07ff32d0f06a029c5a21752047d37cf9e9ed8991fd1,reviewed_refs_competitive_blastp_context_v2
hit,L. plantarum,GCF_000687495.1,Spx,O31602,P1416E0403_02998,42.857,126.0,131.0,133.0,96.18320610687023,2.52e-37,120.0,0.916030534351145,ad8389143129f15739e5c07ff32d0f06a029c5a21752047d37cf9e9ed8991fd1,reviewed_refs_competitive_blastp_context_v2
hit,L. plantarum,GCF_000687495.1,Spx,O31602,P1416E0403_01151,30.137,73.0,131.0,76.0,55.725190839694655,1.25e-06,40.4,0.3083969465648855,ad8389143129f15739e5c07ff32d0f06a029c5a21752047d37cf9e9ed8991fd1,reviewed_refs_competitive_blastp_context_v2
hit,L. plantarum,GCF_000687495.1,MgsR,P54503,P1416E0403_00086,44.828,116.0,126.0,132.0,92.06349206349206,1.51e-37,120.0,0.9523809523809523,ad8389143129f15739e5c07ff32d0f06a029c5a21752047d37cf9e9ed8991fd1,reviewed_refs_competitive_blastp_context_v2
hit,L. plantarum,GCF_000687495.1,MgsR,P54503,P1416E0403_01714,41.284,109.0,126.0,145.0,86.5079365079365,9.48e-31,103.0,0.8174603174603174,ad8389143129f15739e5c07ff32d0f06a029c5a21752047d37cf9e9ed8991fd1,reviewed_refs_competitive_blastp_context_v2
hit,L. plantarum,GCF_000687495.1,MgsR,P54503,P1416E0403_02998,39.45,109.0,126.0,133.0,86.5079365079365,4.16e-29,99.4,0.788888888888889,ad8389143129f15739e5c07ff32d0f06a029c5a21752047d37cf9e9ed8991fd1,reviewed_refs_competitive_blastp_context_v2
hit,L. plantarum,GCF_000687495.1,MgsR,P54503,P1416E0403_00579,46.591,88.0,126.0,140.0,69.84126984126983,1.01e-25,91.3,0.7246031746031746,ad8389143129f15739e5c07ff32d0f06a029c5a21752047d37cf9e9ed8991fd1,reviewed_refs_competitive_blastp_context_v2
hit,L. plantarum,GCF_000687495.1,MgsR,P54503,P1416E0403_01883,39.048,105.0,126.0,134.0,83.33333333333333,1.12e-24,88.2,0.7000000000000001,ad8389143129f15739e5c07ff32d0f06a029c5a21752047d37cf9e9ed8991fd1,reviewed_refs_competitive_blastp_context_v2
hit,L. plantarum,GCF_000687495.1,OhrR,O34777,P1416E0403_03208,44.531,128.0,147.0,158.0,87.07482993197279,1.4e-30,104.0,0.7074829931972789,ad8389143129f15739e5c07ff32d0f06a029c5a21752047d37cf9e9ed8991fd1,reviewed_refs_competitive_blastp_context_v2
hit,L. plantarum,GCF_000687495.1,OhrR,O34777,P1416E0403_00536,40.299,134.0,147.0,146.0,91.15646258503402,4.93e-28,97.8,0.6653061224489796,ad8389143129f15739e5c07ff32d0f06a029c5a21752047d37cf9e9ed8991fd1,reviewed_refs_competitive_blastp_context_v2
hit,L. plantarum,GCF_000687495.1,OhrR,O34777,P1416E0403_02883,31.959,97.0,147.0,155.0,65.98639455782313,5.78e-08,45.8,0.3115646258503401,ad8389143129f15739e5c07ff32d0f06a029c5a21752047d37cf9e9ed8991fd1,reviewed_refs_competitive_blastp_context_v2
hit,L. plantarum,GCF_000687495.1,Rex,O05521,P1416E0403_01126,59.223,206.0,215.0,225.0,95.81395348837209,2.65e-89,259.0,1.2046511627906977,ad8389143129f15739e5c07ff32d0f06a029c5a21752047d37cf9e9ed8991fd1,reviewed_refs_competitive_blastp_context_v2
status,L. plantarum,GCF_000687495.1,,,,,,,,,,,,ad8389143129f15739e5c07ff32d0f06a029c5a21752047d37cf9e9ed8991fd1,reviewed_refs_competitive_blastp_context_v2
hit,L. plantarum,GCF_000731855.1,Fur,P54574,P1266C8FDC_02824,28.873,142.0,149.0,160.0,95.30201342281879,1.02e-18,74.3,0.49865771812080534,ad8389143129f15739e5c07ff32d0f06a029c5a21752047d37cf9e9ed8991fd1,reviewed_refs_competitive_blastp_context_v2
hit,L. plantarum,GCF_000731855.1,Fur,P54574,P1266C8FDC_00689,23.841,151.0,149.0,147.0,101.34228187919463,4.31e-09,48.9,0.32818791946308723,ad8389143129f15739e5c07ff32d0f06a029c5a21752047d37cf9e9ed8991fd1,reviewed_refs_competitive_blastp_context_v2
hit,L. plantarum,GCF_000731855.1,Zur,P54479,P1266C8FDC_00689,36.364,143.0,145.0,147.0,98.62068965517241,4.67e-35,115.0,0.7931034482758621,ad8389143129f15739e5c07ff32d0f06a029c5a21752047d37cf9e9ed8991fd1,reviewed_refs_competitive_blastp_context_v2
hit,L. plantarum,GCF_000731855.1,Zur,P54479,P1266C8FDC_02824,29.851,134.0,145.0,160.0,92.41379310344827,2.82e-17,70.5,0.4862068965517241,ad8389143129f15739e5c07ff32d0f06a029c5a21752047d37cf9e9ed8991fd1,reviewed_refs_competitive_blastp_context_v2
hit,L. plantarum,GCF_000731855.1,PerR,P71086,P1266C8FDC_02824,46.528,144.0,145.0,160.0,99.3103448275862,9.92e-48,148.0,1.0206896551724138,ad8389143129f15739e5c07ff32d0f06a029c5a21752047d37cf9e9ed8991fd1,reviewed_refs_competitive_blastp_context_v2
hit,L. plantarum,GCF_000731855.1,PerR,P71086,P1266C8FDC_00689,33.099,142.0,145.0,147.0,97.93103448275862,5.8e-23,85.1,0.5868965517241379,ad8389143129f15739e5c07ff32d0f06a029c5a21752047d37cf9e9ed8991fd1,reviewed_refs_competitive_blastp_context_v2
hit,L. plantarum,GCF_000731855.1,Spx,O31602,P1266C8FDC_01959,67.176,131.0,131.0,132.0,100.0,1.73e-66,194.0,1.4809160305343512,ad8389143129f15739e5c07ff32d0f06a029c5a21752047d37cf9e9ed8991fd1,reviewed_refs_competitive_blastp_context_v2
hit,L. plantarum,GCF_000731855.1,Spx,O31602,P1266C8FDC_00663,54.331,127.0,131.0,140.0,96.94656488549619,2.41e-39,125.0,0.9541984732824428,ad8389143129f15739e5c07ff32d0f06a029c5a21752047d37cf9e9ed8991fd1,reviewed_refs_competitive_blastp_context_v2
hit,L. plantarum,GCF_000731855.1,Spx,O31602,P1266C8FDC_02886,46.825,126.0,131.0,134.0,96.18320610687023,4.44e-39,125.0,0.9541984732824428,ad8389143129f15739e5c07ff32d0f06a029c5a21752047d37cf9e9ed8991fd1,reviewed_refs_competitive_blastp_context_v2
hit,L. plantarum,GCF_000731855.1,Spx,O31602,P1266C8FDC_03063,47.154,123.0,131.0,145.0,93.89312977099236,1.19e-38,124.0,0.9465648854961832,ad8389143129f15739e5c07ff32d0f06a029c5a21752047d37cf9e9ed8991fd1,reviewed_refs_competitive_blastp_context_v2
hit,L. plantarum,GCF_000731855.1,Spx,O31602,P1266C8FDC_01709,42.857,126.0,131.0,133.0,96.18320610687023,2.47e-37,120.0,0.916030534351145,ad8389143129f15739e5c07ff32d0f06a029c5a21752047d37cf9e9ed8991fd1,reviewed_refs_competitive_blastp_context_v2
hit,L. plantarum,GCF_000731855.1,Spx,O31602,P1266C8FDC_00542,30.137,73.0,131.0,76.0,55.725190839694655,1.23e-06,40.4,0.3083969465648855,ad8389143129f15739e5c07ff32d0f06a029c5a21752047d37cf9e9ed8991fd1,reviewed_refs_competitive_blastp_context_v2
hit,L. plantarum,GCF_000731855.1,MgsR,P54503,P1266C8FDC_01959,44.828,116.0,126.0,132.0,92.06349206349206,1.48e-37,120.0,0.9523809523809523,ad8389143129f15739e5c07ff32d0f06a029c5a21752047d37cf9e9ed8991fd1,reviewed_refs_competitive_blastp_context_v2
hit,L. plantarum,GCF_000731855.1,MgsR,P54503,P1266C8FDC_03063,41.284,109.0,126.0,145.0,86.5079365079365,9.31e-31,103.0,0.8174603174603174,ad8389143129f15739e5c07ff32d0f06a029c5a21752047d37cf9e9ed8991fd1,reviewed_refs_competitive_blastp_context_v2
hit,L. plantarum,GCF_000731855.1,MgsR,P54503,P1266C8FDC_01709,39.45,109.0,126.0,133.0,86.5079365079365,4.08e-29,99.4,0.788888888888889,ad8389143129f15739e5c07ff32d0f06a029c5a21752047d37cf9e9ed8991fd1,reviewed_refs_competitive_blastp_context_v2
hit,L. plantarum,GCF_000731855.1,MgsR,P54503,P1266C8FDC_00663,46.591,88.0,126.0,140.0,69.84126984126983,9.9e-26,91.3,0.7246031746031746,ad8389143129f15739e5c07ff32d0f06a029c5a21752047d37cf9e9ed8991fd1,reviewed_refs_competitive_blastp_context_v2
hit,L. plantarum,GCF_000731855.1,MgsR,P54503,P1266C8FDC_02886,39.048,105.0,126.0,134.0,83.33333333333333,1.1e-24,88.2,0.7000000000000001,ad8389143129f15739e5c07ff32d0f06a029c5a21752047d37cf9e9ed8991fd1,reviewed_refs_competitive_blastp_context_v2
hit,L. plantarum,GCF_000731855.1,OhrR,O34777,P1266C8FDC_01218,44.531,128.0,147.0,158.0,87.07482993197279,1.37e-30,104.0,0.7074829931972789,ad8389143129f15739e5c07ff32d0f06a029c5a21752047d37cf9e9ed8991fd1,reviewed_refs_competitive_blastp_context_v2
hit,L. plantarum,GCF_000731855.1,OhrR,O34777,P1266C8FDC_00706,40.299,134.0,147.0,146.0,91.15646258503402,4.84e-28,97.8,0.6653061224489796,ad8389143129f15739e5c07ff32d0f06a029c5a21752047d37cf9e9ed8991fd1,reviewed_refs_competitive_blastp_context_v2
hit,L. plantarum,GCF_000731855.1,OhrR,O34777,P1266C8FDC_01588,39.64,111.0,147.0,145.0,75.51020408163265,4.26e-23,85.1,0.5789115646258503,ad8389143129f15739e5c07ff32d0f06a029c5a21752047d37cf9e9ed8991fd1,reviewed_refs_competitive_blastp_context_v2
hit,L. plantarum,GCF_000731855.1,OhrR,O34777,P1266C8FDC_01734,31.959,97.0,147.0,155.0,65.98639455782313,5.68e-08,45.8,0.3115646258503401,ad8389143129f15739e5c07ff32d0f06a029c5a21752047d37cf9e9ed8991fd1,reviewed_refs_competitive_blastp_context_v2
hit,L. plantarum,GCF_000731855.1,Rex,O05521,P1266C8FDC_00567,59.223,206.0,215.0,225.0,95.81395348837209,2.61e-89,259.0,1.2046511627906977,ad8389143129f15739e5c07ff32d0f06a029c5a21752047d37cf9e9ed8991fd1,reviewed_refs_competitive_blastp_context_v2
status,L. plantarum,GCF_000731855.1,,,,,,,,,,,,ad8389143129f15739e5c07ff32d0f06a029c5a21752047d37cf9e9ed8991fd1,reviewed_refs_competitive_blastp_context_v2
hit,L. plantarum,GCF_000743895.1,Fur,P54574,P1D942CB8F_02385,28.873,142.0,149.0,160.0,95.30201342281879,9.76e-19,74.3,0.49865771812080534,ad8389143129f15739e5c07ff32d0f06a029c5a21752047d37cf9e9ed8991fd1,reviewed_refs_competitive_blastp_context_v2
hit,L. plantarum,GCF_000743895.1,Fur,P54574,P1D942CB8F_01594,23.841,151.0,149.0,147.0,101.34228187919463,4.14e-09,48.9,0.32818791946308723,ad8389143129f15739e5c07ff32d0f06a029c5a21752047d37cf9e9ed8991fd1,reviewed_refs_competitive_blastp_context_v2
hit,L. plantarum,GCF_000743895.1,Zur,P54479,P1D942CB8F_01594,36.364,143.0,145.0,147.0,98.62068965517241,4.48e-35,115.0,0.7931034482758621,ad8389143129f15739e5c07ff32d0f06a029c5a21752047d37cf9e9ed8991fd1,reviewed_refs_competitive_blastp_context_v2
hit,L. plantarum,GCF_000743895.1,Zur,P54479,P1D942CB8F_02385,29.851,134.0,145.0,160.0,92.41379310344827,2.7e-17,70.5,0.4862068965517241,ad8389143129f15739e5c07ff32d0f06a029c5a21752047d37cf9e9ed8991fd1,reviewed_refs_competitive_blastp_context_v2
hit,L. plantarum,GCF_000743895.1,PerR,P71086,P1D942CB8F_02385,46.528,144.0,145.0,160.0,99.3103448275862,9.53e-48,148.0,1.0206896551724138,ad8389143129f15739e5c07ff32d0f06a029c5a21752047d37cf9e9ed8991fd1,reviewed_refs_competitive_blastp_context_v2
hit,L. plantarum,GCF_000743895.1,PerR,P71086,P1D942CB8F_01594,33.099,142.0,145.0,147.0,97.93103448275862,5.57e-23,85.1,0.5868965517241379,ad8389143129f15739e5c07ff32d0f06a029c5a21752047d37cf9e9ed8991fd1,reviewed_refs_competitive_blastp_context_v2
hit,L. plantarum,GCF_000743895.1,Spx,O31602,P1D942CB8F_01425,66.412,131.0,131.0,132.0,100.0,5.99e-66,192.0,1.465648854961832,ad8389143129f15739e5c07ff32d0f06a029c5a21752047d37cf9e9ed8991fd1,reviewed_refs_competitive_blastp_context_v2
hit,L. plantarum,GCF_000743895.1,Spx,O31602,P1D942CB8F_01620,54.331,127.0,131.0,140.0,96.94656488549619,2.32e-39,125.0,0.9541984732824428,ad8389143129f15739e5c07ff32d0f06a029c5a21752047d37cf9e9ed8991fd1,reviewed_refs_competitive_blastp_context_v2
hit,L. plantarum,GCF_000743895.1,Spx,O31602,P1D942CB8F_01950,46.825,126.0,131.0,134.0,96.18320610687023,4.26e-39,125.0,0.9541984732824428,ad8389143129f15739e5c07ff32d0f06a029c5a21752047d37cf9e9ed8991fd1,reviewed_refs_competitive_blastp_context_v2
hit,L. plantarum,GCF_000743895.1,Spx,O31602,P1D942CB8F_00967,47.154,123.0,131.0,145.0,93.89312977099236,1.15e-38,124.0,0.9465648854961832,ad8389143129f15739e5c07ff32d0f06a029c5a21752047d37cf9e9ed8991fd1,reviewed_refs_competitive_blastp_context_v2
hit,L. plantarum,GCF_000743895.1,Spx,O31602,P1D942CB8F_00170,42.857,126.0,131.0,133.0,96.18320610687023,2.37e-37,120.0,0.916030534351145,ad8389143129f15739e5c07ff32d0f06a029c5a21752047d37cf9e9ed8991fd1,reviewed_refs_competitive_blastp_context_v2
hit,L. plantarum,GCF_000743895.1,Spx,O31602,P1D942CB8F_00808,30.137,73.0,131.0,76.0,55.725190839694655,1.18e-06,40.4,0.3083969465648855,ad8389143129f15739e5c07ff32d0f06a029c5a21752047d37cf9e9ed8991fd1,reviewed_refs_competitive_blastp_context_v2
hit,L. plantarum,GCF_000743895.1,MgsR,P54503,P1D942CB8F_01425,46.789,109.0,126.0,132.0,86.5079365079365,3.49e-37,120.0,0.9523809523809523,ad8389143129f15739e5c07ff32d0f06a029c5a21752047d37cf9e9ed8991fd1,reviewed_refs_competitive_blastp_context_v2
hit,L. plantarum,GCF_000743895.1,MgsR,P54503,P1D942CB8F_00967,41.284,109.0,126.0,145.0,86.5079365079365,8.94e-31,103.0,0.8174603174603174,ad8389143129f15739e5c07ff32d0f06a029c5a21752047d37cf9e9ed8991fd1,reviewed_refs_competitive_blastp_context_v2
hit,L. plantarum,GCF_000743895.1,MgsR,P54503,P1D942CB8F_00170,39.45,109.0,126.0,133.0,86.5079365079365,3.92e-29,99.4,0.788888888888889,ad8389143129f15739e5c07ff32d0f06a029c5a21752047d37cf9e9ed8991fd1,reviewed_refs_competitive_blastp_context_v2
hit,L. plantarum,GCF_000743895.1,MgsR,P54503,P1D942CB8F_01620,46.591,88.0,126.0,140.0,69.84126984126983,9.5e-26,91.3,0.7246031746031746,ad8389143129f15739e5c07ff32d0f06a029c5a21752047d37cf9e9ed8991fd1,reviewed_refs_competitive_blastp_context_v2
hit,L. plantarum,GCF_000743895.1,MgsR,P54503,P1D942CB8F_01950,39.048,105.0,126.0,134.0,83.33333333333333,1.06e-24,88.2,0.7000000000000001,ad8389143129f15739e5c07ff32d0f06a029c5a21752047d37cf9e9ed8991fd1,reviewed_refs_competitive_blastp_context_v2
hit,L. plantarum,GCF_000743895.1,OhrR,O34777,P1D942CB8F_00067,44.531,128.0,147.0,158.0,87.07482993197279,1.32e-30,104.0,0.7074829931972789,ad8389143129f15739e5c07ff32d0f06a029c5a21752047d37cf9e9ed8991fd1,reviewed_refs_competitive_blastp_context_v2
hit,L. plantarum,GCF_000743895.1,OhrR,O34777,P1D942CB8F_01576,40.299,134.0,147.0,146.0,91.15646258503402,3.43e-28,98.2,0.6680272108843538,ad8389143129f15739e5c07ff32d0f06a029c5a21752047d37cf9e9ed8991fd1,reviewed_refs_competitive_blastp_context_v2
hit,L. plantarum,GCF_000743895.1,OhrR,O34777,P1D942CB8F_02641,39.64,111.0,147.0,145.0,75.51020408163265,4.09e-23,85.1,0.5789115646258503,ad8389143129f15739e5c07ff32d0f06a029c5a21752047d37cf9e9ed8991fd1,reviewed_refs_competitive_blastp_context_v2
hit,L. plantarum,GCF_000743895.1,OhrR,O34777,P1D942CB8F_00195,30.928,97.0,147.0,145.0,65.98639455782313,1.31e-07,44.7,0.30408163265306126,ad8389143129f15739e5c07ff32d0f06a029c5a21752047d37cf9e9ed8991fd1,reviewed_refs_competitive_blastp_context_v2
hit,L. plantarum,GCF_000743895.1,Rex,O05521,P1D942CB8F_01183,59.223,206.0,215.0,225.0,95.81395348837209,2.5e-89,259.0,1.2046511627906977,ad8389143129f15739e5c07ff32d0f06a029c5a21752047d37cf9e9ed8991fd1,reviewed_refs_competitive_blastp_context_v2
status,L. plantarum,GCF_000743895.1,,,,,,,,,,,,ad8389143129f15739e5c07ff32d0f06a029c5a21752047d37cf9e9ed8991fd1,reviewed_refs_competitive_blastp_context_v2
hit,L. plantarum,GCF_000764285.1,Fur,P54574,P1535EE49F_00610,28.873,142.0,149.0,160.0,95.30201342281879,1.01e-18,74.3,0.49865771812080534,ad8389143129f15739e5c07ff32d0f06a029c5a21752047d37cf9e9ed8991fd1,reviewed_refs_competitive_blastp_context_v2
hit,L. plantarum,GCF_000764285.1,Fur,P54574,P1535EE49F_02686,23.841,151.0,149.0,147.0,101.34228187919463,4.29e-09,48.9,0.32818791946308723,ad8389143129f15739e5c07ff32d0f06a029c5a21752047d37cf9e9ed8991fd1,reviewed_refs_competitive_blastp_context_v2
hit,L. plantarum,GCF_000764285.1,Zur,P54479,P1535EE49F_02686,36.364,143.0,145.0,147.0,98.62068965517241,4.65e-35,115.0,0.7931034482758621,ad8389143129f15739e5c07ff32d0f06a029c5a21752047d37cf9e9ed8991fd1,reviewed_refs_competitive_blastp_context_v2
hit,L. plantarum,GCF_000764285.1,Zur,P54479,P1535EE49F_00610,29.851,134.0,145.0,160.0,92.41379310344827,2.81e-17,70.5,0.4862068965517241,ad8389143129f15739e5c07ff32d0f06a029c5a21752047d37cf9e9ed8991fd1,reviewed_refs_competitive_blastp_context_v2
hit,L. plantarum,GCF_000764285.1,PerR,P71086,P1535EE49F_00610,46.528,144.0,145.0,160.0,99.3103448275862,9.89e-48,148.0,1.0206896551724138,ad8389143129f15739e5c07ff32d0f06a029c5a21752047d37cf9e9ed8991fd1,reviewed_refs_competitive_blastp_context_v2
hit,L. plantarum,GCF_000764285.1,PerR,P71086,P1535EE49F_02686,33.099,142.0,145.0,147.0,97.93103448275862,5.78e-23,85.1,0.5868965517241379,ad8389143129f15739e5c07ff32d0f06a029c5a21752047d37cf9e9ed8991fd1,reviewed_refs_competitive_blastp_context_v2
hit,L. plantarum,GCF_000764285.1,Spx,O31602,P1535EE49F_01485,67.176,131.0,131.0,132.0,100.0,1.73e-66,194.0,1.4809160305343512,ad8389143129f15739e5c07ff32d0f06a029c5a21752047d37cf9e9ed8991fd1,reviewed_refs_competitive_blastp_context_v2
hit,L. plantarum,GCF_000764285.1,Spx,O31602,P1535EE49F_00530,47.619,126.0,131.0,134.0,96.18320610687023,1.26e-39,126.0,0.9618320610687023,ad8389143129f15739e5c07ff32d0f06a029c5a21752047d37cf9e9ed8991fd1,reviewed_refs_competitive_blastp_context_v2
hit,L. plantarum,GCF_000764285.1,Spx,O31602,P1535EE49F_02713,54.331,127.0,131.0,140.0,96.94656488549619,2.41e-39,125.0,0.9541984732824428,ad8389143129f15739e5c07ff32d0f06a029c5a21752047d37cf9e9ed8991fd1,reviewed_refs_competitive_blastp_context_v2
hit,L. plantarum,GCF_000764285.1,Spx,O31602,P1535EE49F_00352,47.154,123.0,131.0,145.0,93.89312977099236,1.26e-38,124.0,0.9465648854961832,ad8389143129f15739e5c07ff32d0f06a029c5a21752047d37cf9e9ed8991fd1,reviewed_refs_competitive_blastp_context_v2
hit,L. plantarum,GCF_000764285.1,Spx,O31602,P1535EE49F_01784,42.063,126.0,131.0,133.0,96.18320610687023,1.96e-35,115.0,0.8778625954198473,ad8389143129f15739e5c07ff32d0f06a029c5a21752047d37cf9e9ed8991fd1,reviewed_refs_competitive_blastp_context_v2
hit,L. plantarum,GCF_000764285.1,Spx,O31602,P1535EE49F_02840,30.137,73.0,131.0,76.0,55.725190839694655,1.23e-06,40.4,0.3083969465648855,ad8389143129f15739e5c07ff32d0f06a029c5a21752047d37cf9e9ed8991fd1,reviewed_refs_competitive_blastp_context_v2
hit,L. plantarum,GCF_000764285.1,MgsR,P54503,P1535EE49F_01485,44.828,116.0,126.0,132.0,92.06349206349206,1.48e-37,120.0,0.9523809523809523,ad8389143129f15739e5c07ff32d0f06a029c5a21752047d37cf9e9ed8991fd1,reviewed_refs_competitive_blastp_context_v2
hit,L. plantarum,GCF_000764285.1,MgsR,P54503,P1535EE49F_00352,41.284,109.0,126.0,145.0,86.5079365079365,1.06e-30,103.0,0.8174603174603174,ad8389143129f15739e5c07ff32d0f06a029c5a21752047d37cf9e9ed8991fd1,reviewed_refs_competitive_blastp_context_v2
hit,L. plantarum,GCF_000764285.1,MgsR,P54503,P1535EE49F_01784,38.532,109.0,126.0,133.0,86.5079365079365,3.47e-27,94.7,0.7515873015873016,ad8389143129f15739e5c07ff32d0f06a029c5a21752047d37cf9e9ed8991fd1,reviewed_refs_competitive_blastp_context_v2
hit,L. plantarum,GCF_000764285.1,MgsR,P54503,P1535EE49F_02713,46.591,88.0,126.0,140.0,69.84126984126983,9.86e-26,91.3,0.7246031746031746,ad8389143129f15739e5c07ff32d0f06a029c5a21752047d37cf9e9ed8991fd1,reviewed_refs_competitive_blastp_context_v2
hit,L. plantarum,GCF_000764285.1,MgsR,P54503,P1535EE49F_00530,39.048,105.0,126.0,134.0,83.33333333333333,1.3e-24,88.2,0.7000000000000001,ad8389143129f15739e5c07ff32d0f06a029c5a21752047d37cf9e9ed8991fd1,reviewed_refs_competitive_blastp_context_v2
hit,L. plantarum,GCF_000764285.1,OhrR,O34777,P1535EE49F_02242,44.531,128.0,147.0,158.0,87.07482993197279,1.37e-30,104.0,0.7074829931972789,ad8389143129f15739e5c07ff32d0f06a029c5a21752047d37cf9e9ed8991fd1,reviewed_refs_competitive_blastp_context_v2
hit,L. plantarum,GCF_000764285.1,OhrR,O34777,P1535EE49F_02669,40.299,134.0,147.0,146.0,91.15646258503402,4.82e-28,97.8,0.6653061224489796,ad8389143129f15739e5c07ff32d0f06a029c5a21752047d37cf9e9ed8991fd1,reviewed_refs_competitive_blastp_context_v2
hit,L. plantarum,GCF_000764285.1,OhrR,O34777,P1535EE49F_01868,39.64,111.0,147.0,145.0,75.51020408163265,4.24e-23,85.1,0.5789115646258503,ad8389143129f15739e5c07ff32d0f06a029c5a21752047d37cf9e9ed8991fd1,reviewed_refs_competitive_blastp_context_v2
hit,L. plantarum,GCF_000764285.1,OhrR,O34777,P1535EE49F_01764,30.928,97.0,147.0,145.0,65.98639455782313,1.36e-07,44.7,0.30408163265306126,ad8389143129f15739e5c07ff32d0f06a029c5a21752047d37cf9e9ed8991fd1,reviewed_refs_competitive_blastp_context_v2
hit,L. plantarum,GCF_000764285.1,Rex,O05521,P1535EE49F_02815,59.223,206.0,215.0,225.0,95.81395348837209,2.6e-89,259.0,1.2046511627906977,ad8389143129f15739e5c07ff32d0f06a029c5a21752047d37cf9e9ed8991fd1,reviewed_refs_competitive_blastp_context_v2
status,L. plantarum,GCF_000764285.1,,,,,,,,,,,,ad8389143129f15739e5c07ff32d0f06a029c5a21752047d37cf9e9ed8991fd1,reviewed_refs_competitive_blastp_context_v2
hit,L. plantarum,GCF_000931425.2,Fur,P54574,P19BA36D0B_02783,28.873,142.0,149.0,160.0,95.30201342281879,1.02e-18,74.3,0.49865771812080534,ad8389143129f15739e5c07ff32d0f06a029c5a21752047d37cf9e9ed8991fd1,reviewed_refs_competitive_blastp_context_v2
hit,L. plantarum,GCF_000931425.2,Fur,P54574,P19BA36D0B_00719,23.841,151.0,149.0,147.0,101.34228187919463,4.32e-09,48.9,0.32818791946308723,ad8389143129f15739e5c07ff32d0f06a029c5a21752047d37cf9e9ed8991fd1,reviewed_refs_competitive_blastp_context_v2
hit,L. plantarum,GCF_000931425.2,Zur,P54479,P19BA36D0B_00719,36.364,143.0,145.0,147.0,98.62068965517241,4.68e-35,115.0,0.7931034482758621,ad8389143129f15739e5c07ff32d0f06a029c5a21752047d37cf9e9ed8991fd1,reviewed_refs_competitive_blastp_context_v2
hit,L. plantarum,GCF_000931425.2,Zur,P54479,P19BA36D0B_02783,29.851,134.0,145.0,160.0,92.41379310344827,2.82e-17,70.5,0.4862068965517241,ad8389143129f15739e5c07ff32d0f06a029c5a21752047d37cf9e9ed8991fd1,reviewed_refs_competitive_blastp_context_v2
hit,L. plantarum,GCF_000931425.2,PerR,P71086,P19BA36D0B_02783,46.528,144.0,145.0,160.0,99.3103448275862,9.95e-48,148.0,1.0206896551724138,ad8389143129f15739e5c07ff32d0f06a029c5a21752047d37cf9e9ed8991fd1,reviewed_refs_competitive_blastp_context_v2
hit,L. plantarum,GCF_000931425.2,PerR,P71086,P19BA36D0B_00719,33.099,142.0,145.0,147.0,97.93103448275862,5.82e-23,85.1,0.5868965517241379,ad8389143129f15739e5c07ff32d0f06a029c5a21752047d37cf9e9ed8991fd1,reviewed_refs_competitive_blastp_context_v2
hit,L. plantarum,GCF_000931425.2,Spx,O31602,P19BA36D0B_01927,67.176,131.0,131.0,132.0,100.0,1.74e-66,194.0,1.4809160305343512,ad8389143129f15739e5c07ff32d0f06a029c5a21752047d37cf9e9ed8991fd1,reviewed_refs_competitive_blastp_context_v2
hit,L. plantarum,GCF_000931425.2,Spx,O31602,P19BA36D0B_00693,54.331,127.0,131.0,140.0,96.94656488549619,2.42e-39,125.0,0.9541984732824428,ad8389143129f15739e5c07ff32d0f06a029c5a21752047d37cf9e9ed8991fd1,reviewed_refs_competitive_blastp_context_v2
hit,L. plantarum,GCF_000931425.2,Spx,O31602,P19BA36D0B_02857,46.825,126.0,131.0,134.0,96.18320610687023,4.45e-39,125.0,0.9541984732824428,ad8389143129f15739e5c07ff32d0f06a029c5a21752047d37cf9e9ed8991fd1,reviewed_refs_competitive_blastp_context_v2
hit,L. plantarum,GCF_000931425.2,Spx,O31602,P19BA36D0B_03037,47.154,123.0,131.0,145.0,93.89312977099236,1.2e-38,124.0,0.9465648854961832,ad8389143129f15739e5c07ff32d0f06a029c5a21752047d37cf9e9ed8991fd1,reviewed_refs_competitive_blastp_context_v2
hit,L. plantarum,GCF_000931425.2,Spx,O31602,P19BA36D0B_01629,42.857,126.0,131.0,133.0,96.18320610687023,2.48e-37,120.0,0.916030534351145,ad8389143129f15739e5c07ff32d0f06a029c5a21752047d37cf9e9ed8991fd1,reviewed_refs_competitive_blastp_context_v2
hit,L. plantarum,GCF_000931425.2,Spx,O31602,P19BA36D0B_00564,30.137,73.0,131.0,76.0,55.725190839694655,1.23e-06,40.4,0.3083969465648855,ad8389143129f15739e5c07ff32d0f06a029c5a21752047d37cf9e9ed8991fd1,reviewed_refs_competitive_blastp_context_v2
hit,L. plantarum,GCF_000931425.2,MgsR,P54503,P19BA36D0B_01927,44.828,116.0,126.0,132.0,92.06349206349206,1.49e-37,120.0,0.9523809523809523,ad8389143129f15739e5c07ff32d0f06a029c5a21752047d37cf9e9ed8991fd1,reviewed_refs_competitive_blastp_context_v2
hit,L. plantarum,GCF_000931425.2,MgsR,P54503,P19BA36D0B_03037,41.284,109.0,126.0,145.0,86.5079365079365,9.34e-31,103.0,0.8174603174603174,ad8389143129f15739e5c07ff32d0f06a029c5a21752047d37cf9e9ed8991fd1,reviewed_refs_competitive_blastp_context_v2
hit,L. plantarum,GCF_000931425.2,MgsR,P54503,P19BA36D0B_01629,39.45,109.0,126.0,133.0,86.5079365079365,4.09e-29,99.4,0.788888888888889,ad8389143129f15739e5c07ff32d0f06a029c5a21752047d37cf9e9ed8991fd1,reviewed_refs_competitive_blastp_context_v2
hit,L. plantarum,GCF_000931425.2,MgsR,P54503,P19BA36D0B_00693,46.591,88.0,126.0,140.0,69.84126984126983,9.93e-26,91.3,0.7246031746031746,ad8389143129f15739e5c07ff32d0f06a029c5a21752047d37cf9e9ed8991fd1,reviewed_refs_competitive_blastp_context_v2
hit,L. plantarum,GCF_000931425.2,MgsR,P54503,P19BA36D0B_02857,39.048,105.0,126.0,134.0,83.33333333333333,1.11e-24,88.2,0.7000000000000001,ad8389143129f15739e5c07ff32d0f06a029c5a21752047d37cf9e9ed8991fd1,reviewed_refs_competitive_blastp_context_v2
hit,L. plantarum,GCF_000931425.2,OhrR,O34777,P19BA36D0B_01150,44.531,128.0,147.0,158.0,87.07482993197279,1.38e-30,104.0,0.7074829931972789,ad8389143129f15739e5c07ff32d0f06a029c5a21752047d37cf9e9ed8991fd1,reviewed_refs_competitive_blastp_context_v2
hit,L. plantarum,GCF_000931425.2,OhrR,O34777,P19BA36D0B_00736,40.299,134.0,147.0,146.0,91.15646258503402,4.85e-28,97.8,0.6653061224489796,ad8389143129f15739e5c07ff32d0f06a029c5a21752047d37cf9e9ed8991fd1,reviewed_refs_competitive_blastp_context_v2
hit,L. plantarum,GCF_000931425.2,OhrR,O34777,P19BA36D0B_01545,39.64,111.0,147.0,145.0,75.51020408163265,4.56e-23,85.1,0.5789115646258503,ad8389143129f15739e5c07ff32d0f06a029c5a21752047d37cf9e9ed8991fd1,reviewed_refs_competitive_blastp_context_v2
hit,L. plantarum,GCF_000931425.2,OhrR,O34777,P19BA36D0B_01654,30.928,97.0,147.0,145.0,65.98639455782313,1.37e-07,44.7,0.30408163265306126,ad8389143129f15739e5c07ff32d0f06a029c5a21752047d37cf9e9ed8991fd1,reviewed_refs_competitive_blastp_context_v2
hit,L. plantarum,GCF_000931425.2,Rex,O05521,P19BA36D0B_00589,59.223,206.0,215.0,225.0,95.81395348837209,2.61e-89,259.0,1.2046511627906977,ad8389143129f15739e5c07ff32d0f06a029c5a21752047d37cf9e9ed8991fd1,reviewed_refs_competitive_blastp_context_v2
status,L. plantarum,GCF_000931425.2,,,,,,,,,,,,ad8389143129f15739e5c07ff32d0f06a029c5a21752047d37cf9e9ed8991fd1,reviewed_refs_competitive_blastp_context_v2
hit,L. plantarum,GCF_000956195.1,Fur,P54574,P1898CB58A_01948,28.873,142.0,149.0,160.0,95.30201342281879,9.79e-19,74.3,0.49865771812080534,ad8389143129f15739e5c07ff32d0f06a029c5a21752047d37cf9e9ed8991fd1,reviewed_refs_competitive_blastp_context_v2
hit,L. plantarum,GCF_000956195.1,Fur,P54574,P1898CB58A_00245,23.841,151.0,149.0,147.0,101.34228187919463,4.15e-09,48.9,0.32818791946308723,ad8389143129f15739e5c07ff32d0f06a029c5a21752047d37cf9e9ed8991fd1,reviewed_refs_competitive_blastp_context_v2
hit,L. plantarum,GCF_000956195.1,Zur,P54479,P1898CB58A_00245,36.364,143.0,145.0,147.0,98.62068965517241,4.49e-35,115.0,0.7931034482758621,ad8389143129f15739e5c07ff32d0f06a029c5a21752047d37cf9e9ed8991fd1,reviewed_refs_competitive_blastp_context_v2
hit,L. plantarum,GCF_000956195.1,Zur,P54479,P1898CB58A_01948,29.851,134.0,145.0,160.0,92.41379310344827,2.71e-17,70.5,0.4862068965517241,ad8389143129f15739e5c07ff32d0f06a029c5a21752047d37cf9e9ed8991fd1,reviewed_refs_competitive_blastp_context_v2
hit,L. plantarum,GCF_000956195.1,PerR,P71086,P1898CB58A_01948,46.528,144.0,145.0,160.0,99.3103448275862,9.55e-48,148.0,1.0206896551724138,ad8389143129f15739e5c07ff32d0f06a029c5a21752047d37cf9e9ed8991fd1,reviewed_refs_competitive_blastp_context_v2
hit,L. plantarum,GCF_000956195.1,PerR,P71086,P1898CB58A_00245,33.099,142.0,145.0,147.0,97.93103448275862,5.59e-23,85.1,0.5868965517241379,ad8389143129f15739e5c07ff32d0f06a029c5a21752047d37cf9e9ed8991fd1,reviewed_refs_competitive_blastp_context_v2
hit,L. plantarum,GCF_000956195.1,Spx,O31602,P1898CB58A_00406,67.176,131.0,131.0,132.0,100.0,1.67e-66,194.0,1.4809160305343512,ad8389143129f15739e5c07ff32d0f06a029c5a21752047d37cf9e9ed8991fd1,reviewed_refs_competitive_blastp_context_v2
hit,L. plantarum,GCF_000956195.1,Spx,O31602,P1898CB58A_00273,54.331,127.0,131.0,140.0,96.94656488549619,2.33e-39,125.0,0.9541984732824428,ad8389143129f15739e5c07ff32d0f06a029c5a21752047d37cf9e9ed8991fd1,reviewed_refs_competitive_blastp_context_v2
hit,L. plantarum,GCF_000956195.1,Spx,O31602,P1898CB58A_01253,46.825,126.0,131.0,134.0,96.18320610687023,4.27e-39,125.0,0.9541984732824428,ad8389143129f15739e5c07ff32d0f06a029c5a21752047d37cf9e9ed8991fd1,reviewed_refs_competitive_blastp_context_v2
hit,L. plantarum,GCF_000956195.1,Spx,O31602,P1898CB58A_02599,47.154,123.0,131.0,145.0,93.89312977099236,1.15e-38,124.0,0.9465648854961832,ad8389143129f15739e5c07ff32d0f06a029c5a21752047d37cf9e9ed8991fd1,reviewed_refs_competitive_blastp_context_v2
hit,L. plantarum,GCF_000956195.1,Spx,O31602,P1898CB58A_01081,42.857,126.0,131.0,133.0,96.18320610687023,2.38e-37,120.0,0.916030534351145,ad8389143129f15739e5c07ff32d0f06a029c5a21752047d37cf9e9ed8991fd1,reviewed_refs_competitive_blastp_context_v2
hit,L. plantarum,GCF_000956195.1,Spx,O31602,P1898CB58A_01689,30.137,73.0,131.0,76.0,55.725190839694655,1.18e-06,40.4,0.3083969465648855,ad8389143129f15739e5c07ff32d0f06a029c5a21752047d37cf9e9ed8991fd1,reviewed_refs_competitive_blastp_context_v2
hit,L. plantarum,GCF_000956195.1,MgsR,P54503,P1898CB58A_00406,44.828,116.0,126.0,132.0,92.06349206349206,1.43e-37,120.0,0.9523809523809523,ad8389143129f15739e5c07ff32d0f06a029c5a21752047d37cf9e9ed8991fd1,reviewed_refs_competitive_blastp_context_v2
hit,L. plantarum,GCF_000956195.1,MgsR,P54503,P1898CB58A_02599,41.284,109.0,126.0,145.0,86.5079365079365,8.96e-31,103.0,0.8174603174603174,ad8389143129f15739e5c07ff32d0f06a029c5a21752047d37cf9e9ed8991fd1,reviewed_refs_competitive_blastp_context_v2
hit,L. plantarum,GCF_000956195.1,MgsR,P54503,P1898CB58A_01081,39.45,109.0,126.0,133.0,86.5079365079365,3.93e-29,99.4,0.788888888888889,ad8389143129f15739e5c07ff32d0f06a029c5a21752047d37cf9e9ed8991fd1,reviewed_refs_competitive_blastp_context_v2
hit,L. plantarum,GCF_000956195.1,MgsR,P54503,P1898CB58A_00273,46.591,88.0,126.0,140.0,69.84126984126983,9.53e-26,91.3,0.7246031746031746,ad8389143129f15739e5c07ff32d0f06a029c5a21752047d37cf9e9ed8991fd1,reviewed_refs_competitive_blastp_context_v2
hit,L. plantarum,GCF_000956195.1,MgsR,P54503,P1898CB58A_01253,39.048,105.0,126.0,134.0,83.33333333333333,1.06e-24,88.2,0.7000000000000001,ad8389143129f15739e5c07ff32d0f06a029c5a21752047d37cf9e9ed8991fd1,reviewed_refs_competitive_blastp_context_v2
hit,L. plantarum,GCF_000956195.1,OhrR,O34777,P1898CB58A_03023,44.531,128.0,147.0,158.0,87.07482993197279,1.32e-30,104.0,0.7074829931972789,ad8389143129f15739e5c07ff32d0f06a029c5a21752047d37cf9e9ed8991fd1,reviewed_refs_competitive_blastp_context_v2
hit,L. plantarum,GCF_000956195.1,OhrR,O34777,P1898CB58A_00228,40.299,134.0,147.0,146.0,91.15646258503402,3.44e-28,98.2,0.6680272108843538,ad8389143129f15739e5c07ff32d0f06a029c5a21752047d37cf9e9ed8991fd1,reviewed_refs_competitive_blastp_context_v2
hit,L. plantarum,GCF_000956195.1,OhrR,O34777,P1898CB58A_03078,41.441,111.0,147.0,145.0,75.51020408163265,7.41e-25,89.7,0.610204081632653,ad8389143129f15739e5c07ff32d0f06a029c5a21752047d37cf9e9ed8991fd1,reviewed_refs_competitive_blastp_context_v2
hit,L. plantarum,GCF_000956195.1,OhrR,O34777,P1898CB58A_00922,31.959,97.0,147.0,155.0,65.98639455782313,5.47e-08,45.8,0.3115646258503401,ad8389143129f15739e5c07ff32d0f06a029c5a21752047d37cf9e9ed8991fd1,reviewed_refs_competitive_blastp_context_v2
hit,L. plantarum,GCF_000956195.1,Rex,O05521,P1898CB58A_01635,59.223,206.0,215.0,225.0,95.81395348837209,2.51e-89,259.0,1.2046511627906977,ad8389143129f15739e5c07ff32d0f06a029c5a21752047d37cf9e9ed8991fd1,reviewed_refs_competitive_blastp_context_v2
status,L. plantarum,GCF_000956195.1,,,,,,,,,,,,ad8389143129f15739e5c07ff32d0f06a029c5a21752047d37cf9e9ed8991fd1,reviewed_refs_competitive_blastp_context_v2
hit,L. plantarum,GCF_000966475.1,Fur,P54574,P13DBB3E6B_02695,28.873,142.0,149.0,160.0,95.30201342281879,1.02e-18,74.3,0.49865771812080534,ad8389143129f15739e5c07ff32d0f06a029c5a21752047d37cf9e9ed8991fd1,reviewed_refs_competitive_blastp_context_v2
hit,L. plantarum,GCF_000966475.1,Fur,P54574,P13DBB3E6B_00674,23.841,151.0,149.0,147.0,101.34228187919463,4.31e-09,48.9,0.32818791946308723,ad8389143129f15739e5c07ff32d0f06a029c5a21752047d37cf9e9ed8991fd1,reviewed_refs_competitive_blastp_context_v2
hit,L. plantarum,GCF_000966475.1,Zur,P54479,P13DBB3E6B_00674,36.364,143.0,145.0,147.0,98.62068965517241,4.66e-35,115.0,0.7931034482758621,ad8389143129f15739e5c07ff32d0f06a029c5a21752047d37cf9e9ed8991fd1,reviewed_refs_competitive_blastp_context_v2
hit,L. plantarum,GCF_000966475.1,Zur,P54479,P13DBB3E6B_02695,29.851,134.0,145.0,160.0,92.41379310344827,2.82e-17,70.5,0.4862068965517241,ad8389143129f15739e5c07ff32d0f06a029c5a21752047d37cf9e9ed8991fd1,reviewed_refs_competitive_blastp_context_v2
hit,L. plantarum,GCF_000966475.1,PerR,P71086,P13DBB3E6B_02695,46.528,144.0,145.0,160.0,99.3103448275862,9.92e-48,148.0,1.0206896551724138,ad8389143129f15739e5c07ff32d0f06a029c5a21752047d37cf9e9ed8991fd1,reviewed_refs_competitive_blastp_context_v2
hit,L. plantarum,GCF_000966475.1,PerR,P71086,P13DBB3E6B_00674,33.099,142.0,145.0,147.0,97.93103448275862,5.8e-23,85.1,0.5868965517241379,ad8389143129f15739e5c07ff32d0f06a029c5a21752047d37cf9e9ed8991fd1,reviewed_refs_competitive_blastp_context_v2
hit,L. plantarum,GCF_000966475.1,Spx,O31602,P13DBB3E6B_01873,67.176,131.0,131.0,132.0,100.0,1.73e-66,194.0,1.4809160305343512,ad8389143129f15739e5c07ff32d0f06a029c5a21752047d37cf9e9ed8991fd1,reviewed_refs_competitive_blastp_context_v2
hit,L. plantarum,GCF_000966475.1,Spx,O31602,P13DBB3E6B_00648,54.331,127.0,131.0,140.0,96.94656488549619,2.41e-39,125.0,0.9541984732824428,ad8389143129f15739e5c07ff32d0f06a029c5a21752047d37cf9e9ed8991fd1,reviewed_refs_competitive_blastp_context_v2
hit,L. plantarum,GCF_000966475.1,Spx,O31602,P13DBB3E6B_02775,46.825,126.0,131.0,134.0,96.18320610687023,4.44e-39,125.0,0.9541984732824428,ad8389143129f15739e5c07ff32d0f06a029c5a21752047d37cf9e9ed8991fd1,reviewed_refs_competitive_blastp_context_v2
hit,L. plantarum,GCF_000966475.1,Spx,O31602,P13DBB3E6B_02980,47.154,123.0,131.0,145.0,93.89312977099236,1.19e-38,124.0,0.9465648854961832,ad8389143129f15739e5c07ff32d0f06a029c5a21752047d37cf9e9ed8991fd1,reviewed_refs_competitive_blastp_context_v2
hit,L. plantarum,GCF_000966475.1,Spx,O31602,P13DBB3E6B_01617,42.857,126.0,131.0,133.0,96.18320610687023,2.47e-37,120.0,0.916030534351145,ad8389143129f15739e5c07ff32d0f06a029c5a21752047d37cf9e9ed8991fd1,reviewed_refs_competitive_blastp_context_v2
hit,L. plantarum,GCF_000966475.1,Spx,O31602,P13DBB3E6B_00525,30.137,73.0,131.0,76.0,55.725190839694655,1.23e-06,40.4,0.3083969465648855,ad8389143129f15739e5c07ff32d0f06a029c5a21752047d37cf9e9ed8991fd1,reviewed_refs_competitive_blastp_context_v2
hit,L. plantarum,GCF_000966475.1,MgsR,P54503,P13DBB3E6B_01873,44.828,116.0,126.0,132.0,92.06349206349206,1.48e-37,120.0,0.9523809523809523,ad8389143129f15739e5c07ff32d0f06a029c5a21752047d37cf9e9ed8991fd1,reviewed_refs_competitive_blastp_context_v2
hit,L. plantarum,GCF_000966475.1,MgsR,P54503,P13DBB3E6B_02980,41.284,109.0,126.0,145.0,86.5079365079365,9.31e-31,103.0,0.8174603174603174,ad8389143129f15739e5c07ff32d0f06a029c5a21752047d37cf9e9ed8991fd1,reviewed_refs_competitive_blastp_context_v2
hit,L. plantarum,GCF_000966475.1,MgsR,P54503,P13DBB3E6B_01617,39.45,109.0,126.0,133.0,86.5079365079365,4.08e-29,99.4,0.788888888888889,ad8389143129f15739e5c07ff32d0f06a029c5a21752047d37cf9e9ed8991fd1,reviewed_refs_competitive_blastp_context_v2
hit,L. plantarum,GCF_000966475.1,MgsR,P54503,P13DBB3E6B_00648,46.591,88.0,126.0,140.0,69.84126984126983,9.89e-26,91.3,0.7246031746031746,ad8389143129f15739e5c07ff32d0f06a029c5a21752047d37cf9e9ed8991fd1,reviewed_refs_competitive_blastp_context_v2
hit,L. plantarum,GCF_000966475.1,MgsR,P54503,P13DBB3E6B_02775,39.048,105.0,126.0,134.0,83.33333333333333,1.1e-24,88.2,0.7000000000000001,ad8389143129f15739e5c07ff32d0f06a029c5a21752047d37cf9e9ed8991fd1,reviewed_refs_competitive_blastp_context_v2
hit,L. plantarum,GCF_000966475.1,OhrR,O34777,P13DBB3E6B_01104,44.531,128.0,147.0,158.0,87.07482993197279,5.56e-30,103.0,0.7006802721088435,ad8389143129f15739e5c07ff32d0f06a029c5a21752047d37cf9e9ed8991fd1,reviewed_refs_competitive_blastp_context_v2
hit,L. plantarum,GCF_000966475.1,OhrR,O34777,P13DBB3E6B_00692,40.299,134.0,147.0,146.0,91.15646258503402,3.17e-28,98.6,0.6707482993197279,ad8389143129f15739e5c07ff32d0f06a029c5a21752047d37cf9e9ed8991fd1,reviewed_refs_competitive_blastp_context_v2
hit,L. plantarum,GCF_000966475.1,OhrR,O34777,P13DBB3E6B_01532,39.64,111.0,147.0,145.0,75.51020408163265,4.26e-23,85.1,0.5789115646258503,ad8389143129f15739e5c07ff32d0f06a029c5a21752047d37cf9e9ed8991fd1,reviewed_refs_competitive_blastp_context_v2
hit,L. plantarum,GCF_000966475.1,OhrR,O34777,P13DBB3E6B_01637,30.928,97.0,147.0,145.0,65.98639455782313,1.36e-07,44.7,0.30408163265306126,ad8389143129f15739e5c07ff32d0f06a029c5a21752047d37cf9e9ed8991fd1,reviewed_refs_competitive_blastp_context_v2
hit,L. plantarum,GCF_000966475.1,Rex,O05521,P13DBB3E6B_00551,59.223,206.0,215.0,225.0,95.81395348837209,2.61e-89,259.0,1.2046511627906977,ad8389143129f15739e5c07ff32d0f06a029c5a21752047d37cf9e9ed8991fd1,reviewed_refs_competitive_blastp_context_v2
status,L. plantarum,GCF_000966475.1,,,,,,,,,,,,ad8389143129f15739e5c07ff32d0f06a029c5a21752047d37cf9e9ed8991fd1,reviewed_refs_competitive_blastp_context_v2
hit,L. plantarum,GCF_001005695.1,Fur,P54574,P1BD76F95C_02099,28.873,142.0,149.0,160.0,95.30201342281879,1.15e-18,74.3,0.49865771812080534,ad8389143129f15739e5c07ff32d0f06a029c5a21752047d37cf9e9ed8991fd1,reviewed_refs_competitive_blastp_context_v2
hit,L. plantarum,GCF_001005695.1,Fur,P54574,P1BD76F95C_02411,23.841,151.0,149.0,147.0,101.34228187919463,3.94e-09,48.9,0.32818791946308723,ad8389143129f15739e5c07ff32d0f06a029c5a21752047d37cf9e9ed8991fd1,reviewed_refs_competitive_blastp_context_v2
hit,L. plantarum,GCF_001005695.1,Zur,P54479,P1BD76F95C_02411,36.364,143.0,145.0,147.0,98.62068965517241,4.26e-35,115.0,0.7931034482758621,ad8389143129f15739e5c07ff32d0f06a029c5a21752047d37cf9e9ed8991fd1,reviewed_refs_competitive_blastp_context_v2
hit,L. plantarum,GCF_001005695.1,Zur,P54479,P1BD76F95C_02099,29.851,134.0,145.0,160.0,92.41379310344827,3.25e-17,70.5,0.4862068965517241,ad8389143129f15739e5c07ff32d0f06a029c5a21752047d37cf9e9ed8991fd1,reviewed_refs_competitive_blastp_context_v2
hit,L. plantarum,GCF_001005695.1,PerR,P71086,P1BD76F95C_02099,46.528,144.0,145.0,160.0,99.3103448275862,1.03e-47,148.0,1.0206896551724138,ad8389143129f15739e5c07ff32d0f06a029c5a21752047d37cf9e9ed8991fd1,reviewed_refs_competitive_blastp_context_v2
hit,L. plantarum,GCF_001005695.1,PerR,P71086,P1BD76F95C_02411,33.099,142.0,145.0,147.0,97.93103448275862,5.31e-23,85.1,0.5868965517241379,ad8389143129f15739e5c07ff32d0f06a029c5a21752047d37cf9e9ed8991fd1,reviewed_refs_competitive_blastp_context_v2
hit,L. plantarum,GCF_001005695.1,Spx,O31602,P1BD76F95C_02473,67.176,131.0,131.0,132.0,100.0,1.58e-66,194.0,1.4809160305343512,ad8389143129f15739e5c07ff32d0f06a029c5a21752047d37cf9e9ed8991fd1,reviewed_refs_competitive_blastp_context_v2
hit,L. plantarum,GCF_001005695.1,Spx,O31602,P1BD76F95C_02385,54.331,127.0,131.0,140.0,96.94656488549619,2.21e-39,125.0,0.9541984732824428,ad8389143129f15739e5c07ff32d0f06a029c5a21752047d37cf9e9ed8991fd1,reviewed_refs_competitive_blastp_context_v2
hit,L. plantarum,GCF_001005695.1,Spx,O31602,P1BD76F95C_01193,46.825,126.0,131.0,134.0,96.18320610687023,4.06e-39,125.0,0.9541984732824428,ad8389143129f15739e5c07ff32d0f06a029c5a21752047d37cf9e9ed8991fd1,reviewed_refs_competitive_blastp_context_v2
hit,L. plantarum,GCF_001005695.1,Spx,O31602,P1BD76F95C_02566,47.154,123.0,131.0,145.0,93.89312977099236,1.09e-38,124.0,0.9465648854961832,ad8389143129f15739e5c07ff32d0f06a029c5a21752047d37cf9e9ed8991fd1,reviewed_refs_competitive_blastp_context_v2
hit,L. plantarum,GCF_001005695.1,Spx,O31602,P1BD76F95C_00924,42.857,126.0,131.0,133.0,96.18320610687023,2.26e-37,120.0,0.916030534351145,ad8389143129f15739e5c07ff32d0f06a029c5a21752047d37cf9e9ed8991fd1,reviewed_refs_competitive_blastp_context_v2
hit,L. plantarum,GCF_001005695.1,Spx,O31602,P1BD76F95C_00974,30.137,73.0,131.0,76.0,55.725190839694655,1.12e-06,40.4,0.3083969465648855,ad8389143129f15739e5c07ff32d0f06a029c5a21752047d37cf9e9ed8991fd1,reviewed_refs_competitive_blastp_context_v2
hit,L. plantarum,GCF_001005695.1,MgsR,P54503,P1BD76F95C_02473,44.828,116.0,126.0,132.0,92.06349206349206,1.36e-37,120.0,0.9523809523809523,ad8389143129f15739e5c07ff32d0f06a029c5a21752047d37cf9e9ed8991fd1,reviewed_refs_competitive_blastp_context_v2
hit,L. plantarum,GCF_001005695.1,MgsR,P54503,P1BD76F95C_02566,41.284,109.0,126.0,145.0,86.5079365079365,8.51e-31,103.0,0.8174603174603174,ad8389143129f15739e5c07ff32d0f06a029c5a21752047d37cf9e9ed8991fd1,reviewed_refs_competitive_blastp_context_v2
hit,L. plantarum,GCF_001005695.1,MgsR,P54503,P1BD76F95C_00924,39.45,109.0,126.0,133.0,86.5079365079365,3.73e-29,99.4,0.788888888888889,ad8389143129f15739e5c07ff32d0f06a029c5a21752047d37cf9e9ed8991fd1,reviewed_refs_competitive_blastp_context_v2
hit,L. plantarum,GCF_001005695.1,MgsR,P54503,P1BD76F95C_02385,46.591,88.0,126.0,140.0,69.84126984126983,9.05e-26,91.3,0.7246031746031746,ad8389143129f15739e5c07ff32d0f06a029c5a21752047d37cf9e9ed8991fd1,reviewed_refs_competitive_blastp_context_v2
hit,L. plantarum,GCF_001005695.1,MgsR,P54503,P1BD76F95C_01193,39.048,105.0,126.0,134.0,83.33333333333333,1.01e-24,88.2,0.7000000000000001,ad8389143129f15739e5c07ff32d0f06a029c5a21752047d37cf9e9ed8991fd1,reviewed_refs_competitive_blastp_context_v2
hit,L. plantarum,GCF_001005695.1,OhrR,O34777,P1BD76F95C_02778,44.531,128.0,147.0,158.0,87.07482993197279,1.26e-30,104.0,0.7074829931972789,ad8389143129f15739e5c07ff32d0f06a029c5a21752047d37cf9e9ed8991fd1,reviewed_refs_competitive_blastp_context_v2
hit,L. plantarum,GCF_001005695.1,OhrR,O34777,P1BD76F95C_02428,40.299,134.0,147.0,146.0,91.15646258503402,2.54e-28,98.6,0.6707482993197279,ad8389143129f15739e5c07ff32d0f06a029c5a21752047d37cf9e9ed8991fd1,reviewed_refs_competitive_blastp_context_v2
hit,L. plantarum,GCF_001005695.1,OhrR,O34777,P1BD76F95C_02353,41.441,111.0,147.0,145.0,75.51020408163265,7.03e-25,89.7,0.610204081632653,ad8389143129f15739e5c07ff32d0f06a029c5a21752047d37cf9e9ed8991fd1,reviewed_refs_competitive_blastp_context_v2
hit,L. plantarum,GCF_001005695.1,OhrR,O34777,P1BD76F95C_00632,30.928,97.0,147.0,145.0,65.98639455782313,1.36e-07,44.7,0.30408163265306126,ad8389143129f15739e5c07ff32d0f06a029c5a21752047d37cf9e9ed8991fd1,reviewed_refs_competitive_blastp_context_v2
hit,L. plantarum,GCF_001005695.1,Rex,O05521,P1BD76F95C_01278,59.709,206.0,215.0,225.0,95.81395348837209,1.44e-89,259.0,1.2046511627906977,ad8389143129f15739e5c07ff32d0f06a029c5a21752047d37cf9e9ed8991fd1,reviewed_refs_competitive_blastp_context_v2
status,L. plantarum,GCF_001005695.1,,,,,,,,,,,,ad8389143129f15739e5c07ff32d0f06a029c5a21752047d37cf9e9ed8991fd1,reviewed_refs_competitive_blastp_context_v2
hit,L. plantarum,GCF_001005805.1,Fur,P54574,P12FE9531E_03120,28.873,142.0,149.0,160.0,95.30201342281879,1.02e-18,74.3,0.49865771812080534,ad8389143129f15739e5c07ff32d0f06a029c5a21752047d37cf9e9ed8991fd1,reviewed_refs_competitive_blastp_context_v2
hit,L. plantarum,GCF_001005805.1,Fur,P54574,P12FE9531E_01278,23.841,151.0,149.0,147.0,101.34228187919463,4.33e-09,48.9,0.32818791946308723,ad8389143129f15739e5c07ff32d0f06a029c5a21752047d37cf9e9ed8991fd1,reviewed_refs_competitive_blastp_context_v2
hit,L. plantarum,GCF_001005805.1,Zur,P54479,P12FE9531E_01278,36.364,143.0,145.0,147.0,98.62068965517241,4.68e-35,115.0,0.7931034482758621,ad8389143129f15739e5c07ff32d0f06a029c5a21752047d37cf9e9ed8991fd1,reviewed_refs_competitive_blastp_context_v2
hit,L. plantarum,GCF_001005805.1,Zur,P54479,P12FE9531E_03120,29.851,134.0,145.0,160.0,92.41379310344827,2.83e-17,70.5,0.4862068965517241,ad8389143129f15739e5c07ff32d0f06a029c5a21752047d37cf9e9ed8991fd1,reviewed_refs_competitive_blastp_context_v2
hit,L. plantarum,GCF_001005805.1,PerR,P71086,P12FE9531E_03120,46.528,144.0,145.0,160.0,99.3103448275862,9.96e-48,148.0,1.0206896551724138,ad8389143129f15739e5c07ff32d0f06a029c5a21752047d37cf9e9ed8991fd1,reviewed_refs_competitive_blastp_context_v2
hit,L. plantarum,GCF_001005805.1,PerR,P71086,P12FE9531E_01278,33.099,142.0,145.0,147.0,97.93103448275862,5.83e-23,85.1,0.5868965517241379,ad8389143129f15739e5c07ff32d0f06a029c5a21752047d37cf9e9ed8991fd1,reviewed_refs_competitive_blastp_context_v2
hit,L. plantarum,GCF_001005805.1,Spx,O31602,P12FE9531E_00148,67.176,131.0,131.0,132.0,100.0,1.74e-66,194.0,1.4809160305343512,ad8389143129f15739e5c07ff32d0f06a029c5a21752047d37cf9e9ed8991fd1,reviewed_refs_competitive_blastp_context_v2
hit,L. plantarum,GCF_001005805.1,Spx,O31602,P12FE9531E_01304,54.331,127.0,131.0,140.0,96.94656488549619,2.42e-39,125.0,0.9541984732824428,ad8389143129f15739e5c07ff32d0f06a029c5a21752047d37cf9e9ed8991fd1,reviewed_refs_competitive_blastp_context_v2
hit,L. plantarum,GCF_001005805.1,Spx,O31602,P12FE9531E_02273,46.825,126.0,131.0,134.0,96.18320610687023,4.46e-39,125.0,0.9541984732824428,ad8389143129f15739e5c07ff32d0f06a029c5a21752047d37cf9e9ed8991fd1,reviewed_refs_competitive_blastp_context_v2
hit,L. plantarum,GCF_001005805.1,Spx,O31602,P12FE9531E_02094,47.154,123.0,131.0,145.0,93.89312977099236,1.2e-38,124.0,0.9465648854961832,ad8389143129f15739e5c07ff32d0f06a029c5a21752047d37cf9e9ed8991fd1,reviewed_refs_competitive_blastp_context_v2
hit,L. plantarum,GCF_001005805.1,Spx,O31602,P12FE9531E_00389,42.857,126.0,131.0,133.0,96.18320610687023,2.48e-37,120.0,0.916030534351145,ad8389143129f15739e5c07ff32d0f06a029c5a21752047d37cf9e9ed8991fd1,reviewed_refs_competitive_blastp_context_v2
hit,L. plantarum,GCF_001005805.1,Spx,O31602,P12FE9531E_01431,30.137,73.0,131.0,76.0,55.725190839694655,1.23e-06,40.4,0.3083969465648855,ad8389143129f15739e5c07ff32d0f06a029c5a21752047d37cf9e9ed8991fd1,reviewed_refs_competitive_blastp_context_v2
hit,L. plantarum,GCF_001005805.1,MgsR,P54503,P12FE9531E_00148,44.828,116.0,126.0,132.0,92.06349206349206,1.49e-37,120.0,0.9523809523809523,ad8389143129f15739e5c07ff32d0f06a029c5a21752047d37cf9e9ed8991fd1,reviewed_refs_competitive_blastp_context_v2
hit,L. plantarum,GCF_001005805.1,MgsR,P54503,P12FE9531E_02094,41.284,109.0,126.0,145.0,86.5079365079365,9.35e-31,103.0,0.8174603174603174,ad8389143129f15739e5c07ff32d0f06a029c5a21752047d37cf9e9ed8991fd1,reviewed_refs_competitive_blastp_context_v2
hit,L. plantarum,GCF_001005805.1,MgsR,P54503,P12FE9531E_00389,39.45,109.0,126.0,133.0,86.5079365079365,4.1e-29,99.4,0.788888888888889,ad8389143129f15739e5c07ff32d0f06a029c5a21752047d37cf9e9ed8991fd1,reviewed_refs_competitive_blastp_context_v2
hit,L. plantarum,GCF_001005805.1,MgsR,P54503,P12FE9531E_01304,46.591,88.0,126.0,140.0,69.84126984126983,9.94e-26,91.3,0.7246031746031746,ad8389143129f15739e5c07ff32d0f06a029c5a21752047d37cf9e9ed8991fd1,reviewed_refs_competitive_blastp_context_v2
hit,L. plantarum,GCF_001005805.1,MgsR,P54503,P12FE9531E_02273,39.048,105.0,126.0,134.0,83.33333333333333,1.11e-24,88.2,0.7000000000000001,ad8389143129f15739e5c07ff32d0f06a029c5a21752047d37cf9e9ed8991fd1,reviewed_refs_competitive_blastp_context_v2
hit,L. plantarum,GCF_001005805.1,OhrR,O34777,P12FE9531E_00864,44.531,128.0,147.0,158.0,87.07482993197279,1.38e-30,104.0,0.7074829931972789,ad8389143129f15739e5c07ff32d0f06a029c5a21752047d37cf9e9ed8991fd1,reviewed_refs_competitive_blastp_context_v2
hit,L. plantarum,GCF_001005805.1,OhrR,O34777,P12FE9531E_01261,40.299,134.0,147.0,146.0,91.15646258503402,4.86e-28,97.8,0.6653061224489796,ad8389143129f15739e5c07ff32d0f06a029c5a21752047d37cf9e9ed8991fd1,reviewed_refs_competitive_blastp_context_v2
hit,L. plantarum,GCF_001005805.1,OhrR,O34777,P12FE9531E_00473,39.64,111.0,147.0,145.0,75.51020408163265,4.56e-23,85.1,0.5789115646258503,ad8389143129f15739e5c07ff32d0f06a029c5a21752047d37cf9e9ed8991fd1,reviewed_refs_competitive_blastp_context_v2
hit,L. plantarum,GCF_001005805.1,OhrR,O34777,P12FE9531E_00364,30.928,97.0,147.0,145.0,65.98639455782313,1.37e-07,44.7,0.30408163265306126,ad8389143129f15739e5c07ff32d0f06a029c5a21752047d37cf9e9ed8991fd1,reviewed_refs_competitive_blastp_context_v2
hit,L. plantarum,GCF_001005805.1,Rex,O05521,P12FE9531E_01406,59.223,206.0,215.0,225.0,95.81395348837209,2.62e-89,259.0,1.2046511627906977,ad8389143129f15739e5c07ff32d0f06a029c5a21752047d37cf9e9ed8991fd1,reviewed_refs_competitive_blastp_context_v2
status,L. plantarum,GCF_001005805.1,,,,,,,,,,,,ad8389143129f15739e5c07ff32d0f06a029c5a21752047d37cf9e9ed8991fd1,reviewed_refs_competitive_blastp_context_v2
hit,L. plantarum,GCF_001010175.1,Fur,P54574,P1C02DF4A8_02156,28.873,142.0,149.0,160.0,95.30201342281879,2.24e-18,73.6,0.4939597315436241,ad8389143129f15739e5c07ff32d0f06a029c5a21752047d37cf9e9ed8991fd1,reviewed_refs_competitive_blastp_context_v2
hit,L. plantarum,GCF_001010175.1,Fur,P54574,P1C02DF4A8_00162,23.841,151.0,149.0,147.0,101.34228187919463,4.32e-09,48.9,0.32818791946308723,ad8389143129f15739e5c07ff32d0f06a029c5a21752047d37cf9e9ed8991fd1,reviewed_refs_competitive_blastp_context_v2
hit,L. plantarum,GCF_001010175.1,Zur,P54479,P1C02DF4A8_00162,36.364,143.0,145.0,147.0,98.62068965517241,4.68e-35,115.0,0.7931034482758621,ad8389143129f15739e5c07ff32d0f06a029c5a21752047d37cf9e9ed8991fd1,reviewed_refs_competitive_blastp_context_v2
hit,L. plantarum,GCF_001010175.1,Zur,P54479,P1C02DF4A8_02156,29.851,134.0,145.0,160.0,92.41379310344827,2.95e-17,70.5,0.4862068965517241,ad8389143129f15739e5c07ff32d0f06a029c5a21752047d37cf9e9ed8991fd1,reviewed_refs_competitive_blastp_context_v2
hit,L. plantarum,GCF_001010175.1,PerR,P71086,P1C02DF4A8_02156,46.528,144.0,145.0,160.0,99.3103448275862,1.96e-47,147.0,1.013793103448276,ad8389143129f15739e5c07ff32d0f06a029c5a21752047d37cf9e9ed8991fd1,reviewed_refs_competitive_blastp_context_v2
hit,L. plantarum,GCF_001010175.1,PerR,P71086,P1C02DF4A8_00162,33.099,142.0,145.0,147.0,97.93103448275862,5.82e-23,85.1,0.5868965517241379,ad8389143129f15739e5c07ff32d0f06a029c5a21752047d37cf9e9ed8991fd1,reviewed_refs_competitive_blastp_context_v2
hit,L. plantarum,GCF_001010175.1,Spx,O31602,P1C02DF4A8_02005,66.412,131.0,131.0,132.0,100.0,6.26e-66,192.0,1.465648854961832,ad8389143129f15739e5c07ff32d0f06a029c5a21752047d37cf9e9ed8991fd1,reviewed_refs_competitive_blastp_context_v2
hit,L. plantarum,GCF_001010175.1,Spx,O31602,P1C02DF4A8_00136,54.331,127.0,131.0,140.0,96.94656488549619,2.42e-39,125.0,0.9541984732824428,ad8389143129f15739e5c07ff32d0f06a029c5a21752047d37cf9e9ed8991fd1,reviewed_refs_competitive_blastp_context_v2
hit,L. plantarum,GCF_001010175.1,Spx,O31602,P1C02DF4A8_02740,46.825,126.0,131.0,134.0,96.18320610687023,4.45e-39,125.0,0.9541984732824428,ad8389143129f15739e5c07ff32d0f06a029c5a21752047d37cf9e9ed8991fd1,reviewed_refs_competitive_blastp_context_v2
hit,L. plantarum,GCF_001010175.1,Spx,O31602,P1C02DF4A8_02564,47.154,123.0,131.0,145.0,93.89312977099236,1.2e-38,124.0,0.9465648854961832,ad8389143129f15739e5c07ff32d0f06a029c5a21752047d37cf9e9ed8991fd1,reviewed_refs_competitive_blastp_context_v2
hit,L. plantarum,GCF_001010175.1,Spx,O31602,P1C02DF4A8_01897,42.857,126.0,131.0,133.0,96.18320610687023,2.48e-37,120.0,0.916030534351145,ad8389143129f15739e5c07ff32d0f06a029c5a21752047d37cf9e9ed8991fd1,reviewed_refs_competitive_blastp_context_v2
hit,L. plantarum,GCF_001010175.1,Spx,O31602,P1C02DF4A8_00009,30.137,73.0,131.0,76.0,55.725190839694655,1.23e-06,40.4,0.3083969465648855,ad8389143129f15739e5c07ff32d0f06a029c5a21752047d37cf9e9ed8991fd1,reviewed_refs_competitive_blastp_context_v2
hit,L. plantarum,GCF_001010175.1,MgsR,P54503,P1C02DF4A8_02005,46.789,109.0,126.0,132.0,86.5079365079365,3.64e-37,120.0,0.9523809523809523,ad8389143129f15739e5c07ff32d0f06a029c5a21752047d37cf9e9ed8991fd1,reviewed_refs_competitive_blastp_context_v2
hit,L. plantarum,GCF_001010175.1,MgsR,P54503,P1C02DF4A8_02564,41.284,109.0,126.0,145.0,86.5079365079365,9.33e-31,103.0,0.8174603174603174,ad8389143129f15739e5c07ff32d0f06a029c5a21752047d37cf9e9ed8991fd1,reviewed_refs_competitive_blastp_context_v2
hit,L. plantarum,GCF_001010175.1,MgsR,P54503,P1C02DF4A8_01897,39.45,109.0,126.0,133.0,86.5079365079365,4.09e-29,99.4,0.788888888888889,ad8389143129f15739e5c07ff32d0f06a029c5a21752047d37cf9e9ed8991fd1,reviewed_refs_competitive_blastp_context_v2
hit,L. plantarum,GCF_001010175.1,MgsR,P54503,P1C02DF4A8_00136,46.591,88.0,126.0,140.0,69.84126984126983,9.92e-26,91.3,0.7246031746031746,ad8389143129f15739e5c07ff32d0f06a029c5a21752047d37cf9e9ed8991fd1,reviewed_refs_competitive_blastp_context_v2
hit,L. plantarum,GCF_001010175.1,MgsR,P54503,P1C02DF4A8_02740,39.048,105.0,126.0,134.0,83.33333333333333,1.11e-24,88.2,0.7000000000000001,ad8389143129f15739e5c07ff32d0f06a029c5a21752047d37cf9e9ed8991fd1,reviewed_refs_competitive_blastp_context_v2
hit,L. plantarum,GCF_001010175.1,OhrR,O34777,P1C02DF4A8_01499,44.531,128.0,147.0,158.0,87.07482993197279,1.38e-30,104.0,0.7074829931972789,ad8389143129f15739e5c07ff32d0f06a029c5a21752047d37cf9e9ed8991fd1,reviewed_refs_competitive_blastp_context_v2
hit,L. plantarum,GCF_001010175.1,OhrR,O34777,P1C02DF4A8_00179,40.299,134.0,147.0,146.0,91.15646258503402,3.58e-28,98.2,0.6680272108843538,ad8389143129f15739e5c07ff32d0f06a029c5a21752047d37cf9e9ed8991fd1,reviewed_refs_competitive_blastp_context_v2
hit,L. plantarum,GCF_001010175.1,OhrR,O34777,P1C02DF4A8_01981,39.64,111.0,147.0,145.0,75.51020408163265,4.27e-23,85.1,0.5789115646258503,ad8389143129f15739e5c07ff32d0f06a029c5a21752047d37cf9e9ed8991fd1,reviewed_refs_competitive_blastp_context_v2
hit,L. plantarum,GCF_001010175.1,OhrR,O34777,P1C02DF4A8_01872,31.959,97.0,147.0,145.0,65.98639455782313,4.48e-08,45.8,0.3115646258503401,ad8389143129f15739e5c07ff32d0f06a029c5a21752047d37cf9e9ed8991fd1,reviewed_refs_competitive_blastp_context_v2
hit,L. plantarum,GCF_001010175.1,Rex,O05521,P1C02DF4A8_00034,59.223,206.0,215.0,225.0,95.81395348837209,2.61e-89,259.0,1.2046511627906977,ad8389143129f15739e5c07ff32d0f06a029c5a21752047d37cf9e9ed8991fd1,reviewed_refs_competitive_blastp_context_v2
status,L. plantarum,GCF_001010175.1,,,,,,,,,,,,ad8389143129f15739e5c07ff32d0f06a029c5a21752047d37cf9e9ed8991fd1,reviewed_refs_competitive_blastp_context_v2
hit,L. plantarum,GCF_001267905.1,Fur,P54574,P131E2F992_01862,28.873,142.0,149.0,160.0,95.30201342281879,9.88e-19,74.3,0.49865771812080534,ad8389143129f15739e5c07ff32d0f06a029c5a21752047d37cf9e9ed8991fd1,reviewed_refs_competitive_blastp_context_v2
hit,L. plantarum,GCF_001267905.1,Fur,P54574,P131E2F992_01351,23.841,151.0,149.0,147.0,101.34228187919463,4.19e-09,48.9,0.32818791946308723,ad8389143129f15739e5c07ff32d0f06a029c5a21752047d37cf9e9ed8991fd1,reviewed_refs_competitive_blastp_context_v2
hit,L. plantarum,GCF_001267905.1,Zur,P54479,P131E2F992_01351,36.364,143.0,145.0,147.0,98.62068965517241,4.53e-35,115.0,0.7931034482758621,ad8389143129f15739e5c07ff32d0f06a029c5a21752047d37cf9e9ed8991fd1,reviewed_refs_competitive_blastp_context_v2
hit,L. plantarum,GCF_001267905.1,Zur,P54479,P131E2F992_01862,29.851,134.0,145.0,160.0,92.41379310344827,2.74e-17,70.5,0.4862068965517241,ad8389143129f15739e5c07ff32d0f06a029c5a21752047d37cf9e9ed8991fd1,reviewed_refs_competitive_blastp_context_v2
hit,L. plantarum,GCF_001267905.1,PerR,P71086,P131E2F992_01862,46.528,144.0,145.0,160.0,99.3103448275862,9.64e-48,148.0,1.0206896551724138,ad8389143129f15739e5c07ff32d0f06a029c5a21752047d37cf9e9ed8991fd1,reviewed_refs_competitive_blastp_context_v2
hit,L. plantarum,GCF_001267905.1,PerR,P71086,P131E2F992_01351,33.099,142.0,145.0,147.0,97.93103448275862,5.64e-23,85.1,0.5868965517241379,ad8389143129f15739e5c07ff32d0f06a029c5a21752047d37cf9e9ed8991fd1,reviewed_refs_competitive_blastp_context_v2
hit,L. plantarum,GCF_001267905.1,Spx,O31602,P131E2F992_00044,67.176,131.0,131.0,132.0,100.0,1.68e-66,194.0,1.4809160305343512,ad8389143129f15739e5c07ff32d0f06a029c5a21752047d37cf9e9ed8991fd1,reviewed_refs_competitive_blastp_context_v2
hit,L. plantarum,GCF_001267905.1,Spx,O31602,P131E2F992_00152,54.331,127.0,131.0,140.0,96.94656488549619,2.35e-39,125.0,0.9541984732824428,ad8389143129f15739e5c07ff32d0f06a029c5a21752047d37cf9e9ed8991fd1,reviewed_refs_competitive_blastp_context_v2
hit,L. plantarum,GCF_001267905.1,Spx,O31602,P131E2F992_00570,46.825,126.0,131.0,134.0,96.18320610687023,4.31e-39,125.0,0.9541984732824428,ad8389143129f15739e5c07ff32d0f06a029c5a21752047d37cf9e9ed8991fd1,reviewed_refs_competitive_blastp_context_v2
hit,L. plantarum,GCF_001267905.1,Spx,O31602,P131E2F992_01669,47.154,123.0,131.0,145.0,93.89312977099236,1.16e-38,124.0,0.9465648854961832,ad8389143129f15739e5c07ff32d0f06a029c5a21752047d37cf9e9ed8991fd1,reviewed_refs_competitive_blastp_context_v2
hit,L. plantarum,GCF_001267905.1,Spx,O31602,P131E2F992_03028,42.857,126.0,131.0,133.0,96.18320610687023,2.4e-37,120.0,0.916030534351145,ad8389143129f15739e5c07ff32d0f06a029c5a21752047d37cf9e9ed8991fd1,reviewed_refs_competitive_blastp_context_v2
hit,L. plantarum,GCF_001267905.1,Spx,O31602,P131E2F992_01426,30.137,73.0,131.0,76.0,55.725190839694655,1.19e-06,40.4,0.3083969465648855,ad8389143129f15739e5c07ff32d0f06a029c5a21752047d37cf9e9ed8991fd1,reviewed_refs_competitive_blastp_context_v2
hit,L. plantarum,GCF_001267905.1,MgsR,P54503,P131E2F992_00044,44.828,116.0,126.0,132.0,92.06349206349206,1.44e-37,120.0,0.9523809523809523,ad8389143129f15739e5c07ff32d0f06a029c5a21752047d37cf9e9ed8991fd1,reviewed_refs_competitive_blastp_context_v2
hit,L. plantarum,GCF_001267905.1,MgsR,P54503,P131E2F992_01669,41.284,109.0,126.0,145.0,86.5079365079365,9.04e-31,103.0,0.8174603174603174,ad8389143129f15739e5c07ff32d0f06a029c5a21752047d37cf9e9ed8991fd1,reviewed_refs_competitive_blastp_context_v2
hit,L. plantarum,GCF_001267905.1,MgsR,P54503,P131E2F992_03028,39.45,109.0,126.0,133.0,86.5079365079365,3.97e-29,99.4,0.788888888888889,ad8389143129f15739e5c07ff32d0f06a029c5a21752047d37cf9e9ed8991fd1,reviewed_refs_competitive_blastp_context_v2
hit,L. plantarum,GCF_001267905.1,MgsR,P54503,P131E2F992_00152,46.591,88.0,126.0,140.0,69.84126984126983,9.62e-26,91.3,0.7246031746031746,ad8389143129f15739e5c07ff32d0f06a029c5a21752047d37cf9e9ed8991fd1,reviewed_refs_competitive_blastp_context_v2
hit,L. plantarum,GCF_001267905.1,MgsR,P54503,P131E2F992_00570,39.048,105.0,126.0,134.0,83.33333333333333,1.07e-24,88.2,0.7000000000000001,ad8389143129f15739e5c07ff32d0f06a029c5a21752047d37cf9e9ed8991fd1,reviewed_refs_competitive_blastp_context_v2
hit,L. plantarum,GCF_001267905.1,OhrR,O34777,P131E2F992_02208,44.531,128.0,147.0,158.0,87.07482993197279,1.34e-30,104.0,0.7074829931972789,ad8389143129f15739e5c07ff32d0f06a029c5a21752047d37cf9e9ed8991fd1,reviewed_refs_competitive_blastp_context_v2
hit,L. plantarum,GCF_001267905.1,OhrR,O34777,P131E2F992_01332,40.299,134.0,147.0,146.0,91.15646258503402,2.2e-28,99.0,0.673469387755102,ad8389143129f15739e5c07ff32d0f06a029c5a21752047d37cf9e9ed8991fd1,reviewed_refs_competitive_blastp_context_v2
hit,L. plantarum,GCF_001267905.1,OhrR,O34777,P131E2F992_01150,41.441,111.0,147.0,145.0,75.51020408163265,7.48e-25,89.7,0.610204081632653,ad8389143129f15739e5c07ff32d0f06a029c5a21752047d37cf9e9ed8991fd1,reviewed_refs_competitive_blastp_context_v2
hit,L. plantarum,GCF_001267905.1,OhrR,O34777,P131E2F992_03008,34.146,82.0,147.0,155.0,55.78231292517007,5.98e-08,45.8,0.3115646258503401,ad8389143129f15739e5c07ff32d0f06a029c5a21752047d37cf9e9ed8991fd1,reviewed_refs_competitive_blastp_context_v2
hit,L. plantarum,GCF_001267905.1,Rex,O05521,P131E2F992_01401,59.223,206.0,215.0,225.0,95.81395348837209,2.53e-89,259.0,1.2046511627906977,ad8389143129f15739e5c07ff32d0f06a029c5a21752047d37cf9e9ed8991fd1,reviewed_refs_competitive_blastp_context_v2
status,L. plantarum,GCF_001267905.1,,,,,,,,,,,,ad8389143129f15739e5c07ff32d0f06a029c5a21752047d37cf9e9ed8991fd1,reviewed_refs_competitive_blastp_context_v2
hit,L. plantarum,GCF_001278015.1,Fur,P54574,P13B5E9AA1_02782,28.873,142.0,149.0,160.0,95.30201342281879,9.97e-19,74.3,0.49865771812080534,ad8389143129f15739e5c07ff32d0f06a029c5a21752047d37cf9e9ed8991fd1,reviewed_refs_competitive_blastp_context_v2
hit,L. plantarum,GCF_001278015.1,Fur,P54574,P13B5E9AA1_00690,23.841,151.0,149.0,147.0,101.34228187919463,4.23e-09,48.9,0.32818791946308723,ad8389143129f15739e5c07ff32d0f06a029c5a21752047d37cf9e9ed8991fd1,reviewed_refs_competitive_blastp_context_v2
hit,L. plantarum,GCF_001278015.1,Zur,P54479,P13B5E9AA1_00690,36.364,143.0,145.0,147.0,98.62068965517241,4.58e-35,115.0,0.7931034482758621,ad8389143129f15739e5c07ff32d0f06a029c5a21752047d37cf9e9ed8991fd1,reviewed_refs_competitive_blastp_context_v2
hit,L. plantarum,GCF_001278015.1,Zur,P54479,P13B5E9AA1_02782,29.851,134.0,145.0,160.0,92.41379310344827,2.76e-17,70.5,0.4862068965517241,ad8389143129f15739e5c07ff32d0f06a029c5a21752047d37cf9e9ed8991fd1,reviewed_refs_competitive_blastp_context_v2
hit,L. plantarum,GCF_001278015.1,PerR,P71086,P13B5E9AA1_02782,46.528,144.0,145.0,160.0,99.3103448275862,9.73e-48,148.0,1.0206896551724138,ad8389143129f15739e5c07ff32d0f06a029c5a21752047d37cf9e9ed8991fd1,reviewed_refs_competitive_blastp_context_v2
hit,L. plantarum,GCF_001278015.1,PerR,P71086,P13B5E9AA1_00690,33.099,142.0,145.0,147.0,97.93103448275862,5.69e-23,85.1,0.5868965517241379,ad8389143129f15739e5c07ff32d0f06a029c5a21752047d37cf9e9ed8991fd1,reviewed_refs_competitive_blastp_context_v2
hit,L. plantarum,GCF_001278015.1,Spx,O31602,P13B5E9AA1_01933,67.176,131.0,131.0,132.0,100.0,1.7e-66,194.0,1.4809160305343512,ad8389143129f15739e5c07ff32d0f06a029c5a21752047d37cf9e9ed8991fd1,reviewed_refs_competitive_blastp_context_v2
hit,L. plantarum,GCF_001278015.1,Spx,O31602,P13B5E9AA1_00664,54.331,127.0,131.0,140.0,96.94656488549619,2.37e-39,125.0,0.9541984732824428,ad8389143129f15739e5c07ff32d0f06a029c5a21752047d37cf9e9ed8991fd1,reviewed_refs_competitive_blastp_context_v2
hit,L. plantarum,GCF_001278015.1,Spx,O31602,P13B5E9AA1_02862,46.825,126.0,131.0,134.0,96.18320610687023,4.35e-39,125.0,0.9541984732824428,ad8389143129f15739e5c07ff32d0f06a029c5a21752047d37cf9e9ed8991fd1,reviewed_refs_competitive_blastp_context_v2
hit,L. plantarum,GCF_001278015.1,Spx,O31602,P13B5E9AA1_03041,47.154,123.0,131.0,145.0,93.89312977099236,1.17e-38,124.0,0.9465648854961832,ad8389143129f15739e5c07ff32d0f06a029c5a21752047d37cf9e9ed8991fd1,reviewed_refs_competitive_blastp_context_v2
hit,L. plantarum,GCF_001278015.1,Spx,O31602,P13B5E9AA1_01691,42.857,126.0,131.0,133.0,96.18320610687023,2.43e-37,120.0,0.916030534351145,ad8389143129f15739e5c07ff32d0f06a029c5a21752047d37cf9e9ed8991fd1,reviewed_refs_competitive_blastp_context_v2
hit,L. plantarum,GCF_001278015.1,Spx,O31602,P13B5E9AA1_00541,30.137,73.0,131.0,76.0,55.725190839694655,1.21e-06,40.4,0.3083969465648855,ad8389143129f15739e5c07ff32d0f06a029c5a21752047d37cf9e9ed8991fd1,reviewed_refs_competitive_blastp_context_v2
hit,L. plantarum,GCF_001278015.1,MgsR,P54503,P13B5E9AA1_01933,44.828,116.0,126.0,132.0,92.06349206349206,1.46e-37,120.0,0.9523809523809523,ad8389143129f15739e5c07ff32d0f06a029c5a21752047d37cf9e9ed8991fd1,reviewed_refs_competitive_blastp_context_v2
hit,L. plantarum,GCF_001278015.1,MgsR,P54503,P13B5E9AA1_03041,41.284,109.0,126.0,145.0,86.5079365079365,9.13e-31,103.0,0.8174603174603174,ad8389143129f15739e5c07ff32d0f06a029c5a21752047d37cf9e9ed8991fd1,reviewed_refs_competitive_blastp_context_v2
hit,L. plantarum,GCF_001278015.1,MgsR,P54503,P13B5E9AA1_01691,39.45,109.0,126.0,133.0,86.5079365079365,4e-29,99.4,0.788888888888889,ad8389143129f15739e5c07ff32d0f06a029c5a21752047d37cf9e9ed8991fd1,reviewed_refs_competitive_blastp_context_v2
hit,L. plantarum,GCF_001278015.1,MgsR,P54503,P13B5E9AA1_00664,46.591,88.0,126.0,140.0,69.84126984126983,9.71e-26,91.3,0.7246031746031746,ad8389143129f15739e5c07ff32d0f06a029c5a21752047d37cf9e9ed8991fd1,reviewed_refs_competitive_blastp_context_v2
hit,L. plantarum,GCF_001278015.1,MgsR,P54503,P13B5E9AA1_02862,39.048,105.0,126.0,134.0,83.33333333333333,1.08e-24,88.2,0.7000000000000001,ad8389143129f15739e5c07ff32d0f06a029c5a21752047d37cf9e9ed8991fd1,reviewed_refs_competitive_blastp_context_v2
hit,L. plantarum,GCF_001278015.1,OhrR,O34777,P13B5E9AA1_01131,44.531,128.0,147.0,158.0,87.07482993197279,1.35e-30,104.0,0.7074829931972789,ad8389143129f15739e5c07ff32d0f06a029c5a21752047d37cf9e9ed8991fd1,reviewed_refs_competitive_blastp_context_v2
hit,L. plantarum,GCF_001278015.1,OhrR,O34777,P13B5E9AA1_00707,40.299,134.0,147.0,146.0,91.15646258503402,3.5e-28,98.2,0.6680272108843538,ad8389143129f15739e5c07ff32d0f06a029c5a21752047d37cf9e9ed8991fd1,reviewed_refs_competitive_blastp_context_v2
hit,L. plantarum,GCF_001278015.1,OhrR,O34777,P13B5E9AA1_01608,39.64,111.0,147.0,145.0,75.51020408163265,4.18e-23,85.1,0.5789115646258503,ad8389143129f15739e5c07ff32d0f06a029c5a21752047d37cf9e9ed8991fd1,reviewed_refs_competitive_blastp_context_v2
hit,L. plantarum,GCF_001278015.1,OhrR,O34777,P13B5E9AA1_01711,30.928,97.0,147.0,145.0,65.98639455782313,1.34e-07,44.7,0.30408163265306126,ad8389143129f15739e5c07ff32d0f06a029c5a21752047d37cf9e9ed8991fd1,reviewed_refs_competitive_blastp_context_v2
hit,L. plantarum,GCF_001278015.1,Rex,O05521,P13B5E9AA1_00566,59.223,206.0,215.0,225.0,95.81395348837209,2.56e-89,259.0,1.2046511627906977,ad8389143129f15739e5c07ff32d0f06a029c5a21752047d37cf9e9ed8991fd1,reviewed_refs_competitive_blastp_context_v2
status,L. plantarum,GCF_001278015.1,,,,,,,,,,,,ad8389143129f15739e5c07ff32d0f06a029c5a21752047d37cf9e9ed8991fd1,reviewed_refs_competitive_blastp_context_v2
hit,L. plantarum,GCF_001296095.1,Fur,P54574,P136EA2F79_01993,28.873,142.0,149.0,160.0,95.30201342281879,9.82e-19,74.3,0.49865771812080534,ad8389143129f15739e5c07ff32d0f06a029c5a21752047d37cf9e9ed8991fd1,reviewed_refs_competitive_blastp_context_v2
hit,L. plantarum,GCF_001296095.1,Fur,P54574,P136EA2F79_03030,23.841,151.0,149.0,147.0,101.34228187919463,4.16e-09,48.9,0.32818791946308723,ad8389143129f15739e5c07ff32d0f06a029c5a21752047d37cf9e9ed8991fd1,reviewed_refs_competitive_blastp_context_v2
hit,L. plantarum,GCF_001296095.1,Zur,P54479,P136EA2F79_03030,36.364,143.0,145.0,147.0,98.62068965517241,4.51e-35,115.0,0.7931034482758621,ad8389143129f15739e5c07ff32d0f06a029c5a21752047d37cf9e9ed8991fd1,reviewed_refs_competitive_blastp_context_v2
hit,L. plantarum,GCF_001296095.1,Zur,P54479,P136EA2F79_01993,29.851,134.0,145.0,160.0,92.41379310344827,2.72e-17,70.5,0.4862068965517241,ad8389143129f15739e5c07ff32d0f06a029c5a21752047d37cf9e9ed8991fd1,reviewed_refs_competitive_blastp_context_v2
hit,L. plantarum,GCF_001296095.1,PerR,P71086,P136EA2F79_01993,46.528,144.0,145.0,160.0,99.3103448275862,9.59e-48,148.0,1.0206896551724138,ad8389143129f15739e5c07ff32d0f06a029c5a21752047d37cf9e9ed8991fd1,reviewed_refs_competitive_blastp_context_v2
hit,L. plantarum,GCF_001296095.1,PerR,P71086,P136EA2F79_03030,33.099,142.0,145.0,147.0,97.93103448275862,5.61e-23,85.1,0.5868965517241379,ad8389143129f15739e5c07ff32d0f06a029c5a21752047d37cf9e9ed8991fd1,reviewed_refs_competitive_blastp_context_v2
hit,L. plantarum,GCF_001296095.1,Spx,O31602,P136EA2F79_01140,67.176,131.0,131.0,132.0,100.0,1.67e-66,194.0,1.4809160305343512,ad8389143129f15739e5c07ff32d0f06a029c5a21752047d37cf9e9ed8991fd1,reviewed_refs_competitive_blastp_context_v2
hit,L. plantarum,GCF_001296095.1,Spx,O31602,P136EA2F79_03004,54.331,127.0,131.0,140.0,96.94656488549619,2.33e-39,125.0,0.9541984732824428,ad8389143129f15739e5c07ff32d0f06a029c5a21752047d37cf9e9ed8991fd1,reviewed_refs_competitive_blastp_context_v2
hit,L. plantarum,GCF_001296095.1,Spx,O31602,P136EA2F79_02071,46.825,126.0,131.0,134.0,96.18320610687023,4.29e-39,125.0,0.9541984732824428,ad8389143129f15739e5c07ff32d0f06a029c5a21752047d37cf9e9ed8991fd1,reviewed_refs_competitive_blastp_context_v2
hit,L. plantarum,GCF_001296095.1,Spx,O31602,P136EA2F79_02239,47.154,123.0,131.0,145.0,93.89312977099236,1.15e-38,124.0,0.9465648854961832,ad8389143129f15739e5c07ff32d0f06a029c5a21752047d37cf9e9ed8991fd1,reviewed_refs_competitive_blastp_context_v2
hit,L. plantarum,GCF_001296095.1,Spx,O31602,P136EA2F79_00890,42.857,126.0,131.0,133.0,96.18320610687023,4.45e-37,119.0,0.9083969465648855,ad8389143129f15739e5c07ff32d0f06a029c5a21752047d37cf9e9ed8991fd1,reviewed_refs_competitive_blastp_context_v2
hit,L. plantarum,GCF_001296095.1,Spx,O31602,P136EA2F79_02883,30.137,73.0,131.0,76.0,55.725190839694655,1.19e-06,40.4,0.3083969465648855,ad8389143129f15739e5c07ff32d0f06a029c5a21752047d37cf9e9ed8991fd1,reviewed_refs_competitive_blastp_context_v2
hit,L. plantarum,GCF_001296095.1,MgsR,P54503,P136EA2F79_01140,44.828,116.0,126.0,132.0,92.06349206349206,1.43e-37,120.0,0.9523809523809523,ad8389143129f15739e5c07ff32d0f06a029c5a21752047d37cf9e9ed8991fd1,reviewed_refs_competitive_blastp_context_v2
hit,L. plantarum,GCF_001296095.1,MgsR,P54503,P136EA2F79_02239,41.284,109.0,126.0,145.0,86.5079365079365,8.99e-31,103.0,0.8174603174603174,ad8389143129f15739e5c07ff32d0f06a029c5a21752047d37cf9e9ed8991fd1,reviewed_refs_competitive_blastp_context_v2
hit,L. plantarum,GCF_001296095.1,MgsR,P54503,P136EA2F79_00890,39.45,109.0,126.0,133.0,86.5079365079365,5.9e-29,99.0,0.7857142857142857,ad8389143129f15739e5c07ff32d0f06a029c5a21752047d37cf9e9ed8991fd1,reviewed_refs_competitive_blastp_context_v2
hit,L. plantarum,GCF_001296095.1,MgsR,P54503,P136EA2F79_03004,46.591,88.0,126.0,140.0,69.84126984126983,9.56e-26,91.3,0.7246031746031746,ad8389143129f15739e5c07ff32d0f06a029c5a21752047d37cf9e9ed8991fd1,reviewed_refs_competitive_blastp_context_v2
hit,L. plantarum,GCF_001296095.1,MgsR,P54503,P136EA2F79_02071,39.048,105.0,126.0,134.0,83.33333333333333,1.07e-24,88.2,0.7000000000000001,ad8389143129f15739e5c07ff32d0f06a029c5a21752047d37cf9e9ed8991fd1,reviewed_refs_competitive_blastp_context_v2
hit,L. plantarum,GCF_001296095.1,OhrR,O34777,P136EA2F79_00401,50.575,87.0,147.0,107.0,59.183673469387756,2.51e-28,97.4,0.6625850340136055,ad8389143129f15739e5c07ff32d0f06a029c5a21752047d37cf9e9ed8991fd1,reviewed_refs_competitive_blastp_context_v2
hit,L. plantarum,GCF_001296095.1,OhrR,O34777,P136EA2F79_00016,40.299,134.0,147.0,146.0,91.15646258503402,3.53e-28,98.2,0.6680272108843538,ad8389143129f15739e5c07ff32d0f06a029c5a21752047d37cf9e9ed8991fd1,reviewed_refs_competitive_blastp_context_v2
hit,L. plantarum,GCF_001296095.1,OhrR,O34777,P136EA2F79_00805,41.441,111.0,147.0,145.0,75.51020408163265,7.43e-25,89.7,0.610204081632653,ad8389143129f15739e5c07ff32d0f06a029c5a21752047d37cf9e9ed8991fd1,reviewed_refs_competitive_blastp_context_v2
hit,L. plantarum,GCF_001296095.1,OhrR,O34777,P136EA2F79_00910,30.928,97.0,147.0,145.0,65.98639455782313,1.32e-07,44.7,0.30408163265306126,ad8389143129f15739e5c07ff32d0f06a029c5a21752047d37cf9e9ed8991fd1,reviewed_refs_competitive_blastp_context_v2
hit,L. plantarum,GCF_001296095.1,Rex,O05521,P136EA2F79_02908,59.223,206.0,215.0,225.0,95.81395348837209,2.52e-89,259.0,1.2046511627906977,ad8389143129f15739e5c07ff32d0f06a029c5a21752047d37cf9e9ed8991fd1,reviewed_refs_competitive_blastp_context_v2
status,L. plantarum,GCF_001296095.1,,,,,,,,,,,,ad8389143129f15739e5c07ff32d0f06a029c5a21752047d37cf9e9ed8991fd1,reviewed_refs_competitive_blastp_context_v2
hit,L. plantarum,GCF_001302645.1,Fur,P54574,P10374EA45_01550,28.873,142.0,149.0,160.0,95.30201342281879,1.03e-18,74.3,0.49865771812080534,ad8389143129f15739e5c07ff32d0f06a029c5a21752047d37cf9e9ed8991fd1,reviewed_refs_competitive_blastp_context_v2
hit,L. plantarum,GCF_001302645.1,Fur,P54574,P10374EA45_02528,23.841,151.0,149.0,147.0,101.34228187919463,4.38e-09,48.9,0.32818791946308723,ad8389143129f15739e5c07ff32d0f06a029c5a21752047d37cf9e9ed8991fd1,reviewed_refs_competitive_blastp_context_v2
hit,L. plantarum,GCF_001302645.1,Zur,P54479,P10374EA45_02528,36.364,143.0,145.0,147.0,98.62068965517241,4.74e-35,115.0,0.7931034482758621,ad8389143129f15739e5c07ff32d0f06a029c5a21752047d37cf9e9ed8991fd1,reviewed_refs_competitive_blastp_context_v2
hit,L. plantarum,GCF_001302645.1,Zur,P54479,P10374EA45_01550,29.851,134.0,145.0,160.0,92.41379310344827,2.86e-17,70.5,0.4862068965517241,ad8389143129f15739e5c07ff32d0f06a029c5a21752047d37cf9e9ed8991fd1,reviewed_refs_competitive_blastp_context_v2
hit,L. plantarum,GCF_001302645.1,PerR,P71086,P10374EA45_01550,46.528,144.0,145.0,160.0,99.3103448275862,1.01e-47,148.0,1.0206896551724138,ad8389143129f15739e5c07ff32d0f06a029c5a21752047d37cf9e9ed8991fd1,reviewed_refs_competitive_blastp_context_v2
hit,L. plantarum,GCF_001302645.1,PerR,P71086,P10374EA45_02528,33.099,142.0,145.0,147.0,97.93103448275862,5.9e-23,85.1,0.5868965517241379,ad8389143129f15739e5c07ff32d0f06a029c5a21752047d37cf9e9ed8991fd1,reviewed_refs_competitive_blastp_context_v2
hit,L. plantarum,GCF_001302645.1,Spx,O31602,P10374EA45_00681,67.176,131.0,131.0,132.0,100.0,7.32e-66,192.0,1.465648854961832,ad8389143129f15739e5c07ff32d0f06a029c5a21752047d37cf9e9ed8991fd1,reviewed_refs_competitive_blastp_context_v2
hit,L. plantarum,GCF_001302645.1,Spx,O31602,P10374EA45_02501,54.331,127.0,131.0,140.0,96.94656488549619,2.45e-39,125.0,0.9541984732824428,ad8389143129f15739e5c07ff32d0f06a029c5a21752047d37cf9e9ed8991fd1,reviewed_refs_competitive_blastp_context_v2
hit,L. plantarum,GCF_001302645.1,Spx,O31602,P10374EA45_01634,46.825,126.0,131.0,134.0,96.18320610687023,4.51e-39,125.0,0.9541984732824428,ad8389143129f15739e5c07ff32d0f06a029c5a21752047d37cf9e9ed8991fd1,reviewed_refs_competitive_blastp_context_v2
hit,L. plantarum,GCF_001302645.1,Spx,O31602,P10374EA45_01778,47.154,123.0,131.0,145.0,93.89312977099236,1.21e-38,124.0,0.9465648854961832,ad8389143129f15739e5c07ff32d0f06a029c5a21752047d37cf9e9ed8991fd1,reviewed_refs_competitive_blastp_context_v2
hit,L. plantarum,GCF_001302645.1,Spx,O31602,P10374EA45_00434,42.276,123.0,131.0,130.0,93.89312977099236,7.81e-36,116.0,0.8854961832061069,ad8389143129f15739e5c07ff32d0f06a029c5a21752047d37cf9e9ed8991fd1,reviewed_refs_competitive_blastp_context_v2
hit,L. plantarum,GCF_001302645.1,Spx,O31602,P10374EA45_02375,30.137,73.0,131.0,76.0,55.725190839694655,1.25e-06,40.4,0.3083969465648855,ad8389143129f15739e5c07ff32d0f06a029c5a21752047d37cf9e9ed8991fd1,reviewed_refs_competitive_blastp_context_v2
hit,L. plantarum,GCF_001302645.1,MgsR,P54503,P10374EA45_00681,45.69,116.0,126.0,132.0,92.06349206349206,4.25e-38,122.0,0.9682539682539683,ad8389143129f15739e5c07ff32d0f06a029c5a21752047d37cf9e9ed8991fd1,reviewed_refs_competitive_blastp_context_v2
hit,L. plantarum,GCF_001302645.1,MgsR,P54503,P10374EA45_01778,41.284,109.0,126.0,145.0,86.5079365079365,9.46e-31,103.0,0.8174603174603174,ad8389143129f15739e5c07ff32d0f06a029c5a21752047d37cf9e9ed8991fd1,reviewed_refs_competitive_blastp_context_v2
hit,L. plantarum,GCF_001302645.1,MgsR,P54503,P10374EA45_00434,40.566,106.0,126.0,130.0,84.12698412698413,4.5e-29,99.4,0.788888888888889,ad8389143129f15739e5c07ff32d0f06a029c5a21752047d37cf9e9ed8991fd1,reviewed_refs_competitive_blastp_context_v2
hit,L. plantarum,GCF_001302645.1,MgsR,P54503,P10374EA45_02501,46.591,88.0,126.0,140.0,69.84126984126983,1.01e-25,91.3,0.7246031746031746,ad8389143129f15739e5c07ff32d0f06a029c5a21752047d37cf9e9ed8991fd1,reviewed_refs_competitive_blastp_context_v2
hit,L. plantarum,GCF_001302645.1,MgsR,P54503,P10374EA45_01634,39.048,105.0,126.0,134.0,83.33333333333333,1.12e-24,88.2,0.7000000000000001,ad8389143129f15739e5c07ff32d0f06a029c5a21752047d37cf9e9ed8991fd1,reviewed_refs_competitive_blastp_context_v2
hit,L. plantarum,GCF_001302645.1,OhrR,O34777,P10374EA45_02926,44.531,128.0,147.0,158.0,87.07482993197279,1.77e-30,104.0,0.7074829931972789,ad8389143129f15739e5c07ff32d0f06a029c5a21752047d37cf9e9ed8991fd1,reviewed_refs_competitive_blastp_context_v2
hit,L. plantarum,GCF_001302645.1,OhrR,O34777,P10374EA45_02542,40.299,134.0,147.0,146.0,91.15646258503402,3.63e-28,98.2,0.6680272108843538,ad8389143129f15739e5c07ff32d0f06a029c5a21752047d37cf9e9ed8991fd1,reviewed_refs_competitive_blastp_context_v2
hit,L. plantarum,GCF_001302645.1,OhrR,O34777,P10374EA45_00337,39.64,111.0,147.0,145.0,75.51020408163265,4.33e-23,85.1,0.5789115646258503,ad8389143129f15739e5c07ff32d0f06a029c5a21752047d37cf9e9ed8991fd1,reviewed_refs_competitive_blastp_context_v2
hit,L. plantarum,GCF_001302645.1,OhrR,O34777,P10374EA45_00453,30.928,97.0,147.0,149.0,65.98639455782313,1.28e-07,44.7,0.30408163265306126,ad8389143129f15739e5c07ff32d0f06a029c5a21752047d37cf9e9ed8991fd1,reviewed_refs_competitive_blastp_context_v2
hit,L. plantarum,GCF_001302645.1,Rex,O05521,P10374EA45_02400,59.223,206.0,215.0,225.0,95.81395348837209,2.65e-89,259.0,1.2046511627906977,ad8389143129f15739e5c07ff32d0f06a029c5a21752047d37cf9e9ed8991fd1,reviewed_refs_competitive_blastp_context_v2
status,L. plantarum,GCF_001302645.1,,,,,,,,,,,,ad8389143129f15739e5c07ff32d0f06a029c5a21752047d37cf9e9ed8991fd1,reviewed_refs_competitive_blastp_context_v2
hit,L. plantarum,GCF_001308305.1,Fur,P54574,P13568631D_00803,28.873,142.0,149.0,160.0,95.30201342281879,9.92e-19,74.3,0.49865771812080534,ad8389143129f15739e5c07ff32d0f06a029c5a21752047d37cf9e9ed8991fd1,reviewed_refs_competitive_blastp_context_v2
hit,L. plantarum,GCF_001308305.1,Fur,P54574,P13568631D_01400,23.841,151.0,149.0,147.0,101.34228187919463,4.2e-09,48.9,0.32818791946308723,ad8389143129f15739e5c07ff32d0f06a029c5a21752047d37cf9e9ed8991fd1,reviewed_refs_competitive_blastp_context_v2
hit,L. plantarum,GCF_001308305.1,Zur,P54479,P13568631D_01400,36.364,143.0,145.0,147.0,98.62068965517241,4.55e-35,115.0,0.7931034482758621,ad8389143129f15739e5c07ff32d0f06a029c5a21752047d37cf9e9ed8991fd1,reviewed_refs_competitive_blastp_context_v2
hit,L. plantarum,GCF_001308305.1,Zur,P54479,P13568631D_00803,29.851,134.0,145.0,160.0,92.41379310344827,2.75e-17,70.5,0.4862068965517241,ad8389143129f15739e5c07ff32d0f06a029c5a21752047d37cf9e9ed8991fd1,reviewed_refs_competitive_blastp_context_v2
hit,L. plantarum,GCF_001308305.1,PerR,P71086,P13568631D_00803,46.528,144.0,145.0,160.0,99.3103448275862,9.68e-48,148.0,1.0206896551724138,ad8389143129f15739e5c07ff32d0f06a029c5a21752047d37cf9e9ed8991fd1,reviewed_refs_competitive_blastp_context_v2
hit,L. plantarum,GCF_001308305.1,PerR,P71086,P13568631D_01400,33.099,142.0,145.0,147.0,97.93103448275862,5.66e-23,85.1,0.5868965517241379,ad8389143129f15739e5c07ff32d0f06a029c5a21752047d37cf9e9ed8991fd1,reviewed_refs_competitive_blastp_context_v2
hit,L. plantarum,GCF_001308305.1,Spx,O31602,P13568631D_03067,66.412,131.0,131.0,132.0,100.0,6.09e-66,192.0,1.465648854961832,ad8389143129f15739e5c07ff32d0f06a029c5a21752047d37cf9e9ed8991fd1,reviewed_refs_competitive_blastp_context_v2
hit,L. plantarum,GCF_001308305.1,Spx,O31602,P13568631D_01374,54.331,127.0,131.0,140.0,96.94656488549619,2.36e-39,125.0,0.9541984732824428,ad8389143129f15739e5c07ff32d0f06a029c5a21752047d37cf9e9ed8991fd1,reviewed_refs_competitive_blastp_context_v2
hit,L. plantarum,GCF_001308305.1,Spx,O31602,P13568631D_00026,46.825,126.0,131.0,134.0,96.18320610687023,4.33e-39,125.0,0.9541984732824428,ad8389143129f15739e5c07ff32d0f06a029c5a21752047d37cf9e9ed8991fd1,reviewed_refs_competitive_blastp_context_v2
hit,L. plantarum,GCF_001308305.1,Spx,O31602,P13568631D_00203,47.154,123.0,131.0,145.0,93.89312977099236,1.17e-38,124.0,0.9465648854961832,ad8389143129f15739e5c07ff32d0f06a029c5a21752047d37cf9e9ed8991fd1,reviewed_refs_competitive_blastp_context_v2
hit,L. plantarum,GCF_001308305.1,Spx,O31602,P13568631D_02821,42.857,126.0,131.0,133.0,96.18320610687023,2.41e-37,120.0,0.916030534351145,ad8389143129f15739e5c07ff32d0f06a029c5a21752047d37cf9e9ed8991fd1,reviewed_refs_competitive_blastp_context_v2
hit,L. plantarum,GCF_001308305.1,Spx,O31602,P13568631D_01241,30.137,73.0,131.0,76.0,55.725190839694655,1.2e-06,40.4,0.3083969465648855,ad8389143129f15739e5c07ff32d0f06a029c5a21752047d37cf9e9ed8991fd1,reviewed_refs_competitive_blastp_context_v2
hit,L. plantarum,GCF_001308305.1,MgsR,P54503,P13568631D_03067,46.789,109.0,126.0,132.0,86.5079365079365,3.55e-37,120.0,0.9523809523809523,ad8389143129f15739e5c07ff32d0f06a029c5a21752047d37cf9e9ed8991fd1,reviewed_refs_competitive_blastp_context_v2
hit,L. plantarum,GCF_001308305.1,MgsR,P54503,P13568631D_00203,41.284,109.0,126.0,145.0,86.5079365079365,9.08e-31,103.0,0.8174603174603174,ad8389143129f15739e5c07ff32d0f06a029c5a21752047d37cf9e9ed8991fd1,reviewed_refs_competitive_blastp_context_v2
hit,L. plantarum,GCF_001308305.1,MgsR,P54503,P13568631D_02821,39.45,109.0,126.0,133.0,86.5079365079365,3.98e-29,99.4,0.788888888888889,ad8389143129f15739e5c07ff32d0f06a029c5a21752047d37cf9e9ed8991fd1,reviewed_refs_competitive_blastp_context_v2
hit,L. plantarum,GCF_001308305.1,MgsR,P54503,P13568631D_01374,46.591,88.0,126.0,140.0,69.84126984126983,9.66e-26,91.3,0.7246031746031746,ad8389143129f15739e5c07ff32d0f06a029c5a21752047d37cf9e9ed8991fd1,reviewed_refs_competitive_blastp_context_v2
hit,L. plantarum,GCF_001308305.1,MgsR,P54503,P13568631D_00026,39.048,105.0,126.0,134.0,83.33333333333333,1.08e-24,88.2,0.7000000000000001,ad8389143129f15739e5c07ff32d0f06a029c5a21752047d37cf9e9ed8991fd1,reviewed_refs_competitive_blastp_context_v2
hit,L. plantarum,GCF_001308305.1,OhrR,O34777,P13568631D_02352,44.531,128.0,147.0,158.0,87.07482993197279,1.34e-30,104.0,0.7074829931972789,ad8389143129f15739e5c07ff32d0f06a029c5a21752047d37cf9e9ed8991fd1,reviewed_refs_competitive_blastp_context_v2
hit,L. plantarum,GCF_001308305.1,OhrR,O34777,P13568631D_01417,40.299,134.0,147.0,146.0,91.15646258503402,4.72e-28,97.8,0.6653061224489796,ad8389143129f15739e5c07ff32d0f06a029c5a21752047d37cf9e9ed8991fd1,reviewed_refs_competitive_blastp_context_v2
hit,L. plantarum,GCF_001308305.1,OhrR,O34777,P13568631D_02736,39.64,111.0,147.0,145.0,75.51020408163265,4.16e-23,85.1,0.5789115646258503,ad8389143129f15739e5c07ff32d0f06a029c5a21752047d37cf9e9ed8991fd1,reviewed_refs_competitive_blastp_context_v2
hit,L. plantarum,GCF_001308305.1,OhrR,O34777,P13568631D_02846,31.959,97.0,147.0,145.0,65.98639455782313,4.37e-08,45.8,0.3115646258503401,ad8389143129f15739e5c07ff32d0f06a029c5a21752047d37cf9e9ed8991fd1,reviewed_refs_competitive_blastp_context_v2
hit,L. plantarum,GCF_001308305.1,Rex,O05521,P13568631D_01272,59.223,206.0,215.0,225.0,95.81395348837209,2.54e-89,259.0,1.2046511627906977,ad8389143129f15739e5c07ff32d0f06a029c5a21752047d37cf9e9ed8991fd1,reviewed_refs_competitive_blastp_context_v2
status,L. plantarum,GCF_001308305.1,,,,,,,,,,,,ad8389143129f15739e5c07ff32d0f06a029c5a21752047d37cf9e9ed8991fd1,reviewed_refs_competitive_blastp_context_v2
hit,L. plantarum,GCF_001331925.2,Fur,P54574,P18C83F0E5_02704,28.873,142.0,149.0,160.0,95.30201342281879,9.6e-19,74.3,0.49865771812080534,ad8389143129f15739e5c07ff32d0f06a029c5a21752047d37cf9e9ed8991fd1,reviewed_refs_competitive_blastp_context_v2
hit,L. plantarum,GCF_001331925.2,Fur,P54574,P18C83F0E5_00682,23.841,151.0,149.0,147.0,101.34228187919463,4.07e-09,48.9,0.32818791946308723,ad8389143129f15739e5c07ff32d0f06a029c5a21752047d37cf9e9ed8991fd1,reviewed_refs_competitive_blastp_context_v2
hit,L. plantarum,GCF_001331925.2,Zur,P54479,P18C83F0E5_00682,36.364,143.0,145.0,147.0,98.62068965517241,4.41e-35,115.0,0.7931034482758621,ad8389143129f15739e5c07ff32d0f06a029c5a21752047d37cf9e9ed8991fd1,reviewed_refs_competitive_blastp_context_v2
hit,L. plantarum,GCF_001331925.2,Zur,P54479,P18C83F0E5_02704,29.851,134.0,145.0,160.0,92.41379310344827,2.66e-17,70.5,0.4862068965517241,ad8389143129f15739e5c07ff32d0f06a029c5a21752047d37cf9e9ed8991fd1,reviewed_refs_competitive_blastp_context_v2
hit,L. plantarum,GCF_001331925.2,PerR,P71086,P18C83F0E5_02704,46.528,144.0,145.0,160.0,99.3103448275862,9.38e-48,148.0,1.0206896551724138,ad8389143129f15739e5c07ff32d0f06a029c5a21752047d37cf9e9ed8991fd1,reviewed_refs_competitive_blastp_context_v2
hit,L. plantarum,GCF_001331925.2,PerR,P71086,P18C83F0E5_00682,33.099,142.0,145.0,147.0,97.93103448275862,5.48e-23,85.1,0.5868965517241379,ad8389143129f15739e5c07ff32d0f06a029c5a21752047d37cf9e9ed8991fd1,reviewed_refs_competitive_blastp_context_v2
hit,L. plantarum,GCF_001331925.2,Spx,O31602,P18C83F0E5_01832,66.412,131.0,131.0,132.0,100.0,5.9e-66,192.0,1.465648854961832,ad8389143129f15739e5c07ff32d0f06a029c5a21752047d37cf9e9ed8991fd1,reviewed_refs_competitive_blastp_context_v2
hit,L. plantarum,GCF_001331925.2,Spx,O31602,P18C83F0E5_00656,54.331,127.0,131.0,140.0,96.94656488549619,2.28e-39,125.0,0.9541984732824428,ad8389143129f15739e5c07ff32d0f06a029c5a21752047d37cf9e9ed8991fd1,reviewed_refs_competitive_blastp_context_v2
hit,L. plantarum,GCF_001331925.2,Spx,O31602,P18C83F0E5_02783,46.825,126.0,131.0,134.0,96.18320610687023,4.19e-39,125.0,0.9541984732824428,ad8389143129f15739e5c07ff32d0f06a029c5a21752047d37cf9e9ed8991fd1,reviewed_refs_competitive_blastp_context_v2
hit,L. plantarum,GCF_001331925.2,Spx,O31602,P18C83F0E5_02975,47.154,123.0,131.0,145.0,93.89312977099236,1.13e-38,124.0,0.9465648854961832,ad8389143129f15739e5c07ff32d0f06a029c5a21752047d37cf9e9ed8991fd1,reviewed_refs_competitive_blastp_context_v2
hit,L. plantarum,GCF_001331925.2,Spx,O31602,P18C83F0E5_01589,42.857,126.0,131.0,133.0,96.18320610687023,2.34e-37,120.0,0.916030534351145,ad8389143129f15739e5c07ff32d0f06a029c5a21752047d37cf9e9ed8991fd1,reviewed_refs_competitive_blastp_context_v2
hit,L. plantarum,GCF_001331925.2,Spx,O31602,P18C83F0E5_00522,30.137,73.0,131.0,76.0,55.725190839694655,1.16e-06,40.4,0.3083969465648855,ad8389143129f15739e5c07ff32d0f06a029c5a21752047d37cf9e9ed8991fd1,reviewed_refs_competitive_blastp_context_v2
hit,L. plantarum,GCF_001331925.2,MgsR,P54503,P18C83F0E5_01832,46.789,109.0,126.0,132.0,86.5079365079365,3.43e-37,120.0,0.9523809523809523,ad8389143129f15739e5c07ff32d0f06a029c5a21752047d37cf9e9ed8991fd1,reviewed_refs_competitive_blastp_context_v2
hit,L. plantarum,GCF_001331925.2,MgsR,P54503,P18C83F0E5_02975,41.284,109.0,126.0,145.0,86.5079365079365,8.8e-31,103.0,0.8174603174603174,ad8389143129f15739e5c07ff32d0f06a029c5a21752047d37cf9e9ed8991fd1,reviewed_refs_competitive_blastp_context_v2
hit,L. plantarum,GCF_001331925.2,MgsR,P54503,P18C83F0E5_01589,39.45,109.0,126.0,133.0,86.5079365079365,3.86e-29,99.4,0.788888888888889,ad8389143129f15739e5c07ff32d0f06a029c5a21752047d37cf9e9ed8991fd1,reviewed_refs_competitive_blastp_context_v2
hit,L. plantarum,GCF_001331925.2,MgsR,P54503,P18C83F0E5_00656,46.591,88.0,126.0,140.0,69.84126984126983,9.35e-26,91.3,0.7246031746031746,ad8389143129f15739e5c07ff32d0f06a029c5a21752047d37cf9e9ed8991fd1,reviewed_refs_competitive_blastp_context_v2
hit,L. plantarum,GCF_001331925.2,MgsR,P54503,P18C83F0E5_02783,39.048,105.0,126.0,134.0,83.33333333333333,1.04e-24,88.2,0.7000000000000001,ad8389143129f15739e5c07ff32d0f06a029c5a21752047d37cf9e9ed8991fd1,reviewed_refs_competitive_blastp_context_v2
hit,L. plantarum,GCF_001331925.2,OhrR,O34777,P18C83F0E5_01062,44.531,128.0,147.0,158.0,87.07482993197279,1.3e-30,104.0,0.7074829931972789,ad8389143129f15739e5c07ff32d0f06a029c5a21752047d37cf9e9ed8991fd1,reviewed_refs_competitive_blastp_context_v2
hit,L. plantarum,GCF_001331925.2,OhrR,O34777,P18C83F0E5_00699,40.58,138.0,147.0,150.0,93.87755102040816,2.8e-28,98.6,0.6707482993197279,ad8389143129f15739e5c07ff32d0f06a029c5a21752047d37cf9e9ed8991fd1,reviewed_refs_competitive_blastp_context_v2
hit,L. plantarum,GCF_001331925.2,OhrR,O34777,P18C83F0E5_01504,39.64,111.0,147.0,145.0,75.51020408163265,4.02e-23,85.1,0.5789115646258503,ad8389143129f15739e5c07ff32d0f06a029c5a21752047d37cf9e9ed8991fd1,reviewed_refs_competitive_blastp_context_v2
hit,L. plantarum,GCF_001331925.2,OhrR,O34777,P18C83F0E5_01614,31.959,97.0,147.0,145.0,65.98639455782313,4.23e-08,45.8,0.3115646258503401,ad8389143129f15739e5c07ff32d0f06a029c5a21752047d37cf9e9ed8991fd1,reviewed_refs_competitive_blastp_context_v2
hit,L. plantarum,GCF_001331925.2,Rex,O05521,P18C83F0E5_00552,59.223,206.0,215.0,225.0,95.81395348837209,2.46e-89,259.0,1.2046511627906977,ad8389143129f15739e5c07ff32d0f06a029c5a21752047d37cf9e9ed8991fd1,reviewed_refs_competitive_blastp_context_v2
status,L. plantarum,GCF_001331925.2,,,,,,,,,,,,ad8389143129f15739e5c07ff32d0f06a029c5a21752047d37cf9e9ed8991fd1,reviewed_refs_competitive_blastp_context_v2
hit,L. plantarum,GCF_001368775.1,Fur,P54574,P10D5C22B8_02311,28.873,142.0,149.0,160.0,95.30201342281879,9.82e-19,74.3,0.49865771812080534,ad8389143129f15739e5c07ff32d0f06a029c5a21752047d37cf9e9ed8991fd1,reviewed_refs_competitive_blastp_context_v2
hit,L. plantarum,GCF_001368775.1,Fur,P54574,P10D5C22B8_00285,23.841,151.0,149.0,147.0,101.34228187919463,4.16e-09,48.9,0.32818791946308723,ad8389143129f15739e5c07ff32d0f06a029c5a21752047d37cf9e9ed8991fd1,reviewed_refs_competitive_blastp_context_v2
hit,L. plantarum,GCF_001368775.1,Zur,P54479,P10D5C22B8_00285,36.364,143.0,145.0,147.0,98.62068965517241,4.51e-35,115.0,0.7931034482758621,ad8389143129f15739e5c07ff32d0f06a029c5a21752047d37cf9e9ed8991fd1,reviewed_refs_competitive_blastp_context_v2
hit,L. plantarum,GCF_001368775.1,Zur,P54479,P10D5C22B8_02311,29.851,134.0,145.0,160.0,92.41379310344827,2.72e-17,70.5,0.4862068965517241,ad8389143129f15739e5c07ff32d0f06a029c5a21752047d37cf9e9ed8991fd1,reviewed_refs_competitive_blastp_context_v2
hit,L. plantarum,GCF_001368775.1,PerR,P71086,P10D5C22B8_02311,46.528,144.0,145.0,160.0,99.3103448275862,9.58e-48,148.0,1.0206896551724138,ad8389143129f15739e5c07ff32d0f06a029c5a21752047d37cf9e9ed8991fd1,reviewed_refs_competitive_blastp_context_v2
hit,L. plantarum,GCF_001368775.1,PerR,P71086,P10D5C22B8_00285,33.099,142.0,145.0,147.0,97.93103448275862,5.61e-23,85.1,0.5868965517241379,ad8389143129f15739e5c07ff32d0f06a029c5a21752047d37cf9e9ed8991fd1,reviewed_refs_competitive_blastp_context_v2
hit,L. plantarum,GCF_001368775.1,Spx,O31602,P10D5C22B8_01002,67.176,131.0,131.0,132.0,100.0,1.67e-66,194.0,1.4809160305343512,ad8389143129f15739e5c07ff32d0f06a029c5a21752047d37cf9e9ed8991fd1,reviewed_refs_competitive_blastp_context_v2
hit,L. plantarum,GCF_001368775.1,Spx,O31602,P10D5C22B8_01719,54.331,127.0,131.0,140.0,96.94656488549619,2.33e-39,125.0,0.9541984732824428,ad8389143129f15739e5c07ff32d0f06a029c5a21752047d37cf9e9ed8991fd1,reviewed_refs_competitive_blastp_context_v2
hit,L. plantarum,GCF_001368775.1,Spx,O31602,P10D5C22B8_02384,46.825,126.0,131.0,134.0,96.18320610687023,4.29e-39,125.0,0.9541984732824428,ad8389143129f15739e5c07ff32d0f06a029c5a21752047d37cf9e9ed8991fd1,reviewed_refs_competitive_blastp_context_v2
hit,L. plantarum,GCF_001368775.1,Spx,O31602,P10D5C22B8_02670,47.154,123.0,131.0,145.0,93.89312977099236,1.15e-38,124.0,0.9465648854961832,ad8389143129f15739e5c07ff32d0f06a029c5a21752047d37cf9e9ed8991fd1,reviewed_refs_competitive_blastp_context_v2
hit,L. plantarum,GCF_001368775.1,Spx,O31602,P10D5C22B8_02558,42.857,126.0,131.0,133.0,96.18320610687023,2.39e-37,120.0,0.916030534351145,ad8389143129f15739e5c07ff32d0f06a029c5a21752047d37cf9e9ed8991fd1,reviewed_refs_competitive_blastp_context_v2
hit,L. plantarum,GCF_001368775.1,Spx,O31602,P10D5C22B8_01632,30.137,73.0,131.0,76.0,55.725190839694655,1.19e-06,40.4,0.3083969465648855,ad8389143129f15739e5c07ff32d0f06a029c5a21752047d37cf9e9ed8991fd1,reviewed_refs_competitive_blastp_context_v2
hit,L. plantarum,GCF_001368775.1,MgsR,P54503,P10D5C22B8_01002,44.828,116.0,126.0,132.0,92.06349206349206,1.43e-37,120.0,0.9523809523809523,ad8389143129f15739e5c07ff32d0f06a029c5a21752047d37cf9e9ed8991fd1,reviewed_refs_competitive_blastp_context_v2
hit,L. plantarum,GCF_001368775.1,MgsR,P54503,P10D5C22B8_02670,41.284,109.0,126.0,145.0,86.5079365079365,8.99e-31,103.0,0.8174603174603174,ad8389143129f15739e5c07ff32d0f06a029c5a21752047d37cf9e9ed8991fd1,reviewed_refs_competitive_blastp_context_v2
hit,L. plantarum,GCF_001368775.1,MgsR,P54503,P10D5C22B8_02558,39.45,109.0,126.0,133.0,86.5079365079365,3.94e-29,99.4,0.788888888888889,ad8389143129f15739e5c07ff32d0f06a029c5a21752047d37cf9e9ed8991fd1,reviewed_refs_competitive_blastp_context_v2
hit,L. plantarum,GCF_001368775.1,MgsR,P54503,P10D5C22B8_01719,46.591,88.0,126.0,140.0,69.84126984126983,9.56e-26,91.3,0.7246031746031746,ad8389143129f15739e5c07ff32d0f06a029c5a21752047d37cf9e9ed8991fd1,reviewed_refs_competitive_blastp_context_v2
hit,L. plantarum,GCF_001368775.1,MgsR,P54503,P10D5C22B8_02384,39.048,105.0,126.0,134.0,83.33333333333333,1.07e-24,88.2,0.7000000000000001,ad8389143129f15739e5c07ff32d0f06a029c5a21752047d37cf9e9ed8991fd1,reviewed_refs_competitive_blastp_context_v2
hit,L. plantarum,GCF_001368775.1,OhrR,O34777,P10D5C22B8_01986,44.531,128.0,147.0,158.0,87.07482993197279,1.33e-30,104.0,0.7074829931972789,ad8389143129f15739e5c07ff32d0f06a029c5a21752047d37cf9e9ed8991fd1,reviewed_refs_competitive_blastp_context_v2
hit,L. plantarum,GCF_001368775.1,OhrR,O34777,P10D5C22B8_00268,40.299,134.0,147.0,146.0,91.15646258503402,3.45e-28,98.2,0.6680272108843538,ad8389143129f15739e5c07ff32d0f06a029c5a21752047d37cf9e9ed8991fd1,reviewed_refs_competitive_blastp_context_v2
hit,L. plantarum,GCF_001368775.1,OhrR,O34777,P10D5C22B8_01187,39.64,111.0,147.0,145.0,75.51020408163265,4.11e-23,85.1,0.5789115646258503,ad8389143129f15739e5c07ff32d0f06a029c5a21752047d37cf9e9ed8991fd1,reviewed_refs_competitive_blastp_context_v2
hit,L. plantarum,GCF_001368775.1,OhrR,O34777,P10D5C22B8_02221,31.959,97.0,147.0,155.0,65.98639455782313,5.48e-08,45.8,0.3115646258503401,ad8389143129f15739e5c07ff32d0f06a029c5a21752047d37cf9e9ed8991fd1,reviewed_refs_competitive_blastp_context_v2
hit,L. plantarum,GCF_001368775.1,Rex,O05521,P10D5C22B8_01657,59.223,206.0,215.0,225.0,95.81395348837209,2.52e-89,259.0,1.2046511627906977,ad8389143129f15739e5c07ff32d0f06a029c5a21752047d37cf9e9ed8991fd1,reviewed_refs_competitive_blastp_context_v2
status,L. plantarum,GCF_001368775.1,,,,,,,,,,,,ad8389143129f15739e5c07ff32d0f06a029c5a21752047d37cf9e9ed8991fd1,reviewed_refs_competitive_blastp_context_v2
hit,L. plantarum,GCF_001436855.1,Fur,P54574,P11A6FF55D_01476,28.873,142.0,149.0,160.0,95.30201342281879,1.05e-18,74.3,0.49865771812080534,ad8389143129f15739e5c07ff32d0f06a029c5a21752047d37cf9e9ed8991fd1,reviewed_refs_competitive_blastp_context_v2
hit,L. plantarum,GCF_001436855.1,Fur,P54574,P11A6FF55D_00909,23.841,151.0,149.0,147.0,101.34228187919463,4.45e-09,48.9,0.32818791946308723,ad8389143129f15739e5c07ff32d0f06a029c5a21752047d37cf9e9ed8991fd1,reviewed_refs_competitive_blastp_context_v2
hit,L. plantarum,GCF_001436855.1,Zur,P54479,P11A6FF55D_00909,36.364,143.0,145.0,147.0,98.62068965517241,4.82e-35,115.0,0.7931034482758621,ad8389143129f15739e5c07ff32d0f06a029c5a21752047d37cf9e9ed8991fd1,reviewed_refs_competitive_blastp_context_v2
hit,L. plantarum,GCF_001436855.1,Zur,P54479,P11A6FF55D_01476,29.851,134.0,145.0,160.0,92.41379310344827,2.91e-17,70.5,0.4862068965517241,ad8389143129f15739e5c07ff32d0f06a029c5a21752047d37cf9e9ed8991fd1,reviewed_refs_competitive_blastp_context_v2
hit,L. plantarum,GCF_001436855.1,PerR,P71086,P11A6FF55D_01476,46.528,144.0,145.0,160.0,99.3103448275862,1.03e-47,148.0,1.0206896551724138,ad8389143129f15739e5c07ff32d0f06a029c5a21752047d37cf9e9ed8991fd1,reviewed_refs_competitive_blastp_context_v2
hit,L. plantarum,GCF_001436855.1,PerR,P71086,P11A6FF55D_00909,33.099,142.0,145.0,147.0,97.93103448275862,6e-23,85.1,0.5868965517241379,ad8389143129f15739e5c07ff32d0f06a029c5a21752047d37cf9e9ed8991fd1,reviewed_refs_competitive_blastp_context_v2
hit,L. plantarum,GCF_001436855.1,Spx,O31602,P11A6FF55D_03295,67.176,131.0,131.0,132.0,100.0,1.79e-66,194.0,1.4809160305343512,ad8389143129f15739e5c07ff32d0f06a029c5a21752047d37cf9e9ed8991fd1,reviewed_refs_competitive_blastp_context_v2
hit,L. plantarum,GCF_001436855.1,Spx,O31602,P11A6FF55D_00883,54.331,127.0,131.0,140.0,96.94656488549619,2.5e-39,125.0,0.9541984732824428,ad8389143129f15739e5c07ff32d0f06a029c5a21752047d37cf9e9ed8991fd1,reviewed_refs_competitive_blastp_context_v2
hit,L. plantarum,GCF_001436855.1,Spx,O31602,P11A6FF55D_01992,46.825,126.0,131.0,134.0,96.18320610687023,4.59e-39,125.0,0.9541984732824428,ad8389143129f15739e5c07ff32d0f06a029c5a21752047d37cf9e9ed8991fd1,reviewed_refs_competitive_blastp_context_v2
hit,L. plantarum,GCF_001436855.1,Spx,O31602,P11A6FF55D_01815,47.154,123.0,131.0,145.0,93.89312977099236,1.3e-38,124.0,0.9465648854961832,ad8389143129f15739e5c07ff32d0f06a029c5a21752047d37cf9e9ed8991fd1,reviewed_refs_competitive_blastp_context_v2
hit,L. plantarum,GCF_001436855.1,Spx,O31602,P11A6FF55D_01726,42.857,126.0,131.0,133.0,96.18320610687023,2.56e-37,120.0,0.916030534351145,ad8389143129f15739e5c07ff32d0f06a029c5a21752047d37cf9e9ed8991fd1,reviewed_refs_competitive_blastp_context_v2
hit,L. plantarum,GCF_001436855.1,Spx,O31602,P11A6FF55D_00756,30.137,73.0,131.0,76.0,55.725190839694655,1.27e-06,40.4,0.3083969465648855,ad8389143129f15739e5c07ff32d0f06a029c5a21752047d37cf9e9ed8991fd1,reviewed_refs_competitive_blastp_context_v2
hit,L. plantarum,GCF_001436855.1,MgsR,P54503,P11A6FF55D_03295,44.828,116.0,126.0,132.0,92.06349206349206,1.53e-37,120.0,0.9523809523809523,ad8389143129f15739e5c07ff32d0f06a029c5a21752047d37cf9e9ed8991fd1,reviewed_refs_competitive_blastp_context_v2
hit,L. plantarum,GCF_001436855.1,MgsR,P54503,P11A6FF55D_01815,41.284,109.0,126.0,145.0,86.5079365079365,1.1e-30,103.0,0.8174603174603174,ad8389143129f15739e5c07ff32d0f06a029c5a21752047d37cf9e9ed8991fd1,reviewed_refs_competitive_blastp_context_v2
hit,L. plantarum,GCF_001436855.1,MgsR,P54503,P11A6FF55D_01726,39.45,109.0,126.0,133.0,86.5079365079365,4.22e-29,99.4,0.788888888888889,ad8389143129f15739e5c07ff32d0f06a029c5a21752047d37cf9e9ed8991fd1,reviewed_refs_competitive_blastp_context_v2
hit,L. plantarum,GCF_001436855.1,MgsR,P54503,P11A6FF55D_00883,46.591,88.0,126.0,140.0,69.84126984126983,1.02e-25,91.3,0.7246031746031746,ad8389143129f15739e5c07ff32d0f06a029c5a21752047d37cf9e9ed8991fd1,reviewed_refs_competitive_blastp_context_v2
hit,L. plantarum,GCF_001436855.1,MgsR,P54503,P11A6FF55D_01992,39.048,105.0,126.0,134.0,83.33333333333333,1.14e-24,88.2,0.7000000000000001,ad8389143129f15739e5c07ff32d0f06a029c5a21752047d37cf9e9ed8991fd1,reviewed_refs_competitive_blastp_context_v2
hit,L. plantarum,GCF_001436855.1,OhrR,O34777,P11A6FF55D_00542,44.531,128.0,147.0,158.0,87.07482993197279,1.42e-30,104.0,0.7074829931972789,ad8389143129f15739e5c07ff32d0f06a029c5a21752047d37cf9e9ed8991fd1,reviewed_refs_competitive_blastp_context_v2
hit,L. plantarum,GCF_001436855.1,OhrR,O34777,P11A6FF55D_00927,40.299,134.0,147.0,146.0,91.15646258503402,5e-28,97.8,0.6653061224489796,ad8389143129f15739e5c07ff32d0f06a029c5a21752047d37cf9e9ed8991fd1,reviewed_refs_competitive_blastp_context_v2
hit,L. plantarum,GCF_001436855.1,OhrR,O34777,P11A6FF55D_00274,39.64,111.0,147.0,145.0,75.51020408163265,4.4e-23,85.1,0.5789115646258503,ad8389143129f15739e5c07ff32d0f06a029c5a21752047d37cf9e9ed8991fd1,reviewed_refs_competitive_blastp_context_v2
hit,L. plantarum,GCF_001436855.1,OhrR,O34777,P11A6FF55D_01706,30.928,97.0,147.0,145.0,65.98639455782313,1.41e-07,44.7,0.30408163265306126,ad8389143129f15739e5c07ff32d0f06a029c5a21752047d37cf9e9ed8991fd1,reviewed_refs_competitive_blastp_context_v2
hit,L. plantarum,GCF_001436855.1,Rex,O05521,P11A6FF55D_00781,59.223,206.0,215.0,225.0,95.81395348837209,2.69e-89,259.0,1.2046511627906977,ad8389143129f15739e5c07ff32d0f06a029c5a21752047d37cf9e9ed8991fd1,reviewed_refs_competitive_blastp_context_v2
status,L. plantarum,GCF_001436855.1,,,,,,,,,,,,ad8389143129f15739e5c07ff32d0f06a029c5a21752047d37cf9e9ed8991fd1,reviewed_refs_competitive_blastp_context_v2
hit,L. plantarum,GCF_001444495.1,Fur,P54574,P1B3F69934_01084,28.873,142.0,149.0,160.0,95.30201342281879,9.92e-19,74.3,0.49865771812080534,ad8389143129f15739e5c07ff32d0f06a029c5a21752047d37cf9e9ed8991fd1,reviewed_refs_competitive_blastp_context_v2
hit,L. plantarum,GCF_001444495.1,Fur,P54574,P1B3F69934_00581,23.841,151.0,149.0,147.0,101.34228187919463,4.2e-09,48.9,0.32818791946308723,ad8389143129f15739e5c07ff32d0f06a029c5a21752047d37cf9e9ed8991fd1,reviewed_refs_competitive_blastp_context_v2
hit,L. plantarum,GCF_001444495.1,Zur,P54479,P1B3F69934_00581,36.364,143.0,145.0,147.0,98.62068965517241,4.55e-35,115.0,0.7931034482758621,ad8389143129f15739e5c07ff32d0f06a029c5a21752047d37cf9e9ed8991fd1,reviewed_refs_competitive_blastp_context_v2
hit,L. plantarum,GCF_001444495.1,Zur,P54479,P1B3F69934_01084,29.851,134.0,145.0,160.0,92.41379310344827,2.75e-17,70.5,0.4862068965517241,ad8389143129f15739e5c07ff32d0f06a029c5a21752047d37cf9e9ed8991fd1,reviewed_refs_competitive_blastp_context_v2
hit,L. plantarum,GCF_001444495.1,PerR,P71086,P1B3F69934_01084,46.528,144.0,145.0,160.0,99.3103448275862,9.68e-48,148.0,1.0206896551724138,ad8389143129f15739e5c07ff32d0f06a029c5a21752047d37cf9e9ed8991fd1,reviewed_refs_competitive_blastp_context_v2
hit,L. plantarum,GCF_001444495.1,PerR,P71086,P1B3F69934_00581,33.099,142.0,145.0,147.0,97.93103448275862,5.66e-23,85.1,0.5868965517241379,ad8389143129f15739e5c07ff32d0f06a029c5a21752047d37cf9e9ed8991fd1,reviewed_refs_competitive_blastp_context_v2
hit,L. plantarum,GCF_001444495.1,Spx,O31602,P1B3F69934_00621,67.176,131.0,131.0,132.0,100.0,1.69e-66,194.0,1.4809160305343512,ad8389143129f15739e5c07ff32d0f06a029c5a21752047d37cf9e9ed8991fd1,reviewed_refs_competitive_blastp_context_v2
hit,L. plantarum,GCF_001444495.1,Spx,O31602,P1B3F69934_00607,54.331,127.0,131.0,140.0,96.94656488549619,2.36e-39,125.0,0.9541984732824428,ad8389143129f15739e5c07ff32d0f06a029c5a21752047d37cf9e9ed8991fd1,reviewed_refs_competitive_blastp_context_v2
hit,L. plantarum,GCF_001444495.1,Spx,O31602,P1B3F69934_00791,46.825,126.0,131.0,134.0,96.18320610687023,4.33e-39,125.0,0.9541984732824428,ad8389143129f15739e5c07ff32d0f06a029c5a21752047d37cf9e9ed8991fd1,reviewed_refs_competitive_blastp_context_v2
hit,L. plantarum,GCF_001444495.1,Spx,O31602,P1B3F69934_01835,47.154,123.0,131.0,145.0,93.89312977099236,1.23e-38,124.0,0.9465648854961832,ad8389143129f15739e5c07ff32d0f06a029c5a21752047d37cf9e9ed8991fd1,reviewed_refs_competitive_blastp_context_v2
hit,L. plantarum,GCF_001444495.1,Spx,O31602,P1B3F69934_00322,42.857,126.0,131.0,133.0,96.18320610687023,2.41e-37,120.0,0.916030534351145,ad8389143129f15739e5c07ff32d0f06a029c5a21752047d37cf9e9ed8991fd1,reviewed_refs_competitive_blastp_context_v2
hit,L. plantarum,GCF_001444495.1,Spx,O31602,P1B3F69934_01999,30.137,73.0,131.0,76.0,55.725190839694655,1.2e-06,40.4,0.3083969465648855,ad8389143129f15739e5c07ff32d0f06a029c5a21752047d37cf9e9ed8991fd1,reviewed_refs_competitive_blastp_context_v2
hit,L. plantarum,GCF_001444495.1,MgsR,P54503,P1B3F69934_00621,44.828,116.0,126.0,132.0,92.06349206349206,1.45e-37,120.0,0.9523809523809523,ad8389143129f15739e5c07ff32d0f06a029c5a21752047d37cf9e9ed8991fd1,reviewed_refs_competitive_blastp_context_v2
hit,L. plantarum,GCF_001444495.1,MgsR,P54503,P1B3F69934_01835,41.284,109.0,126.0,145.0,86.5079365079365,1.03e-30,103.0,0.8174603174603174,ad8389143129f15739e5c07ff32d0f06a029c5a21752047d37cf9e9ed8991fd1,reviewed_refs_competitive_blastp_context_v2
hit,L. plantarum,GCF_001444495.1,MgsR,P54503,P1B3F69934_00322,39.45,109.0,126.0,133.0,86.5079365079365,3.98e-29,99.4,0.788888888888889,ad8389143129f15739e5c07ff32d0f06a029c5a21752047d37cf9e9ed8991fd1,reviewed_refs_competitive_blastp_context_v2
hit,L. plantarum,GCF_001444495.1,MgsR,P54503,P1B3F69934_00607,46.591,88.0,126.0,140.0,69.84126984126983,9.66e-26,91.3,0.7246031746031746,ad8389143129f15739e5c07ff32d0f06a029c5a21752047d37cf9e9ed8991fd1,reviewed_refs_competitive_blastp_context_v2
hit,L. plantarum,GCF_001444495.1,MgsR,P54503,P1B3F69934_00791,39.048,105.0,126.0,134.0,83.33333333333333,1.08e-24,88.2,0.7000000000000001,ad8389143129f15739e5c07ff32d0f06a029c5a21752047d37cf9e9ed8991fd1,reviewed_refs_competitive_blastp_context_v2
hit,L. plantarum,GCF_001444495.1,OhrR,O34777,P1B3F69934_00913,44.531,128.0,147.0,158.0,87.07482993197279,1.34e-30,104.0,0.7074829931972789,ad8389143129f15739e5c07ff32d0f06a029c5a21752047d37cf9e9ed8991fd1,reviewed_refs_competitive_blastp_context_v2
hit,L. plantarum,GCF_001444495.1,OhrR,O34777,P1B3F69934_00564,40.299,134.0,147.0,146.0,91.15646258503402,4.72e-28,97.8,0.6653061224489796,ad8389143129f15739e5c07ff32d0f06a029c5a21752047d37cf9e9ed8991fd1,reviewed_refs_competitive_blastp_context_v2
hit,L. plantarum,GCF_001444495.1,OhrR,O34777,P1B3F69934_00142,39.64,111.0,147.0,145.0,75.51020408163265,4.16e-23,85.1,0.5789115646258503,ad8389143129f15739e5c07ff32d0f06a029c5a21752047d37cf9e9ed8991fd1,reviewed_refs_competitive_blastp_context_v2
hit,L. plantarum,GCF_001444495.1,OhrR,O34777,P1B3F69934_00302,30.928,97.0,147.0,145.0,65.98639455782313,1.32e-07,44.7,0.30408163265306126,ad8389143129f15739e5c07ff32d0f06a029c5a21752047d37cf9e9ed8991fd1,reviewed_refs_competitive_blastp_context_v2
hit,L. plantarum,GCF_001444495.1,Rex,O05521,P1B3F69934_01223,59.223,206.0,215.0,225.0,95.81395348837209,2.54e-89,259.0,1.2046511627906977,ad8389143129f15739e5c07ff32d0f06a029c5a21752047d37cf9e9ed8991fd1,reviewed_refs_competitive_blastp_context_v2
status,L. plantarum,GCF_001444495.1,,,,,,,,,,,,ad8389143129f15739e5c07ff32d0f06a029c5a21752047d37cf9e9ed8991fd1,reviewed_refs_competitive_blastp_context_v2
hit,L. plantarum,GCF_001484005.1,Fur,P54574,P1B893052C_00507,28.873,142.0,149.0,160.0,95.30201342281879,1.02e-18,74.3,0.49865771812080534,ad8389143129f15739e5c07ff32d0f06a029c5a21752047d37cf9e9ed8991fd1,reviewed_refs_competitive_blastp_context_v2
hit,L. plantarum,GCF_001484005.1,Fur,P54574,P1B893052C_02586,23.841,151.0,149.0,147.0,101.34228187919463,4.3e-09,48.9,0.32818791946308723,ad8389143129f15739e5c07ff32d0f06a029c5a21752047d37cf9e9ed8991fd1,reviewed_refs_competitive_blastp_context_v2
hit,L. plantarum,GCF_001484005.1,Zur,P54479,P1B893052C_02586,36.364,143.0,145.0,147.0,98.62068965517241,4.66e-35,115.0,0.7931034482758621,ad8389143129f15739e5c07ff32d0f06a029c5a21752047d37cf9e9ed8991fd1,reviewed_refs_competitive_blastp_context_v2
hit,L. plantarum,GCF_001484005.1,Zur,P54479,P1B893052C_00507,29.851,134.0,145.0,160.0,92.41379310344827,2.81e-17,70.5,0.4862068965517241,ad8389143129f15739e5c07ff32d0f06a029c5a21752047d37cf9e9ed8991fd1,reviewed_refs_competitive_blastp_context_v2
hit,L. plantarum,GCF_001484005.1,PerR,P71086,P1B893052C_00507,46.528,144.0,145.0,160.0,99.3103448275862,9.91e-48,148.0,1.0206896551724138,ad8389143129f15739e5c07ff32d0f06a029c5a21752047d37cf9e9ed8991fd1,reviewed_refs_competitive_blastp_context_v2
hit,L. plantarum,GCF_001484005.1,PerR,P71086,P1B893052C_02586,33.099,142.0,145.0,147.0,97.93103448275862,5.8e-23,85.1,0.5868965517241379,ad8389143129f15739e5c07ff32d0f06a029c5a21752047d37cf9e9ed8991fd1,reviewed_refs_competitive_blastp_context_v2
hit,L. plantarum,GCF_001484005.1,Spx,O31602,P1B893052C_01442,67.176,131.0,131.0,132.0,100.0,1.73e-66,194.0,1.4809160305343512,ad8389143129f15739e5c07ff32d0f06a029c5a21752047d37cf9e9ed8991fd1,reviewed_refs_competitive_blastp_context_v2
hit,L. plantarum,GCF_001484005.1,Spx,O31602,P1B893052C_02848,47.619,126.0,131.0,134.0,96.18320610687023,1.26e-39,126.0,0.9618320610687023,ad8389143129f15739e5c07ff32d0f06a029c5a21752047d37cf9e9ed8991fd1,reviewed_refs_competitive_blastp_context_v2
hit,L. plantarum,GCF_001484005.1,Spx,O31602,P1B893052C_02613,54.331,127.0,131.0,140.0,96.94656488549619,2.41e-39,125.0,0.9541984732824428,ad8389143129f15739e5c07ff32d0f06a029c5a21752047d37cf9e9ed8991fd1,reviewed_refs_competitive_blastp_context_v2
hit,L. plantarum,GCF_001484005.1,Spx,O31602,P1B893052C_03041,47.154,123.0,131.0,145.0,93.89312977099236,1.26e-38,124.0,0.9465648854961832,ad8389143129f15739e5c07ff32d0f06a029c5a21752047d37cf9e9ed8991fd1,reviewed_refs_competitive_blastp_context_v2
hit,L. plantarum,GCF_001484005.1,Spx,O31602,P1B893052C_01685,42.857,126.0,131.0,133.0,96.18320610687023,2.47e-37,120.0,0.916030534351145,ad8389143129f15739e5c07ff32d0f06a029c5a21752047d37cf9e9ed8991fd1,reviewed_refs_competitive_blastp_context_v2
hit,L. plantarum,GCF_001484005.1,Spx,O31602,P1B893052C_02741,30.137,73.0,131.0,76.0,55.725190839694655,1.23e-06,40.4,0.3083969465648855,ad8389143129f15739e5c07ff32d0f06a029c5a21752047d37cf9e9ed8991fd1,reviewed_refs_competitive_blastp_context_v2
hit,L. plantarum,GCF_001484005.1,MgsR,P54503,P1B893052C_01442,44.828,116.0,126.0,132.0,92.06349206349206,1.48e-37,120.0,0.9523809523809523,ad8389143129f15739e5c07ff32d0f06a029c5a21752047d37cf9e9ed8991fd1,reviewed_refs_competitive_blastp_context_v2
hit,L. plantarum,GCF_001484005.1,MgsR,P54503,P1B893052C_03041,41.284,109.0,126.0,145.0,86.5079365079365,1.06e-30,103.0,0.8174603174603174,ad8389143129f15739e5c07ff32d0f06a029c5a21752047d37cf9e9ed8991fd1,reviewed_refs_competitive_blastp_context_v2
hit,L. plantarum,GCF_001484005.1,MgsR,P54503,P1B893052C_01685,39.45,109.0,126.0,133.0,86.5079365079365,4.08e-29,99.4,0.788888888888889,ad8389143129f15739e5c07ff32d0f06a029c5a21752047d37cf9e9ed8991fd1,reviewed_refs_competitive_blastp_context_v2
hit,L. plantarum,GCF_001484005.1,MgsR,P54503,P1B893052C_02613,46.591,88.0,126.0,140.0,69.84126984126983,9.89e-26,91.3,0.7246031746031746,ad8389143129f15739e5c07ff32d0f06a029c5a21752047d37cf9e9ed8991fd1,reviewed_refs_competitive_blastp_context_v2
hit,L. plantarum,GCF_001484005.1,MgsR,P54503,P1B893052C_02848,39.048,105.0,126.0,134.0,83.33333333333333,1.3e-24,88.2,0.7000000000000001,ad8389143129f15739e5c07ff32d0f06a029c5a21752047d37cf9e9ed8991fd1,reviewed_refs_competitive_blastp_context_v2
hit,L. plantarum,GCF_001484005.1,OhrR,O34777,P1B893052C_02145,44.531,128.0,147.0,158.0,87.07482993197279,1.37e-30,104.0,0.7074829931972789,ad8389143129f15739e5c07ff32d0f06a029c5a21752047d37cf9e9ed8991fd1,reviewed_refs_competitive_blastp_context_v2
hit,L. plantarum,GCF_001484005.1,OhrR,O34777,P1B893052C_02569,40.299,134.0,147.0,146.0,91.15646258503402,4.83e-28,97.8,0.6653061224489796,ad8389143129f15739e5c07ff32d0f06a029c5a21752047d37cf9e9ed8991fd1,reviewed_refs_competitive_blastp_context_v2
hit,L. plantarum,GCF_001484005.1,OhrR,O34777,P1B893052C_01769,39.64,111.0,147.0,145.0,75.51020408163265,4.26e-23,85.1,0.5789115646258503,ad8389143129f15739e5c07ff32d0f06a029c5a21752047d37cf9e9ed8991fd1,reviewed_refs_competitive_blastp_context_v2
hit,L. plantarum,GCF_001484005.1,OhrR,O34777,P1B893052C_01665,30.928,97.0,147.0,145.0,65.98639455782313,1.36e-07,44.7,0.30408163265306126,ad8389143129f15739e5c07ff32d0f06a029c5a21752047d37cf9e9ed8991fd1,reviewed_refs_competitive_blastp_context_v2
hit,L. plantarum,GCF_001484005.1,Rex,O05521,P1B893052C_02716,59.223,206.0,215.0,225.0,95.81395348837209,2.6e-89,259.0,1.2046511627906977,ad8389143129f15739e5c07ff32d0f06a029c5a21752047d37cf9e9ed8991fd1,reviewed_refs_competitive_blastp_context_v2
status,L. plantarum,GCF_001484005.1,,,,,,,,,,,,ad8389143129f15739e5c07ff32d0f06a029c5a21752047d37cf9e9ed8991fd1,reviewed_refs_competitive_blastp_context_v2
hit,L. plantarum,GCF_001540925.1,Fur,P54574,P1EB452A04_01927,28.873,142.0,149.0,160.0,95.30201342281879,1.01e-18,74.3,0.49865771812080534,ad8389143129f15739e5c07ff32d0f06a029c5a21752047d37cf9e9ed8991fd1,reviewed_refs_competitive_blastp_context_v2
hit,L. plantarum,GCF_001540925.1,Fur,P54574,P1EB452A04_02471,23.841,151.0,149.0,147.0,101.34228187919463,4.29e-09,48.9,0.32818791946308723,ad8389143129f15739e5c07ff32d0f06a029c5a21752047d37cf9e9ed8991fd1,reviewed_refs_competitive_blastp_context_v2
hit,L. plantarum,GCF_001540925.1,Zur,P54479,P1EB452A04_02471,36.364,143.0,145.0,147.0,98.62068965517241,4.65e-35,115.0,0.7931034482758621,ad8389143129f15739e5c07ff32d0f06a029c5a21752047d37cf9e9ed8991fd1,reviewed_refs_competitive_blastp_context_v2
hit,L. plantarum,GCF_001540925.1,Zur,P54479,P1EB452A04_01927,29.851,134.0,145.0,160.0,92.41379310344827,2.81e-17,70.5,0.4862068965517241,ad8389143129f15739e5c07ff32d0f06a029c5a21752047d37cf9e9ed8991fd1,reviewed_refs_competitive_blastp_context_v2
hit,L. plantarum,GCF_001540925.1,PerR,P71086,P1EB452A04_01927,46.528,144.0,145.0,160.0,99.3103448275862,9.89e-48,148.0,1.0206896551724138,ad8389143129f15739e5c07ff32d0f06a029c5a21752047d37cf9e9ed8991fd1,reviewed_refs_competitive_blastp_context_v2
hit,L. plantarum,GCF_001540925.1,PerR,P71086,P1EB452A04_02471,33.099,142.0,145.0,147.0,97.93103448275862,5.78e-23,85.1,0.5868965517241379,ad8389143129f15739e5c07ff32d0f06a029c5a21752047d37cf9e9ed8991fd1,reviewed_refs_competitive_blastp_context_v2
hit,L. plantarum,GCF_001540925.1,Spx,O31602,P1EB452A04_01017,67.176,131.0,131.0,132.0,100.0,1.73e-66,194.0,1.4809160305343512,ad8389143129f15739e5c07ff32d0f06a029c5a21752047d37cf9e9ed8991fd1,reviewed_refs_competitive_blastp_context_v2
hit,L. plantarum,GCF_001540925.1,Spx,O31602,P1EB452A04_03038,54.331,127.0,131.0,140.0,96.94656488549619,2.41e-39,125.0,0.9541984732824428,ad8389143129f15739e5c07ff32d0f06a029c5a21752047d37cf9e9ed8991fd1,reviewed_refs_competitive_blastp_context_v2
hit,L. plantarum,GCF_001540925.1,Spx,O31602,P1EB452A04_01872,46.825,126.0,131.0,134.0,96.18320610687023,4.42e-39,125.0,0.9541984732824428,ad8389143129f15739e5c07ff32d0f06a029c5a21752047d37cf9e9ed8991fd1,reviewed_refs_competitive_blastp_context_v2
hit,L. plantarum,GCF_001540925.1,Spx,O31602,P1EB452A04_01696,47.154,123.0,131.0,145.0,93.89312977099236,1.19e-38,124.0,0.9465648854961832,ad8389143129f15739e5c07ff32d0f06a029c5a21752047d37cf9e9ed8991fd1,reviewed_refs_competitive_blastp_context_v2
hit,L. plantarum,GCF_001540925.1,Spx,O31602,P1EB452A04_00412,42.857,126.0,131.0,133.0,96.18320610687023,2.46e-37,120.0,0.916030534351145,ad8389143129f15739e5c07ff32d0f06a029c5a21752047d37cf9e9ed8991fd1,reviewed_refs_competitive_blastp_context_v2
hit,L. plantarum,GCF_001540925.1,Spx,O31602,P1EB452A04_02905,30.137,73.0,131.0,76.0,55.725190839694655,1.22e-06,40.4,0.3083969465648855,ad8389143129f15739e5c07ff32d0f06a029c5a21752047d37cf9e9ed8991fd1,reviewed_refs_competitive_blastp_context_v2
hit,L. plantarum,GCF_001540925.1,MgsR,P54503,P1EB452A04_01017,44.828,116.0,126.0,132.0,92.06349206349206,1.48e-37,120.0,0.9523809523809523,ad8389143129f15739e5c07ff32d0f06a029c5a21752047d37cf9e9ed8991fd1,reviewed_refs_competitive_blastp_context_v2
hit,L. plantarum,GCF_001540925.1,MgsR,P54503,P1EB452A04_01696,41.284,109.0,126.0,145.0,86.5079365079365,9.27e-31,103.0,0.8174603174603174,ad8389143129f15739e5c07ff32d0f06a029c5a21752047d37cf9e9ed8991fd1,reviewed_refs_competitive_blastp_context_v2
hit,L. plantarum,GCF_001540925.1,MgsR,P54503,P1EB452A04_00412,39.45,109.0,126.0,133.0,86.5079365079365,4.07e-29,99.4,0.788888888888889,ad8389143129f15739e5c07ff32d0f06a029c5a21752047d37cf9e9ed8991fd1,reviewed_refs_competitive_blastp_context_v2
hit,L. plantarum,GCF_001540925.1,MgsR,P54503,P1EB452A04_03038,46.591,88.0,126.0,140.0,69.84126984126983,9.86e-26,91.3,0.7246031746031746,ad8389143129f15739e5c07ff32d0f06a029c5a21752047d37cf9e9ed8991fd1,reviewed_refs_competitive_blastp_context_v2
hit,L. plantarum,GCF_001540925.1,MgsR,P54503,P1EB452A04_01872,39.048,105.0,126.0,134.0,83.33333333333333,1.1e-24,88.2,0.7000000000000001,ad8389143129f15739e5c07ff32d0f06a029c5a21752047d37cf9e9ed8991fd1,reviewed_refs_competitive_blastp_context_v2
hit,L. plantarum,GCF_001540925.1,OhrR,O34777,P1EB452A04_00665,44.531,128.0,147.0,158.0,87.07482993197279,1.37e-30,104.0,0.7074829931972789,ad8389143129f15739e5c07ff32d0f06a029c5a21752047d37cf9e9ed8991fd1,reviewed_refs_competitive_blastp_context_v2
hit,L. plantarum,GCF_001540925.1,OhrR,O34777,P1EB452A04_02454,40.299,134.0,147.0,146.0,91.15646258503402,4.82e-28,97.8,0.6653061224489796,ad8389143129f15739e5c07ff32d0f06a029c5a21752047d37cf9e9ed8991fd1,reviewed_refs_competitive_blastp_context_v2
hit,L. plantarum,GCF_001540925.1,OhrR,O34777,P1EB452A04_00327,39.64,111.0,147.0,145.0,75.51020408163265,4.24e-23,85.1,0.5789115646258503,ad8389143129f15739e5c07ff32d0f06a029c5a21752047d37cf9e9ed8991fd1,reviewed_refs_competitive_blastp_context_v2
hit,L. plantarum,GCF_001540925.1,OhrR,O34777,P1EB452A04_00435,31.959,97.0,147.0,145.0,65.98639455782313,4.46e-08,45.8,0.3115646258503401,ad8389143129f15739e5c07ff32d0f06a029c5a21752047d37cf9e9ed8991fd1,reviewed_refs_competitive_blastp_context_v2
hit,L. plantarum,GCF_001540925.1,Rex,O05521,P1EB452A04_02935,59.223,206.0,215.0,225.0,95.81395348837209,2.6e-89,259.0,1.2046511627906977,ad8389143129f15739e5c07ff32d0f06a029c5a21752047d37cf9e9ed8991fd1,reviewed_refs_competitive_blastp_context_v2
status,L. plantarum,GCF_001540925.1,,,,,,,,,,,,ad8389143129f15739e5c07ff32d0f06a029c5a21752047d37cf9e9ed8991fd1,reviewed_refs_competitive_blastp_context_v2
hit,L. plantarum,GCF_001540965.1,Fur,P54574,P132B78AE9_02728,28.873,142.0,149.0,160.0,95.30201342281879,9.92e-19,74.3,0.49865771812080534,ad8389143129f15739e5c07ff32d0f06a029c5a21752047d37cf9e9ed8991fd1,reviewed_refs_competitive_blastp_context_v2
hit,L. plantarum,GCF_001540965.1,Fur,P54574,P132B78AE9_00977,23.841,151.0,149.0,147.0,101.34228187919463,4.2e-09,48.9,0.32818791946308723,ad8389143129f15739e5c07ff32d0f06a029c5a21752047d37cf9e9ed8991fd1,reviewed_refs_competitive_blastp_context_v2
hit,L. plantarum,GCF_001540965.1,Zur,P54479,P132B78AE9_00977,36.364,143.0,145.0,147.0,98.62068965517241,4.55e-35,115.0,0.7931034482758621,ad8389143129f15739e5c07ff32d0f06a029c5a21752047d37cf9e9ed8991fd1,reviewed_refs_competitive_blastp_context_v2
hit,L. plantarum,GCF_001540965.1,Zur,P54479,P132B78AE9_02728,29.851,134.0,145.0,160.0,92.41379310344827,2.75e-17,70.5,0.4862068965517241,ad8389143129f15739e5c07ff32d0f06a029c5a21752047d37cf9e9ed8991fd1,reviewed_refs_competitive_blastp_context_v2
hit,L. plantarum,GCF_001540965.1,PerR,P71086,P132B78AE9_02728,46.528,144.0,145.0,160.0,99.3103448275862,9.68e-48,148.0,1.0206896551724138,ad8389143129f15739e5c07ff32d0f06a029c5a21752047d37cf9e9ed8991fd1,reviewed_refs_competitive_blastp_context_v2
hit,L. plantarum,GCF_001540965.1,PerR,P71086,P132B78AE9_00977,33.099,142.0,145.0,147.0,97.93103448275862,5.66e-23,85.1,0.5868965517241379,ad8389143129f15739e5c07ff32d0f06a029c5a21752047d37cf9e9ed8991fd1,reviewed_refs_competitive_blastp_context_v2
hit,L. plantarum,GCF_001540965.1,Spx,O31602,P132B78AE9_02322,67.176,131.0,131.0,132.0,100.0,1.69e-66,194.0,1.4809160305343512,ad8389143129f15739e5c07ff32d0f06a029c5a21752047d37cf9e9ed8991fd1,reviewed_refs_competitive_blastp_context_v2
hit,L. plantarum,GCF_001540965.1,Spx,O31602,P132B78AE9_02460,54.331,127.0,131.0,140.0,96.94656488549619,2.36e-39,125.0,0.9541984732824428,ad8389143129f15739e5c07ff32d0f06a029c5a21752047d37cf9e9ed8991fd1,reviewed_refs_competitive_blastp_context_v2
hit,L. plantarum,GCF_001540965.1,Spx,O31602,P132B78AE9_00641,46.825,126.0,131.0,134.0,96.18320610687023,4.33e-39,125.0,0.9541984732824428,ad8389143129f15739e5c07ff32d0f06a029c5a21752047d37cf9e9ed8991fd1,reviewed_refs_competitive_blastp_context_v2
hit,L. plantarum,GCF_001540965.1,Spx,O31602,P132B78AE9_00501,47.154,123.0,131.0,145.0,93.89312977099236,1.17e-38,124.0,0.9465648854961832,ad8389143129f15739e5c07ff32d0f06a029c5a21752047d37cf9e9ed8991fd1,reviewed_refs_competitive_blastp_context_v2
hit,L. plantarum,GCF_001540965.1,Spx,O31602,P132B78AE9_01221,42.857,126.0,131.0,133.0,96.18320610687023,2.41e-37,120.0,0.916030534351145,ad8389143129f15739e5c07ff32d0f06a029c5a21752047d37cf9e9ed8991fd1,reviewed_refs_competitive_blastp_context_v2
hit,L. plantarum,GCF_001540965.1,Spx,O31602,P132B78AE9_02583,30.137,73.0,131.0,76.0,55.725190839694655,1.2e-06,40.4,0.3083969465648855,ad8389143129f15739e5c07ff32d0f06a029c5a21752047d37cf9e9ed8991fd1,reviewed_refs_competitive_blastp_context_v2
hit,L. plantarum,GCF_001540965.1,MgsR,P54503,P132B78AE9_02322,44.828,116.0,126.0,132.0,92.06349206349206,1.45e-37,120.0,0.9523809523809523,ad8389143129f15739e5c07ff32d0f06a029c5a21752047d37cf9e9ed8991fd1,reviewed_refs_competitive_blastp_context_v2
hit,L. plantarum,GCF_001540965.1,MgsR,P54503,P132B78AE9_00501,41.284,109.0,126.0,145.0,86.5079365079365,9.08e-31,103.0,0.8174603174603174,ad8389143129f15739e5c07ff32d0f06a029c5a21752047d37cf9e9ed8991fd1,reviewed_refs_competitive_blastp_context_v2
hit,L. plantarum,GCF_001540965.1,MgsR,P54503,P132B78AE9_01221,39.45,109.0,126.0,133.0,86.5079365079365,3.98e-29,99.4,0.788888888888889,ad8389143129f15739e5c07ff32d0f06a029c5a21752047d37cf9e9ed8991fd1,reviewed_refs_competitive_blastp_context_v2
hit,L. plantarum,GCF_001540965.1,MgsR,P54503,P132B78AE9_02460,46.591,88.0,126.0,140.0,69.84126984126983,9.66e-26,91.3,0.7246031746031746,ad8389143129f15739e5c07ff32d0f06a029c5a21752047d37cf9e9ed8991fd1,reviewed_refs_competitive_blastp_context_v2
hit,L. plantarum,GCF_001540965.1,MgsR,P54503,P132B78AE9_00641,39.048,105.0,126.0,134.0,83.33333333333333,1.08e-24,88.2,0.7000000000000001,ad8389143129f15739e5c07ff32d0f06a029c5a21752047d37cf9e9ed8991fd1,reviewed_refs_competitive_blastp_context_v2
hit,L. plantarum,GCF_001540965.1,OhrR,O34777,P132B78AE9_01685,44.531,128.0,147.0,158.0,87.07482993197279,1.34e-30,104.0,0.7074829931972789,ad8389143129f15739e5c07ff32d0f06a029c5a21752047d37cf9e9ed8991fd1,reviewed_refs_competitive_blastp_context_v2
hit,L. plantarum,GCF_001540965.1,OhrR,O34777,P132B78AE9_01788,40.299,134.0,147.0,146.0,91.15646258503402,2.72e-28,98.6,0.6707482993197279,ad8389143129f15739e5c07ff32d0f06a029c5a21752047d37cf9e9ed8991fd1,reviewed_refs_competitive_blastp_context_v2
hit,L. plantarum,GCF_001540965.1,OhrR,O34777,P132B78AE9_01307,41.441,111.0,147.0,145.0,75.51020408163265,7.51e-25,89.7,0.610204081632653,ad8389143129f15739e5c07ff32d0f06a029c5a21752047d37cf9e9ed8991fd1,reviewed_refs_competitive_blastp_context_v2
hit,L. plantarum,GCF_001540965.1,OhrR,O34777,P132B78AE9_01196,31.959,97.0,147.0,155.0,65.98639455782313,5.54e-08,45.8,0.3115646258503401,ad8389143129f15739e5c07ff32d0f06a029c5a21752047d37cf9e9ed8991fd1,reviewed_refs_competitive_blastp_context_v2
hit,L. plantarum,GCF_001540965.1,Rex,O05521,P132B78AE9_02558,59.223,206.0,215.0,225.0,95.81395348837209,2.54e-89,259.0,1.2046511627906977,ad8389143129f15739e5c07ff32d0f06a029c5a21752047d37cf9e9ed8991fd1,reviewed_refs_competitive_blastp_context_v2
status,L. plantarum,GCF_001540965.1,,,,,,,,,,,,ad8389143129f15739e5c07ff32d0f06a029c5a21752047d37cf9e9ed8991fd1,reviewed_refs_competitive_blastp_context_v2
hit,L. plantarum,GCF_001581895.1,Fur,P54574,P12F9DAEC3_02595,28.873,142.0,149.0,160.0,95.30201342281879,9.02e-19,74.3,0.49865771812080534,ad8389143129f15739e5c07ff32d0f06a029c5a21752047d37cf9e9ed8991fd1,reviewed_refs_competitive_blastp_context_v2
hit,L. plantarum,GCF_001581895.1,Fur,P54574,P12F9DAEC3_00643,23.841,151.0,149.0,147.0,101.34228187919463,3.82e-09,48.9,0.32818791946308723,ad8389143129f15739e5c07ff32d0f06a029c5a21752047d37cf9e9ed8991fd1,reviewed_refs_competitive_blastp_context_v2
hit,L. plantarum,GCF_001581895.1,Zur,P54479,P12F9DAEC3_00643,36.364,143.0,145.0,147.0,98.62068965517241,4.14e-35,115.0,0.7931034482758621,ad8389143129f15739e5c07ff32d0f06a029c5a21752047d37cf9e9ed8991fd1,reviewed_refs_competitive_blastp_context_v2
hit,L. plantarum,GCF_001581895.1,Zur,P54479,P12F9DAEC3_02595,29.851,134.0,145.0,160.0,92.41379310344827,2.5e-17,70.5,0.4862068965517241,ad8389143129f15739e5c07ff32d0f06a029c5a21752047d37cf9e9ed8991fd1,reviewed_refs_competitive_blastp_context_v2
hit,L. plantarum,GCF_001581895.1,PerR,P71086,P12F9DAEC3_02595,46.528,144.0,145.0,160.0,99.3103448275862,8.8e-48,148.0,1.0206896551724138,ad8389143129f15739e5c07ff32d0f06a029c5a21752047d37cf9e9ed8991fd1,reviewed_refs_competitive_blastp_context_v2
hit,L. plantarum,GCF_001581895.1,PerR,P71086,P12F9DAEC3_00643,33.099,142.0,145.0,147.0,97.93103448275862,5.15e-23,85.1,0.5868965517241379,ad8389143129f15739e5c07ff32d0f06a029c5a21752047d37cf9e9ed8991fd1,reviewed_refs_competitive_blastp_context_v2
hit,L. plantarum,GCF_001581895.1,Spx,O31602,P12F9DAEC3_01757,67.176,131.0,131.0,132.0,100.0,1.54e-66,194.0,1.4809160305343512,ad8389143129f15739e5c07ff32d0f06a029c5a21752047d37cf9e9ed8991fd1,reviewed_refs_competitive_blastp_context_v2
hit,L. plantarum,GCF_001581895.1,Spx,O31602,P12F9DAEC3_00616,54.331,127.0,131.0,140.0,96.94656488549619,2.14e-39,125.0,0.9541984732824428,ad8389143129f15739e5c07ff32d0f06a029c5a21752047d37cf9e9ed8991fd1,reviewed_refs_competitive_blastp_context_v2
hit,L. plantarum,GCF_001581895.1,Spx,O31602,P12F9DAEC3_02672,46.825,126.0,131.0,134.0,96.18320610687023,3.94e-39,125.0,0.9541984732824428,ad8389143129f15739e5c07ff32d0f06a029c5a21752047d37cf9e9ed8991fd1,reviewed_refs_competitive_blastp_context_v2
hit,L. plantarum,GCF_001581895.1,Spx,O31602,P12F9DAEC3_02828,47.154,123.0,131.0,145.0,93.89312977099236,1.06e-38,124.0,0.9465648854961832,ad8389143129f15739e5c07ff32d0f06a029c5a21752047d37cf9e9ed8991fd1,reviewed_refs_competitive_blastp_context_v2
hit,L. plantarum,GCF_001581895.1,Spx,O31602,P12F9DAEC3_01511,42.857,126.0,131.0,133.0,96.18320610687023,2.19e-37,120.0,0.916030534351145,ad8389143129f15739e5c07ff32d0f06a029c5a21752047d37cf9e9ed8991fd1,reviewed_refs_competitive_blastp_context_v2
hit,L. plantarum,GCF_001581895.1,Spx,O31602,P12F9DAEC3_00494,30.137,73.0,131.0,76.0,55.725190839694655,1.09e-06,40.4,0.3083969465648855,ad8389143129f15739e5c07ff32d0f06a029c5a21752047d37cf9e9ed8991fd1,reviewed_refs_competitive_blastp_context_v2
hit,L. plantarum,GCF_001581895.1,MgsR,P54503,P12F9DAEC3_01757,44.828,116.0,126.0,132.0,92.06349206349206,1.32e-37,120.0,0.9523809523809523,ad8389143129f15739e5c07ff32d0f06a029c5a21752047d37cf9e9ed8991fd1,reviewed_refs_competitive_blastp_context_v2
hit,L. plantarum,GCF_001581895.1,MgsR,P54503,P12F9DAEC3_02828,41.284,109.0,126.0,145.0,86.5079365079365,8.26e-31,103.0,0.8174603174603174,ad8389143129f15739e5c07ff32d0f06a029c5a21752047d37cf9e9ed8991fd1,reviewed_refs_competitive_blastp_context_v2
hit,L. plantarum,GCF_001581895.1,MgsR,P54503,P12F9DAEC3_01511,39.45,109.0,126.0,133.0,86.5079365079365,3.62e-29,99.4,0.788888888888889,ad8389143129f15739e5c07ff32d0f06a029c5a21752047d37cf9e9ed8991fd1,reviewed_refs_competitive_blastp_context_v2
hit,L. plantarum,GCF_001581895.1,MgsR,P54503,P12F9DAEC3_00616,46.591,88.0,126.0,140.0,69.84126984126983,8.78e-26,91.3,0.7246031746031746,ad8389143129f15739e5c07ff32d0f06a029c5a21752047d37cf9e9ed8991fd1,reviewed_refs_competitive_blastp_context_v2
hit,L. plantarum,GCF_001581895.1,MgsR,P54503,P12F9DAEC3_02672,39.048,105.0,126.0,134.0,83.33333333333333,9.8e-25,88.2,0.7000000000000001,ad8389143129f15739e5c07ff32d0f06a029c5a21752047d37cf9e9ed8991fd1,reviewed_refs_competitive_blastp_context_v2
hit,L. plantarum,GCF_001581895.1,OhrR,O34777,P12F9DAEC3_01035,44.531,128.0,147.0,158.0,87.07482993197279,1.22e-30,104.0,0.7074829931972789,ad8389143129f15739e5c07ff32d0f06a029c5a21752047d37cf9e9ed8991fd1,reviewed_refs_competitive_blastp_context_v2
hit,L. plantarum,GCF_001581895.1,OhrR,O34777,P12F9DAEC3_00660,40.299,134.0,147.0,146.0,91.15646258503402,3.17e-28,98.2,0.6680272108843538,ad8389143129f15739e5c07ff32d0f06a029c5a21752047d37cf9e9ed8991fd1,reviewed_refs_competitive_blastp_context_v2
hit,L. plantarum,GCF_001581895.1,OhrR,O34777,P12F9DAEC3_01423,41.441,111.0,147.0,145.0,75.51020408163265,6.83e-25,89.7,0.610204081632653,ad8389143129f15739e5c07ff32d0f06a029c5a21752047d37cf9e9ed8991fd1,reviewed_refs_competitive_blastp_context_v2
hit,L. plantarum,GCF_001581895.1,OhrR,O34777,P12F9DAEC3_01538,31.959,97.0,147.0,155.0,65.98639455782313,5.04e-08,45.8,0.3115646258503401,ad8389143129f15739e5c07ff32d0f06a029c5a21752047d37cf9e9ed8991fd1,reviewed_refs_competitive_blastp_context_v2
hit,L. plantarum,GCF_001581895.1,Rex,O05521,P12F9DAEC3_00520,59.223,206.0,215.0,225.0,95.81395348837209,2.31e-89,259.0,1.2046511627906977,ad8389143129f15739e5c07ff32d0f06a029c5a21752047d37cf9e9ed8991fd1,reviewed_refs_competitive_blastp_context_v2
status,L. plantarum,GCF_001581895.1,,,,,,,,,,,,ad8389143129f15739e5c07ff32d0f06a029c5a21752047d37cf9e9ed8991fd1,reviewed_refs_competitive_blastp_context_v2
hit,L. plantarum,GCF_001595615.1,Fur,P54574,P18D58DFCA_02985,28.873,142.0,149.0,160.0,95.30201342281879,9.51e-19,74.3,0.49865771812080534,ad8389143129f15739e5c07ff32d0f06a029c5a21752047d37cf9e9ed8991fd1,reviewed_refs_competitive_blastp_context_v2
hit,L. plantarum,GCF_001595615.1,Fur,P54574,P18D58DFCA_02467,23.841,151.0,149.0,147.0,101.34228187919463,4.21e-09,48.9,0.32818791946308723,ad8389143129f15739e5c07ff32d0f06a029c5a21752047d37cf9e9ed8991fd1,reviewed_refs_competitive_blastp_context_v2
hit,L. plantarum,GCF_001595615.1,Zur,P54479,P18D58DFCA_02467,36.364,143.0,145.0,147.0,98.62068965517241,4.56e-35,115.0,0.7931034482758621,ad8389143129f15739e5c07ff32d0f06a029c5a21752047d37cf9e9ed8991fd1,reviewed_refs_competitive_blastp_context_v2
hit,L. plantarum,GCF_001595615.1,Zur,P54479,P18D58DFCA_02985,29.851,134.0,145.0,160.0,92.41379310344827,2.99e-17,70.5,0.4862068965517241,ad8389143129f15739e5c07ff32d0f06a029c5a21752047d37cf9e9ed8991fd1,reviewed_refs_competitive_blastp_context_v2
hit,L. plantarum,GCF_001595615.1,PerR,P71086,P18D58DFCA_02985,46.528,144.0,145.0,160.0,99.3103448275862,1.25e-47,148.0,1.0206896551724138,ad8389143129f15739e5c07ff32d0f06a029c5a21752047d37cf9e9ed8991fd1,reviewed_refs_competitive_blastp_context_v2
hit,L. plantarum,GCF_001595615.1,PerR,P71086,P18D58DFCA_02467,33.099,142.0,145.0,147.0,97.93103448275862,5.67e-23,85.1,0.5868965517241379,ad8389143129f15739e5c07ff32d0f06a029c5a21752047d37cf9e9ed8991fd1,reviewed_refs_competitive_blastp_context_v2
hit,L. plantarum,GCF_001595615.1,Spx,O31602,P18D58DFCA_03013,67.176,131.0,131.0,132.0,100.0,1.69e-66,194.0,1.4809160305343512,ad8389143129f15739e5c07ff32d0f06a029c5a21752047d37cf9e9ed8991fd1,reviewed_refs_competitive_blastp_context_v2
hit,L. plantarum,GCF_001595615.1,Spx,O31602,P18D58DFCA_03053,54.331,127.0,131.0,140.0,96.94656488549619,2.36e-39,125.0,0.9541984732824428,ad8389143129f15739e5c07ff32d0f06a029c5a21752047d37cf9e9ed8991fd1,reviewed_refs_competitive_blastp_context_v2
hit,L. plantarum,GCF_001595615.1,Spx,O31602,P18D58DFCA_00834,46.825,126.0,131.0,134.0,96.18320610687023,4.33e-39,125.0,0.9541984732824428,ad8389143129f15739e5c07ff32d0f06a029c5a21752047d37cf9e9ed8991fd1,reviewed_refs_competitive_blastp_context_v2
hit,L. plantarum,GCF_001595615.1,Spx,O31602,P18D58DFCA_02087,47.154,123.0,131.0,145.0,93.89312977099236,1.17e-38,124.0,0.9465648854961832,ad8389143129f15739e5c07ff32d0f06a029c5a21752047d37cf9e9ed8991fd1,reviewed_refs_competitive_blastp_context_v2
hit,L. plantarum,GCF_001595615.1,Spx,O31602,P18D58DFCA_00900,42.857,126.0,131.0,133.0,96.18320610687023,2.41e-37,120.0,0.916030534351145,ad8389143129f15739e5c07ff32d0f06a029c5a21752047d37cf9e9ed8991fd1,reviewed_refs_competitive_blastp_context_v2
hit,L. plantarum,GCF_001595615.1,Spx,O31602,P18D58DFCA_01767,30.137,73.0,131.0,76.0,55.725190839694655,1.2e-06,40.4,0.3083969465648855,ad8389143129f15739e5c07ff32d0f06a029c5a21752047d37cf9e9ed8991fd1,reviewed_refs_competitive_blastp_context_v2
hit,L. plantarum,GCF_001595615.1,MgsR,P54503,P18D58DFCA_03013,44.828,116.0,126.0,132.0,92.06349206349206,1.45e-37,120.0,0.9523809523809523,ad8389143129f15739e5c07ff32d0f06a029c5a21752047d37cf9e9ed8991fd1,reviewed_refs_competitive_blastp_context_v2
hit,L. plantarum,GCF_001595615.1,MgsR,P54503,P18D58DFCA_02087,41.284,109.0,126.0,145.0,86.5079365079365,9.09e-31,103.0,0.8174603174603174,ad8389143129f15739e5c07ff32d0f06a029c5a21752047d37cf9e9ed8991fd1,reviewed_refs_competitive_blastp_context_v2
hit,L. plantarum,GCF_001595615.1,MgsR,P54503,P18D58DFCA_00900,39.45,109.0,126.0,133.0,86.5079365079365,3.99e-29,99.4,0.788888888888889,ad8389143129f15739e5c07ff32d0f06a029c5a21752047d37cf9e9ed8991fd1,reviewed_refs_competitive_blastp_context_v2
hit,L. plantarum,GCF_001595615.1,MgsR,P54503,P18D58DFCA_03053,46.591,88.0,126.0,140.0,69.84126984126983,9.67e-26,91.3,0.7246031746031746,ad8389143129f15739e5c07ff32d0f06a029c5a21752047d37cf9e9ed8991fd1,reviewed_refs_competitive_blastp_context_v2
hit,L. plantarum,GCF_001595615.1,MgsR,P54503,P18D58DFCA_00834,39.048,105.0,126.0,134.0,83.33333333333333,1.08e-24,88.2,0.7000000000000001,ad8389143129f15739e5c07ff32d0f06a029c5a21752047d37cf9e9ed8991fd1,reviewed_refs_competitive_blastp_context_v2
hit,L. plantarum,GCF_001595615.1,OhrR,O34777,P18D58DFCA_02287,44.531,128.0,147.0,158.0,87.07482993197279,1.34e-30,104.0,0.7074829931972789,ad8389143129f15739e5c07ff32d0f06a029c5a21752047d37cf9e9ed8991fd1,reviewed_refs_competitive_blastp_context_v2
hit,L. plantarum,GCF_001595615.1,OhrR,O34777,P18D58DFCA_01135,40.299,134.0,147.0,146.0,91.15646258503402,3.49e-28,98.2,0.6680272108843538,ad8389143129f15739e5c07ff32d0f06a029c5a21752047d37cf9e9ed8991fd1,reviewed_refs_competitive_blastp_context_v2
hit,L. plantarum,GCF_001595615.1,OhrR,O34777,P18D58DFCA_02782,39.64,111.0,147.0,145.0,75.51020408163265,4.16e-23,85.1,0.5789115646258503,ad8389143129f15739e5c07ff32d0f06a029c5a21752047d37cf9e9ed8991fd1,reviewed_refs_competitive_blastp_context_v2
hit,L. plantarum,GCF_001595615.1,OhrR,O34777,P18D58DFCA_00920,30.928,97.0,147.0,145.0,65.98639455782313,1.33e-07,44.7,0.30408163265306126,ad8389143129f15739e5c07ff32d0f06a029c5a21752047d37cf9e9ed8991fd1,reviewed_refs_competitive_blastp_context_v2
hit,L. plantarum,GCF_001595615.1,Rex,O05521,P18D58DFCA_02393,59.223,206.0,215.0,225.0,95.81395348837209,2.55e-89,259.0,1.2046511627906977,ad8389143129f15739e5c07ff32d0f06a029c5a21752047d37cf9e9ed8991fd1,reviewed_refs_competitive_blastp_context_v2
status,L. plantarum,GCF_001595615.1,,,,,,,,,,,,ad8389143129f15739e5c07ff32d0f06a029c5a21752047d37cf9e9ed8991fd1,reviewed_refs_competitive_blastp_context_v2
hit,L. plantarum,GCF_001596095.1,Fur,P54574,P127F2BDD6_02779,28.873,142.0,149.0,160.0,95.30201342281879,9.98e-19,74.3,0.49865771812080534,ad8389143129f15739e5c07ff32d0f06a029c5a21752047d37cf9e9ed8991fd1,reviewed_refs_competitive_blastp_context_v2
hit,L. plantarum,GCF_001596095.1,Fur,P54574,P127F2BDD6_00775,23.841,151.0,149.0,147.0,101.34228187919463,4.23e-09,48.9,0.32818791946308723,ad8389143129f15739e5c07ff32d0f06a029c5a21752047d37cf9e9ed8991fd1,reviewed_refs_competitive_blastp_context_v2
hit,L. plantarum,GCF_001596095.1,Zur,P54479,P127F2BDD6_00775,36.364,143.0,145.0,147.0,98.62068965517241,4.58e-35,115.0,0.7931034482758621,ad8389143129f15739e5c07ff32d0f06a029c5a21752047d37cf9e9ed8991fd1,reviewed_refs_competitive_blastp_context_v2
hit,L. plantarum,GCF_001596095.1,Zur,P54479,P127F2BDD6_02779,29.851,134.0,145.0,160.0,92.41379310344827,2.77e-17,70.5,0.4862068965517241,ad8389143129f15739e5c07ff32d0f06a029c5a21752047d37cf9e9ed8991fd1,reviewed_refs_competitive_blastp_context_v2
hit,L. plantarum,GCF_001596095.1,PerR,P71086,P127F2BDD6_02779,46.528,144.0,145.0,160.0,99.3103448275862,9.74e-48,148.0,1.0206896551724138,ad8389143129f15739e5c07ff32d0f06a029c5a21752047d37cf9e9ed8991fd1,reviewed_refs_competitive_blastp_context_v2
hit,L. plantarum,GCF_001596095.1,PerR,P71086,P127F2BDD6_00775,33.099,142.0,145.0,147.0,97.93103448275862,5.7e-23,85.1,0.5868965517241379,ad8389143129f15739e5c07ff32d0f06a029c5a21752047d37cf9e9ed8991fd1,reviewed_refs_competitive_blastp_context_v2
hit,L. plantarum,GCF_001596095.1,Spx,O31602,P127F2BDD6_01967,66.412,131.0,131.0,132.0,100.0,6.13e-66,192.0,1.465648854961832,ad8389143129f15739e5c07ff32d0f06a029c5a21752047d37cf9e9ed8991fd1,reviewed_refs_competitive_blastp_context_v2
hit,L. plantarum,GCF_001596095.1,Spx,O31602,P127F2BDD6_00749,54.331,127.0,131.0,140.0,96.94656488549619,2.37e-39,125.0,0.9541984732824428,ad8389143129f15739e5c07ff32d0f06a029c5a21752047d37cf9e9ed8991fd1,reviewed_refs_competitive_blastp_context_v2
hit,L. plantarum,GCF_001596095.1,Spx,O31602,P127F2BDD6_02858,46.825,126.0,131.0,134.0,96.18320610687023,4.36e-39,125.0,0.9541984732824428,ad8389143129f15739e5c07ff32d0f06a029c5a21752047d37cf9e9ed8991fd1,reviewed_refs_competitive_blastp_context_v2
hit,L. plantarum,GCF_001596095.1,Spx,O31602,P127F2BDD6_03036,47.154,123.0,131.0,145.0,93.89312977099236,1.17e-38,124.0,0.9465648854961832,ad8389143129f15739e5c07ff32d0f06a029c5a21752047d37cf9e9ed8991fd1,reviewed_refs_competitive_blastp_context_v2
hit,L. plantarum,GCF_001596095.1,Spx,O31602,P127F2BDD6_01722,42.857,126.0,131.0,133.0,96.18320610687023,2.43e-37,120.0,0.916030534351145,ad8389143129f15739e5c07ff32d0f06a029c5a21752047d37cf9e9ed8991fd1,reviewed_refs_competitive_blastp_context_v2
hit,L. plantarum,GCF_001596095.1,Spx,O31602,P127F2BDD6_00622,30.137,73.0,131.0,76.0,55.725190839694655,1.21e-06,40.4,0.3083969465648855,ad8389143129f15739e5c07ff32d0f06a029c5a21752047d37cf9e9ed8991fd1,reviewed_refs_competitive_blastp_context_v2
hit,L. plantarum,GCF_001596095.1,MgsR,P54503,P127F2BDD6_01967,46.789,109.0,126.0,132.0,86.5079365079365,3.57e-37,120.0,0.9523809523809523,ad8389143129f15739e5c07ff32d0f06a029c5a21752047d37cf9e9ed8991fd1,reviewed_refs_competitive_blastp_context_v2
hit,L. plantarum,GCF_001596095.1,MgsR,P54503,P127F2BDD6_03036,41.284,109.0,126.0,145.0,86.5079365079365,9.14e-31,103.0,0.8174603174603174,ad8389143129f15739e5c07ff32d0f06a029c5a21752047d37cf9e9ed8991fd1,reviewed_refs_competitive_blastp_context_v2
hit,L. plantarum,GCF_001596095.1,MgsR,P54503,P127F2BDD6_01722,39.45,109.0,126.0,133.0,86.5079365079365,4.01e-29,99.4,0.788888888888889,ad8389143129f15739e5c07ff32d0f06a029c5a21752047d37cf9e9ed8991fd1,reviewed_refs_competitive_blastp_context_v2
hit,L. plantarum,GCF_001596095.1,MgsR,P54503,P127F2BDD6_00749,46.591,88.0,126.0,140.0,69.84126984126983,9.72e-26,91.3,0.7246031746031746,ad8389143129f15739e5c07ff32d0f06a029c5a21752047d37cf9e9ed8991fd1,reviewed_refs_competitive_blastp_context_v2
hit,L. plantarum,GCF_001596095.1,MgsR,P54503,P127F2BDD6_02858,39.048,105.0,126.0,134.0,83.33333333333333,1.08e-24,88.2,0.7000000000000001,ad8389143129f15739e5c07ff32d0f06a029c5a21752047d37cf9e9ed8991fd1,reviewed_refs_competitive_blastp_context_v2
hit,L. plantarum,GCF_001596095.1,OhrR,O34777,P127F2BDD6_01206,44.531,128.0,147.0,158.0,87.07482993197279,1.35e-30,104.0,0.7074829931972789,ad8389143129f15739e5c07ff32d0f06a029c5a21752047d37cf9e9ed8991fd1,reviewed_refs_competitive_blastp_context_v2
hit,L. plantarum,GCF_001596095.1,OhrR,O34777,P127F2BDD6_00792,40.299,134.0,147.0,146.0,91.15646258503402,4.75e-28,97.8,0.6653061224489796,ad8389143129f15739e5c07ff32d0f06a029c5a21752047d37cf9e9ed8991fd1,reviewed_refs_competitive_blastp_context_v2
hit,L. plantarum,GCF_001596095.1,OhrR,O34777,P127F2BDD6_01637,39.64,111.0,147.0,145.0,75.51020408163265,4.18e-23,85.1,0.5789115646258503,ad8389143129f15739e5c07ff32d0f06a029c5a21752047d37cf9e9ed8991fd1,reviewed_refs_competitive_blastp_context_v2
hit,L. plantarum,GCF_001596095.1,OhrR,O34777,P127F2BDD6_01747,31.959,97.0,147.0,145.0,65.98639455782313,4.39e-08,45.8,0.3115646258503401,ad8389143129f15739e5c07ff32d0f06a029c5a21752047d37cf9e9ed8991fd1,reviewed_refs_competitive_blastp_context_v2
hit,L. plantarum,GCF_001596095.1,Rex,O05521,P127F2BDD6_00647,59.223,206.0,215.0,225.0,95.81395348837209,2.56e-89,259.0,1.2046511627906977,ad8389143129f15739e5c07ff32d0f06a029c5a21752047d37cf9e9ed8991fd1,reviewed_refs_competitive_blastp_context_v2
status,L. plantarum,GCF_001596095.1,,,,,,,,,,,,ad8389143129f15739e5c07ff32d0f06a029c5a21752047d37cf9e9ed8991fd1,reviewed_refs_competitive_blastp_context_v2
hit,L. plantarum,GCF_001596195.1,Fur,P54574,P12FAD427B_01213,28.873,142.0,149.0,160.0,95.30201342281879,1.1e-18,74.3,0.49865771812080534,ad8389143129f15739e5c07ff32d0f06a029c5a21752047d37cf9e9ed8991fd1,reviewed_refs_competitive_blastp_context_v2
hit,L. plantarum,GCF_001596195.1,Fur,P54574,P12FAD427B_03341,23.841,151.0,149.0,147.0,101.34228187919463,4.65e-09,48.9,0.32818791946308723,ad8389143129f15739e5c07ff32d0f06a029c5a21752047d37cf9e9ed8991fd1,reviewed_refs_competitive_blastp_context_v2
hit,L. plantarum,GCF_001596195.1,Zur,P54479,P12FAD427B_03341,36.364,143.0,145.0,147.0,98.62068965517241,5.04e-35,115.0,0.7931034482758621,ad8389143129f15739e5c07ff32d0f06a029c5a21752047d37cf9e9ed8991fd1,reviewed_refs_competitive_blastp_context_v2
hit,L. plantarum,GCF_001596195.1,Zur,P54479,P12FAD427B_01213,29.851,134.0,145.0,160.0,92.41379310344827,3.04e-17,70.5,0.4862068965517241,ad8389143129f15739e5c07ff32d0f06a029c5a21752047d37cf9e9ed8991fd1,reviewed_refs_competitive_blastp_context_v2
hit,L. plantarum,GCF_001596195.1,PerR,P71086,P12FAD427B_01213,46.528,144.0,145.0,160.0,99.3103448275862,1.07e-47,148.0,1.0206896551724138,ad8389143129f15739e5c07ff32d0f06a029c5a21752047d37cf9e9ed8991fd1,reviewed_refs_competitive_blastp_context_v2
hit,L. plantarum,GCF_001596195.1,PerR,P71086,P12FAD427B_03341,33.099,142.0,145.0,147.0,97.93103448275862,6.27e-23,85.1,0.5868965517241379,ad8389143129f15739e5c07ff32d0f06a029c5a21752047d37cf9e9ed8991fd1,reviewed_refs_competitive_blastp_context_v2
hit,L. plantarum,GCF_001596195.1,Spx,O31602,P12FAD427B_03535,67.176,131.0,131.0,132.0,100.0,1.87e-66,194.0,1.4809160305343512,ad8389143129f15739e5c07ff32d0f06a029c5a21752047d37cf9e9ed8991fd1,reviewed_refs_competitive_blastp_context_v2
hit,L. plantarum,GCF_001596195.1,Spx,O31602,P12FAD427B_03367,54.331,127.0,131.0,140.0,96.94656488549619,2.61e-39,125.0,0.9541984732824428,ad8389143129f15739e5c07ff32d0f06a029c5a21752047d37cf9e9ed8991fd1,reviewed_refs_competitive_blastp_context_v2
hit,L. plantarum,GCF_001596195.1,Spx,O31602,P12FAD427B_03083,46.825,126.0,131.0,134.0,96.18320610687023,4.79e-39,125.0,0.9541984732824428,ad8389143129f15739e5c07ff32d0f06a029c5a21752047d37cf9e9ed8991fd1,reviewed_refs_competitive_blastp_context_v2
hit,L. plantarum,GCF_001596195.1,Spx,O31602,P12FAD427B_00026,47.154,123.0,131.0,145.0,93.89312977099236,1.29e-38,124.0,0.9465648854961832,ad8389143129f15739e5c07ff32d0f06a029c5a21752047d37cf9e9ed8991fd1,reviewed_refs_competitive_blastp_context_v2
hit,L. plantarum,GCF_001596195.1,Spx,O31602,P12FAD427B_02831,42.857,126.0,131.0,133.0,96.18320610687023,2.67e-37,120.0,0.916030534351145,ad8389143129f15739e5c07ff32d0f06a029c5a21752047d37cf9e9ed8991fd1,reviewed_refs_competitive_blastp_context_v2
hit,L. plantarum,GCF_001596195.1,Spx,O31602,P12FAD427B_00865,30.137,73.0,131.0,76.0,55.725190839694655,1.33e-06,40.4,0.3083969465648855,ad8389143129f15739e5c07ff32d0f06a029c5a21752047d37cf9e9ed8991fd1,reviewed_refs_competitive_blastp_context_v2
hit,L. plantarum,GCF_001596195.1,MgsR,P54503,P12FAD427B_03535,44.828,116.0,126.0,132.0,92.06349206349206,1.6e-37,120.0,0.9523809523809523,ad8389143129f15739e5c07ff32d0f06a029c5a21752047d37cf9e9ed8991fd1,reviewed_refs_competitive_blastp_context_v2
hit,L. plantarum,GCF_001596195.1,MgsR,P54503,P12FAD427B_00026,41.284,109.0,126.0,145.0,86.5079365079365,1.01e-30,103.0,0.8174603174603174,ad8389143129f15739e5c07ff32d0f06a029c5a21752047d37cf9e9ed8991fd1,reviewed_refs_competitive_blastp_context_v2
hit,L. plantarum,GCF_001596195.1,MgsR,P54503,P12FAD427B_02831,39.45,109.0,126.0,133.0,86.5079365079365,4.41e-29,99.4,0.788888888888889,ad8389143129f15739e5c07ff32d0f06a029c5a21752047d37cf9e9ed8991fd1,reviewed_refs_competitive_blastp_context_v2
hit,L. plantarum,GCF_001596195.1,MgsR,P54503,P12FAD427B_03367,46.591,88.0,126.0,140.0,69.84126984126983,1.07e-25,91.3,0.7246031746031746,ad8389143129f15739e5c07ff32d0f06a029c5a21752047d37cf9e9ed8991fd1,reviewed_refs_competitive_blastp_context_v2
hit,L. plantarum,GCF_001596195.1,MgsR,P54503,P12FAD427B_03083,39.048,105.0,126.0,134.0,83.33333333333333,1.19e-24,88.2,0.7000000000000001,ad8389143129f15739e5c07ff32d0f06a029c5a21752047d37cf9e9ed8991fd1,reviewed_refs_competitive_blastp_context_v2
hit,L. plantarum,GCF_001596195.1,OhrR,O34777,P12FAD427B_01292,43.411,129.0,147.0,158.0,87.75510204081633,2.35e-29,101.0,0.6870748299319728,ad8389143129f15739e5c07ff32d0f06a029c5a21752047d37cf9e9ed8991fd1,reviewed_refs_competitive_blastp_context_v2
hit,L. plantarum,GCF_001596195.1,OhrR,O34777,P12FAD427B_03324,40.299,134.0,147.0,146.0,91.15646258503402,3.86e-28,98.2,0.6680272108843538,ad8389143129f15739e5c07ff32d0f06a029c5a21752047d37cf9e9ed8991fd1,reviewed_refs_competitive_blastp_context_v2
hit,L. plantarum,GCF_001596195.1,OhrR,O34777,P12FAD427B_02915,39.64,111.0,147.0,145.0,75.51020408163265,4.6e-23,85.1,0.5789115646258503,ad8389143129f15739e5c07ff32d0f06a029c5a21752047d37cf9e9ed8991fd1,reviewed_refs_competitive_blastp_context_v2
hit,L. plantarum,GCF_001596195.1,OhrR,O34777,P12FAD427B_01133,30.928,97.0,147.0,145.0,65.98639455782313,1.47e-07,44.7,0.30408163265306126,ad8389143129f15739e5c07ff32d0f06a029c5a21752047d37cf9e9ed8991fd1,reviewed_refs_competitive_blastp_context_v2
hit,L. plantarum,GCF_001596195.1,Rex,O05521,P12FAD427B_00840,59.223,206.0,215.0,225.0,95.81395348837209,2.81e-89,259.0,1.2046511627906977,ad8389143129f15739e5c07ff32d0f06a029c5a21752047d37cf9e9ed8991fd1,reviewed_refs_competitive_blastp_context_v2
status,L. plantarum,GCF_001596195.1,,,,,,,,,,,,ad8389143129f15739e5c07ff32d0f06a029c5a21752047d37cf9e9ed8991fd1,reviewed_refs_competitive_blastp_context_v2
hit,L. plantarum,GCF_001597605.1,Fur,P54574,P1C9553068_01023,28.873,142.0,149.0,160.0,95.30201342281879,1.1e-18,74.3,0.49865771812080534,ad8389143129f15739e5c07ff32d0f06a029c5a21752047d37cf9e9ed8991fd1,reviewed_refs_competitive_blastp_context_v2
hit,L. plantarum,GCF_001597605.1,Fur,P54574,P1C9553068_01696,23.841,151.0,149.0,147.0,101.34228187919463,4.66e-09,48.9,0.32818791946308723,ad8389143129f15739e5c07ff32d0f06a029c5a21752047d37cf9e9ed8991fd1,reviewed_refs_competitive_blastp_context_v2
hit,L. plantarum,GCF_001597605.1,Zur,P54479,P1C9553068_01696,36.364,143.0,145.0,147.0,98.62068965517241,5.05e-35,115.0,0.7931034482758621,ad8389143129f15739e5c07ff32d0f06a029c5a21752047d37cf9e9ed8991fd1,reviewed_refs_competitive_blastp_context_v2
hit,L. plantarum,GCF_001597605.1,Zur,P54479,P1C9553068_01023,29.851,134.0,145.0,160.0,92.41379310344827,3.05e-17,70.5,0.4862068965517241,ad8389143129f15739e5c07ff32d0f06a029c5a21752047d37cf9e9ed8991fd1,reviewed_refs_competitive_blastp_context_v2
hit,L. plantarum,GCF_001597605.1,PerR,P71086,P1C9553068_01023,46.528,144.0,145.0,160.0,99.3103448275862,1.07e-47,148.0,1.0206896551724138,ad8389143129f15739e5c07ff32d0f06a029c5a21752047d37cf9e9ed8991fd1,reviewed_refs_competitive_blastp_context_v2
hit,L. plantarum,GCF_001597605.1,PerR,P71086,P1C9553068_01696,33.099,142.0,145.0,147.0,97.93103448275862,6.28e-23,85.1,0.5868965517241379,ad8389143129f15739e5c07ff32d0f06a029c5a21752047d37cf9e9ed8991fd1,reviewed_refs_competitive_blastp_context_v2
hit,L. plantarum,GCF_001597605.1,Spx,O31602,P1C9553068_03544,67.176,131.0,131.0,132.0,100.0,1.87e-66,194.0,1.4809160305343512,ad8389143129f15739e5c07ff32d0f06a029c5a21752047d37cf9e9ed8991fd1,reviewed_refs_competitive_blastp_context_v2
hit,L. plantarum,GCF_001597605.1,Spx,O31602,P1C9553068_01722,54.331,127.0,131.0,140.0,96.94656488549619,2.61e-39,125.0,0.9541984732824428,ad8389143129f15739e5c07ff32d0f06a029c5a21752047d37cf9e9ed8991fd1,reviewed_refs_competitive_blastp_context_v2
hit,L. plantarum,GCF_001597605.1,Spx,O31602,P1C9553068_03370,46.825,126.0,131.0,134.0,96.18320610687023,4.8e-39,125.0,0.9541984732824428,ad8389143129f15739e5c07ff32d0f06a029c5a21752047d37cf9e9ed8991fd1,reviewed_refs_competitive_blastp_context_v2
hit,L. plantarum,GCF_001597605.1,Spx,O31602,P1C9553068_00026,47.154,123.0,131.0,145.0,93.89312977099236,1.29e-38,124.0,0.9465648854961832,ad8389143129f15739e5c07ff32d0f06a029c5a21752047d37cf9e9ed8991fd1,reviewed_refs_competitive_blastp_context_v2
hit,L. plantarum,GCF_001597605.1,Spx,O31602,P1C9553068_02760,42.857,126.0,131.0,133.0,96.18320610687023,2.68e-37,120.0,0.916030534351145,ad8389143129f15739e5c07ff32d0f06a029c5a21752047d37cf9e9ed8991fd1,reviewed_refs_competitive_blastp_context_v2
hit,L. plantarum,GCF_001597605.1,Spx,O31602,P1C9553068_00683,30.137,73.0,131.0,76.0,55.725190839694655,1.33e-06,40.4,0.3083969465648855,ad8389143129f15739e5c07ff32d0f06a029c5a21752047d37cf9e9ed8991fd1,reviewed_refs_competitive_blastp_context_v2
hit,L. plantarum,GCF_001597605.1,MgsR,P54503,P1C9553068_03544,44.828,116.0,126.0,132.0,92.06349206349206,1.61e-37,120.0,0.9523809523809523,ad8389143129f15739e5c07ff32d0f06a029c5a21752047d37cf9e9ed8991fd1,reviewed_refs_competitive_blastp_context_v2
hit,L. plantarum,GCF_001597605.1,MgsR,P54503,P1C9553068_00026,41.284,109.0,126.0,145.0,86.5079365079365,1.01e-30,103.0,0.8174603174603174,ad8389143129f15739e5c07ff32d0f06a029c5a21752047d37cf9e9ed8991fd1,reviewed_refs_competitive_blastp_context_v2
hit,L. plantarum,GCF_001597605.1,MgsR,P54503,P1C9553068_02760,39.45,109.0,126.0,133.0,86.5079365079365,4.42e-29,99.4,0.788888888888889,ad8389143129f15739e5c07ff32d0f06a029c5a21752047d37cf9e9ed8991fd1,reviewed_refs_competitive_blastp_context_v2
hit,L. plantarum,GCF_001597605.1,MgsR,P54503,P1C9553068_01722,46.591,88.0,126.0,140.0,69.84126984126983,1.07e-25,91.3,0.7246031746031746,ad8389143129f15739e5c07ff32d0f06a029c5a21752047d37cf9e9ed8991fd1,reviewed_refs_competitive_blastp_context_v2
hit,L. plantarum,GCF_001597605.1,MgsR,P54503,P1C9553068_03370,39.048,105.0,126.0,134.0,83.33333333333333,1.2e-24,88.2,0.7000000000000001,ad8389143129f15739e5c07ff32d0f06a029c5a21752047d37cf9e9ed8991fd1,reviewed_refs_competitive_blastp_context_v2
hit,L. plantarum,GCF_001597605.1,OhrR,O34777,P1C9553068_01101,43.411,129.0,147.0,158.0,87.75510204081633,2.36e-29,101.0,0.6870748299319728,ad8389143129f15739e5c07ff32d0f06a029c5a21752047d37cf9e9ed8991fd1,reviewed_refs_competitive_blastp_context_v2
hit,L. plantarum,GCF_001597605.1,OhrR,O34777,P1C9553068_01679,40.299,134.0,147.0,146.0,91.15646258503402,3.87e-28,98.2,0.6680272108843538,ad8389143129f15739e5c07ff32d0f06a029c5a21752047d37cf9e9ed8991fd1,reviewed_refs_competitive_blastp_context_v2
hit,L. plantarum,GCF_001597605.1,OhrR,O34777,P1C9553068_02844,39.64,111.0,147.0,145.0,75.51020408163265,4.61e-23,85.1,0.5789115646258503,ad8389143129f15739e5c07ff32d0f06a029c5a21752047d37cf9e9ed8991fd1,reviewed_refs_competitive_blastp_context_v2
hit,L. plantarum,GCF_001597605.1,OhrR,O34777,P1C9553068_00954,30.928,97.0,147.0,145.0,65.98639455782313,1.47e-07,44.7,0.30408163265306126,ad8389143129f15739e5c07ff32d0f06a029c5a21752047d37cf9e9ed8991fd1,reviewed_refs_competitive_blastp_context_v2
hit,L. plantarum,GCF_001597605.1,Rex,O05521,P1C9553068_00658,59.223,206.0,215.0,225.0,95.81395348837209,2.82e-89,259.0,1.2046511627906977,ad8389143129f15739e5c07ff32d0f06a029c5a21752047d37cf9e9ed8991fd1,reviewed_refs_competitive_blastp_context_v2
status,L. plantarum,GCF_001597605.1,,,,,,,,,,,,ad8389143129f15739e5c07ff32d0f06a029c5a21752047d37cf9e9ed8991fd1,reviewed_refs_competitive_blastp_context_v2
hit,L. plantarum,GCF_001617525.2,Fur,P54574,P1E602EEF3_02767,28.873,142.0,149.0,160.0,95.30201342281879,1e-18,74.3,0.49865771812080534,ad8389143129f15739e5c07ff32d0f06a029c5a21752047d37cf9e9ed8991fd1,reviewed_refs_competitive_blastp_context_v2
hit,L. plantarum,GCF_001617525.2,Fur,P54574,P1E602EEF3_00756,23.841,151.0,149.0,147.0,101.34228187919463,4.25e-09,48.9,0.32818791946308723,ad8389143129f15739e5c07ff32d0f06a029c5a21752047d37cf9e9ed8991fd1,reviewed_refs_competitive_blastp_context_v2
hit,L. plantarum,GCF_001617525.2,Zur,P54479,P1E602EEF3_00756,36.364,143.0,145.0,147.0,98.62068965517241,4.6e-35,115.0,0.7931034482758621,ad8389143129f15739e5c07ff32d0f06a029c5a21752047d37cf9e9ed8991fd1,reviewed_refs_competitive_blastp_context_v2
hit,L. plantarum,GCF_001617525.2,Zur,P54479,P1E602EEF3_02767,29.851,134.0,145.0,160.0,92.41379310344827,2.78e-17,70.5,0.4862068965517241,ad8389143129f15739e5c07ff32d0f06a029c5a21752047d37cf9e9ed8991fd1,reviewed_refs_competitive_blastp_context_v2
hit,L. plantarum,GCF_001617525.2,PerR,P71086,P1E602EEF3_02767,46.528,144.0,145.0,160.0,99.3103448275862,9.79e-48,148.0,1.0206896551724138,ad8389143129f15739e5c07ff32d0f06a029c5a21752047d37cf9e9ed8991fd1,reviewed_refs_competitive_blastp_context_v2
hit,L. plantarum,GCF_001617525.2,PerR,P71086,P1E602EEF3_00756,33.099,142.0,145.0,147.0,97.93103448275862,5.73e-23,85.1,0.5868965517241379,ad8389143129f15739e5c07ff32d0f06a029c5a21752047d37cf9e9ed8991fd1,reviewed_refs_competitive_blastp_context_v2
hit,L. plantarum,GCF_001617525.2,Spx,O31602,P1E602EEF3_01899,67.176,131.0,131.0,132.0,100.0,1.71e-66,194.0,1.4809160305343512,ad8389143129f15739e5c07ff32d0f06a029c5a21752047d37cf9e9ed8991fd1,reviewed_refs_competitive_blastp_context_v2
hit,L. plantarum,GCF_001617525.2,Spx,O31602,P1E602EEF3_02846,47.619,126.0,131.0,134.0,96.18320610687023,1.25e-39,126.0,0.9618320610687023,ad8389143129f15739e5c07ff32d0f06a029c5a21752047d37cf9e9ed8991fd1,reviewed_refs_competitive_blastp_context_v2
hit,L. plantarum,GCF_001617525.2,Spx,O31602,P1E602EEF3_00729,54.331,127.0,131.0,140.0,96.94656488549619,2.38e-39,125.0,0.9541984732824428,ad8389143129f15739e5c07ff32d0f06a029c5a21752047d37cf9e9ed8991fd1,reviewed_refs_competitive_blastp_context_v2
hit,L. plantarum,GCF_001617525.2,Spx,O31602,P1E602EEF3_03023,47.154,123.0,131.0,145.0,93.89312977099236,1.24e-38,124.0,0.9465648854961832,ad8389143129f15739e5c07ff32d0f06a029c5a21752047d37cf9e9ed8991fd1,reviewed_refs_competitive_blastp_context_v2
hit,L. plantarum,GCF_001617525.2,Spx,O31602,P1E602EEF3_01657,42.857,126.0,131.0,133.0,96.18320610687023,2.44e-37,120.0,0.916030534351145,ad8389143129f15739e5c07ff32d0f06a029c5a21752047d37cf9e9ed8991fd1,reviewed_refs_competitive_blastp_context_v2
hit,L. plantarum,GCF_001617525.2,Spx,O31602,P1E602EEF3_00601,30.137,73.0,131.0,76.0,55.725190839694655,1.21e-06,40.4,0.3083969465648855,ad8389143129f15739e5c07ff32d0f06a029c5a21752047d37cf9e9ed8991fd1,reviewed_refs_competitive_blastp_context_v2
hit,L. plantarum,GCF_001617525.2,MgsR,P54503,P1E602EEF3_01899,44.828,116.0,126.0,132.0,92.06349206349206,1.47e-37,120.0,0.9523809523809523,ad8389143129f15739e5c07ff32d0f06a029c5a21752047d37cf9e9ed8991fd1,reviewed_refs_competitive_blastp_context_v2
hit,L. plantarum,GCF_001617525.2,MgsR,P54503,P1E602EEF3_03023,41.284,109.0,126.0,145.0,86.5079365079365,1.05e-30,103.0,0.8174603174603174,ad8389143129f15739e5c07ff32d0f06a029c5a21752047d37cf9e9ed8991fd1,reviewed_refs_competitive_blastp_context_v2
hit,L. plantarum,GCF_001617525.2,MgsR,P54503,P1E602EEF3_01657,39.45,109.0,126.0,133.0,86.5079365079365,4.03e-29,99.4,0.788888888888889,ad8389143129f15739e5c07ff32d0f06a029c5a21752047d37cf9e9ed8991fd1,reviewed_refs_competitive_blastp_context_v2
hit,L. plantarum,GCF_001617525.2,MgsR,P54503,P1E602EEF3_00729,46.591,88.0,126.0,140.0,69.84126984126983,9.77e-26,91.3,0.7246031746031746,ad8389143129f15739e5c07ff32d0f06a029c5a21752047d37cf9e9ed8991fd1,reviewed_refs_competitive_blastp_context_v2
hit,L. plantarum,GCF_001617525.2,MgsR,P54503,P1E602EEF3_02846,39.048,105.0,126.0,134.0,83.33333333333333,1.28e-24,88.2,0.7000000000000001,ad8389143129f15739e5c07ff32d0f06a029c5a21752047d37cf9e9ed8991fd1,reviewed_refs_competitive_blastp_context_v2
hit,L. plantarum,GCF_001617525.2,OhrR,O34777,P1E602EEF3_00773,40.299,134.0,147.0,146.0,91.15646258503402,4.77e-28,97.8,0.6653061224489796,ad8389143129f15739e5c07ff32d0f06a029c5a21752047d37cf9e9ed8991fd1,reviewed_refs_competitive_blastp_context_v2
hit,L. plantarum,GCF_001617525.2,OhrR,O34777,P1E602EEF3_01572,39.64,111.0,147.0,145.0,75.51020408163265,4.2e-23,85.1,0.5789115646258503,ad8389143129f15739e5c07ff32d0f06a029c5a21752047d37cf9e9ed8991fd1,reviewed_refs_competitive_blastp_context_v2
hit,L. plantarum,GCF_001617525.2,OhrR,O34777,P1E602EEF3_01677,30.928,97.0,147.0,145.0,65.98639455782313,1.34e-07,44.7,0.30408163265306126,ad8389143129f15739e5c07ff32d0f06a029c5a21752047d37cf9e9ed8991fd1,reviewed_refs_competitive_blastp_context_v2
hit,L. plantarum,GCF_001617525.2,OhrR,O34777,P1E602EEF3_01198,45.0,40.0,147.0,49.0,27.210884353741495,6.83e-06,38.1,0.25918367346938775,ad8389143129f15739e5c07ff32d0f06a029c5a21752047d37cf9e9ed8991fd1,reviewed_refs_competitive_blastp_context_v2
hit,L. plantarum,GCF_001617525.2,Rex,O05521,P1E602EEF3_00626,59.223,206.0,215.0,225.0,95.81395348837209,2.57e-89,259.0,1.2046511627906977,ad8389143129f15739e5c07ff32d0f06a029c5a21752047d37cf9e9ed8991fd1,reviewed_refs_competitive_blastp_context_v2
status,L. plantarum,GCF_001617525.2,,,,,,,,,,,,ad8389143129f15739e5c07ff32d0f06a029c5a21752047d37cf9e9ed8991fd1,reviewed_refs_competitive_blastp_context_v2
hit,L. plantarum,GCF_001619265.1,Fur,P54574,P16677AA66_01099,28.873,142.0,149.0,160.0,95.30201342281879,9.82e-19,74.3,0.49865771812080534,ad8389143129f15739e5c07ff32d0f06a029c5a21752047d37cf9e9ed8991fd1,reviewed_refs_competitive_blastp_context_v2
hit,L. plantarum,GCF_001619265.1,Fur,P54574,P16677AA66_01502,23.841,151.0,149.0,147.0,101.34228187919463,4.16e-09,48.9,0.32818791946308723,ad8389143129f15739e5c07ff32d0f06a029c5a21752047d37cf9e9ed8991fd1,reviewed_refs_competitive_blastp_context_v2
hit,L. plantarum,GCF_001619265.1,Zur,P54479,P16677AA66_01502,36.364,143.0,145.0,147.0,98.62068965517241,4.51e-35,115.0,0.7931034482758621,ad8389143129f15739e5c07ff32d0f06a029c5a21752047d37cf9e9ed8991fd1,reviewed_refs_competitive_blastp_context_v2
hit,L. plantarum,GCF_001619265.1,Zur,P54479,P16677AA66_01099,29.851,134.0,145.0,160.0,92.41379310344827,2.72e-17,70.5,0.4862068965517241,ad8389143129f15739e5c07ff32d0f06a029c5a21752047d37cf9e9ed8991fd1,reviewed_refs_competitive_blastp_context_v2
hit,L. plantarum,GCF_001619265.1,PerR,P71086,P16677AA66_01099,46.528,144.0,145.0,160.0,99.3103448275862,9.59e-48,148.0,1.0206896551724138,ad8389143129f15739e5c07ff32d0f06a029c5a21752047d37cf9e9ed8991fd1,reviewed_refs_competitive_blastp_context_v2
hit,L. plantarum,GCF_001619265.1,PerR,P71086,P16677AA66_01502,33.099,142.0,145.0,147.0,97.93103448275862,5.61e-23,85.1,0.5868965517241379,ad8389143129f15739e5c07ff32d0f06a029c5a21752047d37cf9e9ed8991fd1,reviewed_refs_competitive_blastp_context_v2
hit,L. plantarum,GCF_001619265.1,Spx,O31602,P16677AA66_02369,67.176,131.0,131.0,132.0,100.0,1.67e-66,194.0,1.4809160305343512,ad8389143129f15739e5c07ff32d0f06a029c5a21752047d37cf9e9ed8991fd1,reviewed_refs_competitive_blastp_context_v2
hit,L. plantarum,GCF_001619265.1,Spx,O31602,P16677AA66_01855,47.619,126.0,131.0,134.0,96.18320610687023,1.22e-39,126.0,0.9618320610687023,ad8389143129f15739e5c07ff32d0f06a029c5a21752047d37cf9e9ed8991fd1,reviewed_refs_competitive_blastp_context_v2
hit,L. plantarum,GCF_001619265.1,Spx,O31602,P16677AA66_01529,54.331,127.0,131.0,140.0,96.94656488549619,2.33e-39,125.0,0.9541984732824428,ad8389143129f15739e5c07ff32d0f06a029c5a21752047d37cf9e9ed8991fd1,reviewed_refs_competitive_blastp_context_v2
hit,L. plantarum,GCF_001619265.1,Spx,O31602,P16677AA66_02843,47.154,123.0,131.0,145.0,93.89312977099236,1.22e-38,124.0,0.9465648854961832,ad8389143129f15739e5c07ff32d0f06a029c5a21752047d37cf9e9ed8991fd1,reviewed_refs_competitive_blastp_context_v2
hit,L. plantarum,GCF_001619265.1,Spx,O31602,P16677AA66_02629,42.857,126.0,131.0,133.0,96.18320610687023,2.39e-37,120.0,0.916030534351145,ad8389143129f15739e5c07ff32d0f06a029c5a21752047d37cf9e9ed8991fd1,reviewed_refs_competitive_blastp_context_v2
hit,L. plantarum,GCF_001619265.1,Spx,O31602,P16677AA66_01407,30.137,73.0,131.0,76.0,55.725190839694655,1.19e-06,40.4,0.3083969465648855,ad8389143129f15739e5c07ff32d0f06a029c5a21752047d37cf9e9ed8991fd1,reviewed_refs_competitive_blastp_context_v2
hit,L. plantarum,GCF_001619265.1,MgsR,P54503,P16677AA66_02369,44.828,116.0,126.0,132.0,92.06349206349206,1.43e-37,120.0,0.9523809523809523,ad8389143129f15739e5c07ff32d0f06a029c5a21752047d37cf9e9ed8991fd1,reviewed_refs_competitive_blastp_context_v2
hit,L. plantarum,GCF_001619265.1,MgsR,P54503,P16677AA66_02843,41.284,109.0,126.0,145.0,86.5079365079365,1.02e-30,103.0,0.8174603174603174,ad8389143129f15739e5c07ff32d0f06a029c5a21752047d37cf9e9ed8991fd1,reviewed_refs_competitive_blastp_context_v2
hit,L. plantarum,GCF_001619265.1,MgsR,P54503,P16677AA66_02629,39.45,109.0,126.0,133.0,86.5079365079365,3.94e-29,99.4,0.788888888888889,ad8389143129f15739e5c07ff32d0f06a029c5a21752047d37cf9e9ed8991fd1,reviewed_refs_competitive_blastp_context_v2
hit,L. plantarum,GCF_001619265.1,MgsR,P54503,P16677AA66_01529,46.591,88.0,126.0,140.0,69.84126984126983,9.56e-26,91.3,0.7246031746031746,ad8389143129f15739e5c07ff32d0f06a029c5a21752047d37cf9e9ed8991fd1,reviewed_refs_competitive_blastp_context_v2
hit,L. plantarum,GCF_001619265.1,MgsR,P54503,P16677AA66_01855,39.048,105.0,126.0,134.0,83.33333333333333,1.26e-24,88.2,0.7000000000000001,ad8389143129f15739e5c07ff32d0f06a029c5a21752047d37cf9e9ed8991fd1,reviewed_refs_competitive_blastp_context_v2
hit,L. plantarum,GCF_001619265.1,OhrR,O34777,P16677AA66_00201,44.531,128.0,147.0,158.0,87.07482993197279,1.33e-30,104.0,0.7074829931972789,ad8389143129f15739e5c07ff32d0f06a029c5a21752047d37cf9e9ed8991fd1,reviewed_refs_competitive_blastp_context_v2
hit,L. plantarum,GCF_001619265.1,OhrR,O34777,P16677AA66_01485,40.299,134.0,147.0,146.0,91.15646258503402,4.67e-28,97.8,0.6653061224489796,ad8389143129f15739e5c07ff32d0f06a029c5a21752047d37cf9e9ed8991fd1,reviewed_refs_competitive_blastp_context_v2
hit,L. plantarum,GCF_001619265.1,OhrR,O34777,P16677AA66_01312,39.64,111.0,147.0,145.0,75.51020408163265,4.11e-23,85.1,0.5789115646258503,ad8389143129f15739e5c07ff32d0f06a029c5a21752047d37cf9e9ed8991fd1,reviewed_refs_competitive_blastp_context_v2
hit,L. plantarum,GCF_001619265.1,OhrR,O34777,P16677AA66_02649,30.928,97.0,147.0,145.0,65.98639455782313,1.32e-07,44.7,0.30408163265306126,ad8389143129f15739e5c07ff32d0f06a029c5a21752047d37cf9e9ed8991fd1,reviewed_refs_competitive_blastp_context_v2
hit,L. plantarum,GCF_001619265.1,Rex,O05521,P16677AA66_02462,59.223,206.0,215.0,225.0,95.81395348837209,2.52e-89,259.0,1.2046511627906977,ad8389143129f15739e5c07ff32d0f06a029c5a21752047d37cf9e9ed8991fd1,reviewed_refs_competitive_blastp_context_v2
status,L. plantarum,GCF_001619265.1,,,,,,,,,,,,ad8389143129f15739e5c07ff32d0f06a029c5a21752047d37cf9e9ed8991fd1,reviewed_refs_competitive_blastp_context_v2
hit,L. plantarum,GCF_009913655.1,Fur,P54574,P1B9A3FF21_00926,28.873,142.0,149.0,160.0,95.30201342281879,9.89e-19,74.3,0.49865771812080534,ad8389143129f15739e5c07ff32d0f06a029c5a21752047d37cf9e9ed8991fd1,reviewed_refs_competitive_blastp_context_v2
hit,L. plantarum,GCF_009913655.1,Fur,P54574,P1B9A3FF21_01974,23.841,151.0,149.0,147.0,101.34228187919463,4.19e-09,48.9,0.32818791946308723,ad8389143129f15739e5c07ff32d0f06a029c5a21752047d37cf9e9ed8991fd1,reviewed_refs_competitive_blastp_context_v2
hit,L. plantarum,GCF_009913655.1,Zur,P54479,P1B9A3FF21_01974,36.364,143.0,145.0,147.0,98.62068965517241,4.54e-35,115.0,0.7931034482758621,ad8389143129f15739e5c07ff32d0f06a029c5a21752047d37cf9e9ed8991fd1,reviewed_refs_competitive_blastp_context_v2
hit,L. plantarum,GCF_009913655.1,Zur,P54479,P1B9A3FF21_00926,29.851,134.0,145.0,160.0,92.41379310344827,2.74e-17,70.5,0.4862068965517241,ad8389143129f15739e5c07ff32d0f06a029c5a21752047d37cf9e9ed8991fd1,reviewed_refs_competitive_blastp_context_v2
hit,L. plantarum,GCF_009913655.1,PerR,P71086,P1B9A3FF21_00926,46.528,144.0,145.0,160.0,99.3103448275862,9.66e-48,148.0,1.0206896551724138,ad8389143129f15739e5c07ff32d0f06a029c5a21752047d37cf9e9ed8991fd1,reviewed_refs_competitive_blastp_context_v2
hit,L. plantarum,GCF_009913655.1,PerR,P71086,P1B9A3FF21_01974,33.099,142.0,145.0,147.0,97.93103448275862,5.65e-23,85.1,0.5868965517241379,ad8389143129f15739e5c07ff32d0f06a029c5a21752047d37cf9e9ed8991fd1,reviewed_refs_competitive_blastp_context_v2
hit,L. plantarum,GCF_009913655.1,Spx,O31602,P1B9A3FF21_00151,67.176,131.0,131.0,132.0,100.0,1.68e-66,194.0,1.4809160305343512,ad8389143129f15739e5c07ff32d0f06a029c5a21752047d37cf9e9ed8991fd1,reviewed_refs_competitive_blastp_context_v2
hit,L. plantarum,GCF_009913655.1,Spx,O31602,P1B9A3FF21_01948,54.331,127.0,131.0,140.0,96.94656488549619,2.35e-39,125.0,0.9541984732824428,ad8389143129f15739e5c07ff32d0f06a029c5a21752047d37cf9e9ed8991fd1,reviewed_refs_competitive_blastp_context_v2
hit,L. plantarum,GCF_009913655.1,Spx,O31602,P1B9A3FF21_01003,46.825,126.0,131.0,134.0,96.18320610687023,4.32e-39,125.0,0.9541984732824428,ad8389143129f15739e5c07ff32d0f06a029c5a21752047d37cf9e9ed8991fd1,reviewed_refs_competitive_blastp_context_v2
hit,L. plantarum,GCF_009913655.1,Spx,O31602,P1B9A3FF21_01170,47.154,123.0,131.0,145.0,93.89312977099236,1.16e-38,124.0,0.9465648854961832,ad8389143129f15739e5c07ff32d0f06a029c5a21752047d37cf9e9ed8991fd1,reviewed_refs_competitive_blastp_context_v2
hit,L. plantarum,GCF_009913655.1,Spx,O31602,P1B9A3FF21_02894,42.857,126.0,131.0,133.0,96.18320610687023,2.41e-37,120.0,0.916030534351145,ad8389143129f15739e5c07ff32d0f06a029c5a21752047d37cf9e9ed8991fd1,reviewed_refs_competitive_blastp_context_v2
hit,L. plantarum,GCF_009913655.1,Spx,O31602,P1B9A3FF21_01825,30.137,73.0,131.0,76.0,55.725190839694655,1.2e-06,40.4,0.3083969465648855,ad8389143129f15739e5c07ff32d0f06a029c5a21752047d37cf9e9ed8991fd1,reviewed_refs_competitive_blastp_context_v2
hit,L. plantarum,GCF_009913655.1,MgsR,P54503,P1B9A3FF21_00151,44.828,116.0,126.0,132.0,92.06349206349206,1.44e-37,120.0,0.9523809523809523,ad8389143129f15739e5c07ff32d0f06a029c5a21752047d37cf9e9ed8991fd1,reviewed_refs_competitive_blastp_context_v2
hit,L. plantarum,GCF_009913655.1,MgsR,P54503,P1B9A3FF21_01170,41.284,109.0,126.0,145.0,86.5079365079365,9.06e-31,103.0,0.8174603174603174,ad8389143129f15739e5c07ff32d0f06a029c5a21752047d37cf9e9ed8991fd1,reviewed_refs_competitive_blastp_context_v2
hit,L. plantarum,GCF_009913655.1,MgsR,P54503,P1B9A3FF21_02894,39.45,109.0,126.0,133.0,86.5079365079365,3.97e-29,99.4,0.788888888888889,ad8389143129f15739e5c07ff32d0f06a029c5a21752047d37cf9e9ed8991fd1,reviewed_refs_competitive_blastp_context_v2
hit,L. plantarum,GCF_009913655.1,MgsR,P54503,P1B9A3FF21_01948,46.591,88.0,126.0,140.0,69.84126984126983,9.63e-26,91.3,0.7246031746031746,ad8389143129f15739e5c07ff32d0f06a029c5a21752047d37cf9e9ed8991fd1,reviewed_refs_competitive_blastp_context_v2
hit,L. plantarum,GCF_009913655.1,MgsR,P54503,P1B9A3FF21_01003,39.048,105.0,126.0,134.0,83.33333333333333,1.08e-24,88.2,0.7000000000000001,ad8389143129f15739e5c07ff32d0f06a029c5a21752047d37cf9e9ed8991fd1,reviewed_refs_competitive_blastp_context_v2
hit,L. plantarum,GCF_009913655.1,OhrR,O34777,P1B9A3FF21_02408,44.531,128.0,147.0,158.0,87.07482993197279,1.34e-30,104.0,0.7074829931972789,ad8389143129f15739e5c07ff32d0f06a029c5a21752047d37cf9e9ed8991fd1,reviewed_refs_competitive_blastp_context_v2
hit,L. plantarum,GCF_009913655.1,OhrR,O34777,P1B9A3FF21_01991,40.299,134.0,147.0,146.0,91.15646258503402,3.48e-28,98.2,0.6680272108843538,ad8389143129f15739e5c07ff32d0f06a029c5a21752047d37cf9e9ed8991fd1,reviewed_refs_competitive_blastp_context_v2
hit,L. plantarum,GCF_009913655.1,OhrR,O34777,P1B9A3FF21_02810,41.441,111.0,147.0,145.0,75.51020408163265,7.49e-25,89.7,0.610204081632653,ad8389143129f15739e5c07ff32d0f06a029c5a21752047d37cf9e9ed8991fd1,reviewed_refs_competitive_blastp_context_v2
hit,L. plantarum,GCF_009913655.1,OhrR,O34777,P1B9A3FF21_02914,31.959,97.0,147.0,145.0,65.98639455782313,4.09e-08,46.2,0.3142857142857143,ad8389143129f15739e5c07ff32d0f06a029c5a21752047d37cf9e9ed8991fd1,reviewed_refs_competitive_blastp_context_v2
hit,L. plantarum,GCF_009913655.1,Rex,O05521,P1B9A3FF21_01850,59.223,206.0,215.0,225.0,95.81395348837209,2.54e-89,259.0,1.2046511627906977,ad8389143129f15739e5c07ff32d0f06a029c5a21752047d37cf9e9ed8991fd1,reviewed_refs_competitive_blastp_context_v2
status,L. plantarum,GCF_009913655.1,,,,,,,,,,,,ad8389143129f15739e5c07ff32d0f06a029c5a21752047d37cf9e9ed8991fd1,reviewed_refs_competitive_blastp_context_v2
hit,L. plantarum,ZPZ,Fur,P54574,P1C1F7B07C_01997,28.873,142.0,149.0,160.0,95.30201342281879,1e-18,74.3,0.49865771812080534,ad8389143129f15739e5c07ff32d0f06a029c5a21752047d37cf9e9ed8991fd1,reviewed_refs_competitive_blastp_context_v2
hit,L. plantarum,ZPZ,Fur,P54574,P1C1F7B07C_00576,23.841,151.0,149.0,147.0,101.34228187919463,4.26e-09,48.9,0.32818791946308723,ad8389143129f15739e5c07ff32d0f06a029c5a21752047d37cf9e9ed8991fd1,reviewed_refs_competitive_blastp_context_v2
hit,L. plantarum,ZPZ,Zur,P54479,P1C1F7B07C_00576,36.364,143.0,145.0,147.0,98.62068965517241,4.61e-35,115.0,0.7931034482758621,ad8389143129f15739e5c07ff32d0f06a029c5a21752047d37cf9e9ed8991fd1,reviewed_refs_competitive_blastp_context_v2
hit,L. plantarum,ZPZ,Zur,P54479,P1C1F7B07C_01997,29.851,134.0,145.0,160.0,92.41379310344827,2.78e-17,70.5,0.4862068965517241,ad8389143129f15739e5c07ff32d0f06a029c5a21752047d37cf9e9ed8991fd1,reviewed_refs_competitive_blastp_context_v2
hit,L. plantarum,ZPZ,PerR,P71086,P1C1F7B07C_01997,46.528,144.0,145.0,160.0,99.3103448275862,9.81e-48,148.0,1.0206896551724138,ad8389143129f15739e5c07ff32d0f06a029c5a21752047d37cf9e9ed8991fd1,reviewed_refs_competitive_blastp_context_v2
hit,L. plantarum,ZPZ,PerR,P71086,P1C1F7B07C_00576,33.099,142.0,145.0,147.0,97.93103448275862,5.74e-23,85.1,0.5868965517241379,ad8389143129f15739e5c07ff32d0f06a029c5a21752047d37cf9e9ed8991fd1,reviewed_refs_competitive_blastp_context_v2
hit,L. plantarum,ZPZ,Spx,O31602,P1C1F7B07C_01152,67.176,131.0,131.0,132.0,100.0,1.71e-66,194.0,1.4809160305343512,ad8389143129f15739e5c07ff32d0f06a029c5a21752047d37cf9e9ed8991fd1,reviewed_refs_competitive_blastp_context_v2
hit,L. plantarum,ZPZ,Spx,O31602,P1C1F7B07C_00549,54.331,127.0,131.0,140.0,96.94656488549619,2.39e-39,125.0,0.9541984732824428,ad8389143129f15739e5c07ff32d0f06a029c5a21752047d37cf9e9ed8991fd1,reviewed_refs_competitive_blastp_context_v2
hit,L. plantarum,ZPZ,Spx,O31602,P1C1F7B07C_01361,46.825,126.0,131.0,134.0,96.18320610687023,4.39e-39,125.0,0.9541984732824428,ad8389143129f15739e5c07ff32d0f06a029c5a21752047d37cf9e9ed8991fd1,reviewed_refs_competitive_blastp_context_v2
hit,L. plantarum,ZPZ,Spx,O31602,P1C1F7B07C_00301,47.154,123.0,131.0,145.0,93.89312977099236,1.18e-38,124.0,0.9465648854961832,ad8389143129f15739e5c07ff32d0f06a029c5a21752047d37cf9e9ed8991fd1,reviewed_refs_competitive_blastp_context_v2
hit,L. plantarum,ZPZ,Spx,O31602,P1C1F7B07C_02378,42.857,126.0,131.0,133.0,96.18320610687023,2.44e-37,120.0,0.916030534351145,ad8389143129f15739e5c07ff32d0f06a029c5a21752047d37cf9e9ed8991fd1,reviewed_refs_competitive_blastp_context_v2
hit,L. plantarum,ZPZ,Spx,O31602,P1C1F7B07C_00424,30.137,73.0,131.0,76.0,55.725190839694655,1.22e-06,40.4,0.3083969465648855,ad8389143129f15739e5c07ff32d0f06a029c5a21752047d37cf9e9ed8991fd1,reviewed_refs_competitive_blastp_context_v2
hit,L. plantarum,ZPZ,MgsR,P54503,P1C1F7B07C_01152,44.828,116.0,126.0,132.0,92.06349206349206,1.47e-37,120.0,0.9523809523809523,ad8389143129f15739e5c07ff32d0f06a029c5a21752047d37cf9e9ed8991fd1,reviewed_refs_competitive_blastp_context_v2
hit,L. plantarum,ZPZ,MgsR,P54503,P1C1F7B07C_00301,41.284,109.0,126.0,145.0,86.5079365079365,9.2e-31,103.0,0.8174603174603174,ad8389143129f15739e5c07ff32d0f06a029c5a21752047d37cf9e9ed8991fd1,reviewed_refs_competitive_blastp_context_v2
hit,L. plantarum,ZPZ,MgsR,P54503,P1C1F7B07C_02378,39.45,109.0,126.0,133.0,86.5079365079365,4.04e-29,99.4,0.788888888888889,ad8389143129f15739e5c07ff32d0f06a029c5a21752047d37cf9e9ed8991fd1,reviewed_refs_competitive_blastp_context_v2
hit,L. plantarum,ZPZ,MgsR,P54503,P1C1F7B07C_00549,46.591,88.0,126.0,140.0,69.84126984126983,9.78e-26,91.3,0.7246031746031746,ad8389143129f15739e5c07ff32d0f06a029c5a21752047d37cf9e9ed8991fd1,reviewed_refs_competitive_blastp_context_v2
hit,L. plantarum,ZPZ,MgsR,P54503,P1C1F7B07C_01361,39.048,105.0,126.0,134.0,83.33333333333333,1.09e-24,88.2,0.7000000000000001,ad8389143129f15739e5c07ff32d0f06a029c5a21752047d37cf9e9ed8991fd1,reviewed_refs_competitive_blastp_context_v2
hit,L. plantarum,ZPZ,OhrR,O34777,P1C1F7B07C_02968,44.531,128.0,147.0,158.0,87.07482993197279,1.36e-30,104.0,0.7074829931972789,ad8389143129f15739e5c07ff32d0f06a029c5a21752047d37cf9e9ed8991fd1,reviewed_refs_competitive_blastp_context_v2
hit,L. plantarum,ZPZ,OhrR,O34777,P1C1F7B07C_00594,40.299,134.0,147.0,146.0,91.15646258503402,3.53e-28,98.2,0.6680272108843538,ad8389143129f15739e5c07ff32d0f06a029c5a21752047d37cf9e9ed8991fd1,reviewed_refs_competitive_blastp_context_v2
hit,L. plantarum,ZPZ,OhrR,O34777,P1C1F7B07C_01742,39.64,111.0,147.0,145.0,75.51020408163265,4.21e-23,85.1,0.5789115646258503,ad8389143129f15739e5c07ff32d0f06a029c5a21752047d37cf9e9ed8991fd1,reviewed_refs_competitive_blastp_context_v2
hit,L. plantarum,ZPZ,OhrR,O34777,P1C1F7B07C_02399,31.959,97.0,147.0,145.0,65.98639455782313,4.16e-08,46.2,0.3142857142857143,ad8389143129f15739e5c07ff32d0f06a029c5a21752047d37cf9e9ed8991fd1,reviewed_refs_competitive_blastp_context_v2
hit,L. plantarum,ZPZ,Rex,O05521,P1C1F7B07C_00454,59.223,206.0,215.0,225.0,95.81395348837209,2.58e-89,259.0,1.2046511627906977,ad8389143129f15739e5c07ff32d0f06a029c5a21752047d37cf9e9ed8991fd1,reviewed_refs_competitive_blastp_context_v2
status,L. plantarum,ZPZ,,,,,,,,,,,,ad8389143129f15739e5c07ff32d0f06a029c5a21752047d37cf9e9ed8991fd1,reviewed_refs_competitive_blastp_context_v2
